{ "compressionlevel":-1,
 "height":35,
 "infinite":false,
 "layers":[
        {
         "compression":"zlib",
         "data":"eJztmrEOwjAMRDsiVv5\/Y+nAN\/VXWECKrDj1+S40pRlOSBVO7l5dN0hsy7JsUxK9pihNjn043oyi69g6RKosv\/Dg1Xkcox7ZLAoOqv0zOVscM76yNUwPsWsqcnocf91bR\/WjsodbHNlMrK\/e81F573pyZOf2UfVKjtm17R7PHXl7MQyi+ypzjsZR8TxfnaNqNl6ZI8vwZdYahaNq\/jIc74UeH5XXFBxVOUfg2OJXMqyx9HiOxDGzB5PH8qkx9Fhanuj9Y3PWONrvZdZGny+EYYRlZp4wOT2ONebRe1Nej+Sp8chyvAP7KnO2OLZ6ODIDzsJRkRPpR09rUXfWfvx+frMgPCMc97yspsb6Gp1jzfsaWEPNsdbr5fWR3zOM9x4cWzMZyXPEuSfrfWSOHs+e5\/B\/5ljjGf1deGWOyNlgT8j7bXKcHCN+GIZn5mj9oHPKq80wRDlmvas5emdZJE+rJxB+KEfGO8oReZasL4bF3hqZGrX3KMepmCbHvhyncjr6\/6v\/pDf4\/OCx",
         "encoding":"base64",
         "height":35,
         "id":1,
         "name":"back",
         "opacity":0.5,
         "type":"tilelayer",
         "visible":true,
         "width":82,
         "x":0,
         "y":0
        }, 
        {
         "compression":"zlib",
         "data":"eJzt2FsKgzAQRuEU3EL364b66qJcRR1oYCgkOnpiY\/0PDPWh3j56UVNSVC\/NofGOal9yZJIjkxyZ5MgkRyY5MsmRSY5McmSSI5McmeTIJEcmOTLJkUmOTDXHLc+An4\/69NpybGNtIs+\/U2I+jz17RTPDPetR3+t\/sNxraJG\/j1e2PGJo0f8zV7Q8ami1+L++kiVhaLW67rmCJWVotbx+7NmSNLS+He9g2cLwjHuYnixpw7PrwfJXhmv3fFGb0vuHZabPa17eml8nLxf2PQY2i597rclN5Phy+fz9DG7W7m+HlW24fY6l4\/H7O7PvY446WmYZ8YqO3\/ZWQ8pybnA+d5s5rK5KvQExls\/d",
         "encoding":"base64",
         "height":35,
         "id":2,
         "name":"front",
         "opacity":1,
         "type":"tilelayer",
         "visible":true,
         "width":82,
         "x":0,
         "y":0
        }, 
        {
         "draworder":"topdown",
         "id":3,
         "name":"objects",
         "objects":[
                {
                 
                 "height":8,
                 "id":88888,
                 "name":"",
                 "properties":
                    {
                     "monster":"ruinundivided",
                     "parameters":"{\"uniqueId\" : \"ruinundivided\"}"
                    },
                 "propertytypes":
                    {
                     "monster":"string",
                     "parameters":"string"
                    },
                 "rotation":0,
                 "type":"",
                 "visible":true,
                 "width":8,
                 "x":320,
                 "y":208
                }, 
                {
                 
                 "height":8,
                 "id":2,
                 "name":"",
                 "properties":
                    {
                     "npc":"human",
                     "typeName":"khornate"
                    },
                 "propertytypes":
                    {
                     "npc":"string",
                     "typeName":"string"
                    },
                 "rotation":0,
                 "type":"",
                 "visible":true,
                 "width":8,
                 "x":152,
                 "y":216
                }, 
                {
                 
                 "height":8,
                 "id":3,
                 "name":"",
                 "properties":
                    {
                     "npc":"human",
                     "typeName":"khornate"
                    },
                 "propertytypes":
                    {
                     "npc":"string",
                     "typeName":"string"
                    },
                 "rotation":0,
                 "type":"",
                 "visible":true,
                 "width":8,
                 "x":504,
                 "y":216
                }, 
                {
                 "gid":248,
                 "height":40,
                 "id":4,
                 "name":"",
                 "rotation":0,
                 "type":"",
                 "visible":true,
                 "width":48,
                 "x":-8,
                 "y":264
                }, 
                {
                 "gid":248,
                 "height":40,
                 "id":5,
                 "name":"",
                 "rotation":0,
                 "type":"",
                 "visible":true,
                 "width":48,
                 "x":616,
                 "y":264
                }, 
                {
                 "gid":250,
                 "height":48,
                 "id":6,
                 "name":"",
                 "rotation":0,
                 "type":"",
                 "visible":true,
                 "width":32,
                 "x":176,
                 "y":64
                }, 
                {
                 "gid":250,
                 "height":48,
                 "id":7,
                 "name":"",
                 "rotation":0,
                 "type":"",
                 "visible":true,
                 "width":32,
                 "x":448,
                 "y":64
                }, 
                {
                 "gid":250,
                 "height":48,
                 "id":8,
                 "name":"",
                 "rotation":0,
                 "type":"",
                 "visible":true,
                 "width":32,
                 "x":584,
                 "y":64
                }, 
                {
                 "gid":250,
                 "height":48,
                 "id":9,
                 "name":"",
                 "rotation":0,
                 "type":"",
                 "visible":true,
                 "width":32,
                 "x":40,
                 "y":64
                }, 
                {
                 
                 "height":8,
                 "id":10,
                 "name":"",
                 "properties":
                    {
                     "npc":"human",
                     "typeName":"khornate"
                    },
                 "propertytypes":
                    {
                     "npc":"string",
                     "typeName":"string"
                    },
                 "rotation":0,
                 "type":"",
                 "visible":true,
                 "width":8,
                 "x":160,
                 "y":136
                }, 
                {
                 
                 "height":8,
                 "id":11,
                 "name":"",
                 "properties":
                    {
                     "npc":"human",
                     "typeName":"khornate"
                    },
                 "propertytypes":
                    {
                     "npc":"string",
                     "typeName":"string"
                    },
                 "rotation":0,
                 "type":"",
                 "visible":true,
                 "width":8,
                 "x":504,
                 "y":80
                }, 
                {
                 
                 "height":8,
                 "id":12,
                 "name":"",
                 "properties":
                    {
                     "npc":"human",
                     "typeName":"cultist"
                    },
                 "propertytypes":
                    {
                     "npc":"string",
                     "typeName":"string"
                    },
                 "rotation":0,
                 "type":"",
                 "visible":true,
                 "width":8,
                 "x":88,
                 "y":104
                }, 
                {
                 
                 "height":8,
                 "id":13,
                 "name":"",
                 "properties":
                    {
                     "npc":"human",
                     "typeName":"cultist"
                    },
                 "propertytypes":
                    {
                     "npc":"string",
                     "typeName":"string"
                    },
                 "rotation":0,
                 "type":"",
                 "visible":true,
                 "width":8,
                 "x":552,
                 "y":88
                }, 
                {
                 
                 "height":8,
                 "id":14,
                 "name":"",
                 "properties":
                    {
                     "npc":"human",
                     "typeName":"cultist"
                    },
                 "propertytypes":
                    {
                     "npc":"string",
                     "typeName":"string"
                    },
                 "rotation":0,
                 "type":"",
                 "visible":true,
                 "width":8,
                 "x":552,
                 "y":112
                }, 
                {
                 
                 "height":8,
                 "id":15,
                 "name":"",
                 "properties":
                    {
                     "npc":"human",
                     "typeName":"cultist"
                    },
                 "propertytypes":
                    {
                     "npc":"string",
                     "typeName":"string"
                    },
                 "rotation":0,
                 "type":"",
                 "visible":true,
                 "width":8,
                 "x":104,
                 "y":112
                }, 
                {
                 
                 "height":8,
                 "id":16,
                 "name":"",
                 "properties":
                    {
                     "npc":"human",
                     "typeName":"cultistgeneral"
                    },
                 "propertytypes":
                    {
                     "npc":"string",
                     "typeName":"string"
                    },
                 "rotation":0,
                 "type":"",
                 "visible":true,
                 "width":8,
                 "x":416,
                 "y":120
                }, 
                {
                 
                 "height":8,
                 "id":55,
                 "name":"",
                 "properties":
                    {
                     "npc":"human",
                     "typeName":"cultistgeneral"
                    },
                 "propertytypes":
                    {
                     "npc":"string",
                     "typeName":"string"
                    },
                 "rotation":0,
                 "type":"",
                 "visible":true,
                 "width":8,
                 "x":224,
                 "y":112
                }, 
                {
                 
                 "height":8,
                 "id":17,
                 "name":"",
                 "properties":
                    {
                     "npc":"human",
                     "typeName":"cultistscientist"
                    },
                 "propertytypes":
                    {
                     "npc":"string",
                     "typeName":"string"
                    },
                 "rotation":0,
                 "type":"",
                 "visible":true,
                 "width":8,
                 "x":408,
                 "y":200
                }, 
                {
                 
                 "height":8,
                 "id":18,
                 "name":"",
                 "properties":
                    {
                     "npc":"human",
                     "typeName":"cultistscientist"
                    },
                 "propertytypes":
                    {
                     "npc":"string",
                     "typeName":"string"
                    },
                 "rotation":0,
                 "type":"",
                 "visible":true,
                 "width":8,
                 "x":232,
                 "y":208
                }, 
                {
                 "gid":299,
                 "height":32,
                 "id":20,
                 "name":"",
                 "rotation":0,
                 "type":"",
                 "visible":true,
                 "width":24,
                 "x":104,
                 "y":48
                }, 
                {
                 "gid":299,
                 "height":32,
                 "id":21,
                 "name":"",
                 "rotation":0,
                 "type":"",
                 "visible":true,
                 "width":24,
                 "x":528,
                 "y":48
                }, 
                {
                 "gid":299,
                 "height":32,
                 "id":22,
                 "name":"",
                 "rotation":0,
                 "type":"",
                 "visible":true,
                 "width":24,
                 "x":240,
                 "y":48
                }, 
                {
                 "gid":299,
                 "height":32,
                 "id":23,
                 "name":"",
                 "rotation":0,
                 "type":"",
                 "visible":true,
                 "width":24,
                 "x":392,
                 "y":48
                }, 
                {
                 "gid":301,
                 "height":14,
                 "id":38,
                 "name":"",
                 "rotation":0,
                 "type":"",
                 "visible":true,
                 "width":8,
                 "x":168,
                 "y":80
                }, 
                {
                 "gid":301,
                 "height":14,
                 "id":39,
                 "name":"",
                 "rotation":0,
                 "type":"",
                 "visible":true,
                 "width":8,
                 "x":240,
                 "y":80
                }, 
                {
                 "gid":301,
                 "height":14,
                 "id":40,
                 "name":"",
                 "rotation":0,
                 "type":"",
                 "visible":true,
                 "width":8,
                 "x":104,
                 "y":176
                }, 
                {
                 "gid":301,
                 "height":14,
                 "id":41,
                 "name":"",
                 "rotation":0,
                 "type":"",
                 "visible":true,
                 "width":8,
                 "x":40,
                 "y":176
                }, 
                {
                 "gid":301,
                 "height":14,
                 "id":42,
                 "name":"",
                 "rotation":0,
                 "type":"",
                 "visible":true,
                 "width":8,
                 "x":40,
                 "y":136
                }, 
                {
                 "gid":301,
                 "height":14,
                 "id":43,
                 "name":"",
                 "rotation":0,
                 "type":"",
                 "visible":true,
                 "width":8,
                 "x":608,
                 "y":176
                }, 
                {
                 "gid":301,
                 "height":14,
                 "id":44,
                 "name":"",
                 "rotation":0,
                 "type":"",
                 "visible":true,
                 "width":8,
                 "x":608,
                 "y":136
                }, 
                {
                 "gid":301,
                 "height":14,
                 "id":45,
                 "name":"",
                 "rotation":0,
                 "type":"",
                 "visible":true,
                 "width":8,
                 "x":544,
                 "y":176
                }, 
                {
                 "gid":301,
                 "height":14,
                 "id":46,
                 "name":"",
                 "rotation":0,
                 "type":"",
                 "visible":true,
                 "width":8,
                 "x":480,
                 "y":80
                }, 
                {
                 "gid":301,
                 "height":14,
                 "id":47,
                 "name":"",
                 "rotation":0,
                 "type":"",
                 "visible":true,
                 "width":8,
                 "x":408,
                 "y":80
                }, 
                {
                 "gid":301,
                 "height":14,
                 "id":48,
                 "name":"",
                 "rotation":0,
                 "type":"",
                 "visible":true,
                 "width":8,
                 "x":408,
                 "y":248
                }, 
                {
                 "gid":301,
                 "height":14,
                 "id":49,
                 "name":"",
                 "rotation":0,
                 "type":"",
                 "visible":true,
                 "width":8,
                 "x":240,
                 "y":248
                }, 
                {
                 "gid":301,
                 "height":14,
                 "id":50,
                 "name":"",
                 "rotation":0,
                 "type":"",
                 "visible":true,
                 "width":8,
                 "x":240,
                 "y":184
                }, 
                {
                 "gid":301,
                 "height":14,
                 "id":51,
                 "name":"",
                 "rotation":0,
                 "type":"",
                 "visible":true,
                 "width":8,
                 "x":408,
                 "y":184
                }, 
                {
                 "gid":302,
                 "height":48,
                 "id":52,
                 "name":"",
                 "properties":
                    {
                     "parameters":"{\"treasurePools\": [\"occasusbarracksAltar\"]}"
                    },
                 "propertytypes":
                    {
                     "parameters":"string"
                    },
                 "rotation":0,
                 "type":"",
                 "visible":true,
                 "width":32,
                 "x":56,
                 "y":152
                }, 
                {
                 "gid":302,
                 "height":48,
                 "id":53,
                 "name":"",
                 "properties":
                    {
                     "parameters":"{\"treasurePools\": [\"occasusbarracksAltar\"]}",
                     "tilesetDirection":"left"
                    },
                 "propertytypes":
                    {
                     "parameters":"string",
                     "tilesetDirection":"string"
                    },
                 "rotation":0,
                 "type":"",
                 "visible":true,
                 "width":32,
                 "x":312,
                 "y":248
                }, 
                {
                 "gid":302,
                 "height":48,
                 "id":54,
                 "name":"",
                 "properties":
                    {
                     "parameters":"{\"treasurePools\": [\"occasusbarracksAltar\"]}",
                     "tilesetDirection":"left"
                    },
                 "propertytypes":
                    {
                     "parameters":"string",
                     "tilesetDirection":"string"
                    },
                 "rotation":0,
                 "type":"",
                 "visible":true,
                 "width":32,
                 "x":568,
                 "y":152
                }, 
                {
                 "height":8,
                 "id":57,
                 "name":"",
                 "properties":
                    {
                     "monster":"ruinundivided"
                    },
                 "propertytypes":
                    {
                     "monster":"string"
                    },
                 "rotation":0,
                 "type":"",
                 "visible":true,
                 "width":8,
                 "x":328,
                 "y":120
                }],
         "opacity":1,
         "type":"objectgroup",
         "visible":true,
         "x":0,
         "y":0
        }],
 "nextlayerid":4,
 "nextobjectid":58,
 "orientation":"orthogonal",
 "renderorder":"right-down",
 "tiledversion":"1.10.2",
 "tileheight":8,
 "tilesets":[
        {
         "firstgid":1,
         "source":"..\/..\/..\/..\/..\/Program Files (x86)\/Steam\/steamapps\/common\/Packed\/tilesets\/packed\/materials.json"
        }, 
        {
         "firstgid":198,
         "source":"..\/..\/..\/..\/..\/Program Files (x86)\/Steam\/steamapps\/common\/Starbound\/assets\/Packed\/tilesets\/packed\/miscellaneous.json"
        }, 
        {
         "firstgid":222,
         "source":"..\/..\/..\/..\/..\/Program Files (x86)\/Steam\/steamapps\/common\/Packed\/tilesets\/packed\/miscellaneous.json"
        }, 
        {
         "firstgid":246,
         "source":"..\/..\/..\/..\/..\/Program Files (x86)\/Steam\/steamapps\/common\/Packed\/tilesets\/packed\/objects-by-colonytag\/cultist.json"
        }, 
        {
         "firstgid":255,
         "source":"..\/..\/..\/..\/..\/Program Files (x86)\/Steam\/steamapps\/common\/Starbound\/assets\/Packed\/tilesets\/packed\/supports.json"
        }, 
        {
         "firstgid":292,
         "source":"..\/..\/..\/..\/..\/Program Files (x86)\/Steam\/steamapps\/common\/Packed\/tilesets\/packed\/objects-by-colonytag\/copper.json"
        }, 
        {
         "firstgid":301,
         "source":"..\/..\/..\/..\/..\/Program Files (x86)\/Steam\/steamapps\/common\/Starbound\/mods\/againandagain\/tilesets\/occasus\/occasus.json"
        }],
 "tilewidth":8,
 "type":"map",
 "version":1.1,
 "width":82
}