{ "compressionlevel":-1,
 "height":11,
 "infinite":false,
 "layers":[
        {
         "compression":"zlib",
         "data":"eJw7zsDAsHYUU4SPQzEu+ZUEMKn2DVfzsIUjNv1L0DApdowE89DDkRgzSXHrSDEPORxJMZMYs0eSeaPhOBqOg8m80fKROuaN1tfUMW+0\/Ugd8wiF4ygmDoPCEABvaVhZ",
         "encoding":"base64",
         "height":11,
         "id":1,
         "name":"back",
         "opacity":0.5,
         "type":"tilelayer",
         "visible":true,
         "width":82,
         "x":0,
         "y":0
        }, 
        {
         "compression":"zlib",
         "data":"eJxjYGBgWDuKKcIwgMweBaSB0XCkDhgNR+qA0XCkDhgNu1EwCkbBKBgF9ACXGAa+PzDUMSgMAYz9cy0=",
         "encoding":"base64",
         "height":11,
         "id":2,
         "name":"front",
         "opacity":1,
         "type":"tilelayer",
         "visible":true,
         "width":82,
         "x":0,
         "y":0
        }, 
        {
         "draworder":"topdown",
         "id":3,
         "name":"\u0421\u043b\u043e\u0439 \u043e\u0431\u044a\u0435\u043a\u0442\u043e\u0432 1",
         "objects":[
                {
                 "gid":204,
                 "height":8,
                 "id":2,
                 "name":"",
                 "properties":
                    {
                     "\/\/description":"",
                     "\/\/shortdescription":"",
                     "npc":"human",
                     "typeName":"cultist"
                    },
                 "propertytypes":
                    {
                     "\/\/description":"string",
                     "\/\/shortdescription":"string",
                     "npc":"string",
                     "typeName":"string"
                    },
                 "rotation":0,
                 "type":"",
                 "visible":true,
                 "width":8,
                 "x":160,
                 "y":64
                }, 
                {
                 "gid":204,
                 "height":8,
                 "id":4,
                 "name":"",
                 "properties":
                    {
                     "\/\/description":"",
                     "\/\/shortdescription":"",
                     "npc":"human",
                     "typeName":"khornate"
                    },
                 "propertytypes":
                    {
                     "\/\/description":"string",
                     "\/\/shortdescription":"string",
                     "npc":"string",
                     "typeName":"string"
                    },
                 "rotation":0,
                 "type":"",
                 "visible":true,
                 "width":8,
                 "x":288,
                 "y":48
                }, 
                {
                 "gid":204,
                 "height":8,
                 "id":5,
                 "name":"",
                 "properties":
                    {
                     "\/\/description":"",
                     "\/\/shortdescription":"",
                     "npc":"human",
                     "typeName":"cultist"
                    },
                 "propertytypes":
                    {
                     "\/\/description":"string",
                     "\/\/shortdescription":"string",
                     "npc":"string",
                     "typeName":"string"
                    },
                 "rotation":0,
                 "type":"",
                 "visible":true,
                 "width":8,
                 "x":472,
                 "y":32
                }, 
                {
                 "gid":222,
                 "height":14,
                 "id":16,
                 "name":"",
                 "rotation":0,
                 "type":"",
                 "visible":true,
                 "width":8,
                 "x":120,
                 "y":48
                }, 
                {
                 "gid":222,
                 "height":14,
                 "id":17,
                 "name":"",
                 "rotation":0,
                 "type":"",
                 "visible":true,
                 "width":8,
                 "x":48,
                 "y":48
                }, 
                {
                 "gid":222,
                 "height":14,
                 "id":18,
                 "name":"",
                 "rotation":0,
                 "type":"",
                 "visible":true,
                 "width":8,
                 "x":208,
                 "y":48
                }, 
                {
                 "gid":222,
                 "height":14,
                 "id":19,
                 "name":"",
                 "rotation":0,
                 "type":"",
                 "visible":true,
                 "width":8,
                 "x":280,
                 "y":48
                }, 
                {
                 "gid":222,
                 "height":14,
                 "id":20,
                 "name":"",
                 "rotation":0,
                 "type":"",
                 "visible":true,
                 "width":8,
                 "x":368,
                 "y":48
                }, 
                {
                 "gid":222,
                 "height":14,
                 "id":21,
                 "name":"",
                 "rotation":0,
                 "type":"",
                 "visible":true,
                 "width":8,
                 "x":440,
                 "y":48
                }, 
                {
                 "gid":222,
                 "height":14,
                 "id":22,
                 "name":"",
                 "rotation":0,
                 "type":"",
                 "visible":true,
                 "width":8,
                 "x":528,
                 "y":48
                }, 
                {
                 "gid":222,
                 "height":14,
                 "id":23,
                 "name":"",
                 "rotation":0,
                 "type":"",
                 "visible":true,
                 "width":8,
                 "x":600,
                 "y":48
                }],
         "opacity":1,
         "type":"objectgroup",
         "visible":true,
         "x":0,
         "y":0
        }],
 "nextlayerid":4,
 "nextobjectid":24,
 "orientation":"orthogonal",
 "renderorder":"right-down",
 "tiledversion":"1.10.2",
 "tileheight":8,
 "tilesets":[
        {
         "firstgid":1,
         "source":"..\/..\/..\/..\/..\/Program Files (x86)\/Steam\/steamapps\/common\/Packed\/tilesets\/packed\/materials.json"
        }, 
        {
         "firstgid":198,
         "source":"..\/..\/..\/..\/..\/Program Files (x86)\/Steam\/steamapps\/common\/Packed\/tilesets\/packed\/miscellaneous.json"
        }, 
        {
         "firstgid":222,
         "source":"..\/..\/..\/..\/..\/Program Files (x86)\/Steam\/steamapps\/common\/Starbound\/mods\/againandagain\/tilesets\/occasus\/occasus.json"
        }],
 "tilewidth":8,
 "type":"map",
 "version":1.1,
 "width":82
}