{ "compressionlevel":-1,
 "height":21,
 "infinite":false,
 "layers":[
        {
         "compression":"zlib",
         "data":"eJzdl0sOwyAMRGlu3k0W3It7RVGDhJA\/Y4xLksVIkQL2PMy3pJRKo\/3zU0m4ap9RjeSy+Inw7GG7k79I3tVeZrF44+RL5\/f3Ete2\/d\/2i+Kg4mdBlE+NA40peaoc0vhmIsa\/OHrfEh863q0Hql3vERWXd1f+Szxaffv8URxaLolFalelcVgZ0FiIt1n1GGWgvHrqgczDVfWwrg9tv1q5zq37lbRXZyZnBEefCzk\/LOc5Mk8jz0FOM+8lHg5v\/oh7opVjFsNT7rzo++Nu7xTPe\/AJ71pO20t0AJv3LQc=",
         "encoding":"base64",
         "height":21,
         "id":1,
         "name":"back",
         "opacity":0.5,
         "type":"tilelayer",
         "visible":true,
         "width":50,
         "x":0,
         "y":0
        }, 
        {
         "draworder":"topdown",
         "id":3,
         "name":"\u0421\u043b\u043e\u0439 \u043e\u0431\u044a\u0435\u043a\u0442\u043e\u0432 1",
         "objects":[
                {
                 "gid":457,
                 "height":39,
                 "id":1,
                 "name":"",
                 "rotation":0,
                 "type":"",
                 "visible":true,
                 "width":32,
                 "x":128,
                 "y":152
                }, 
                {
                 "gid":457,
                 "height":39,
                 "id":2,
                 "name":"",
                 "properties":
                    {
                     "tilesetDirection":"left"
                    },
                 "propertytypes":
                    {
                     "tilesetDirection":"string"
                    },
                 "rotation":0,
                 "type":"",
                 "visible":true,
                 "width":32,
                 "x":248,
                 "y":152
                }],
         "opacity":1,
         "type":"objectgroup",
         "visible":true,
         "x":0,
         "y":0
        }, 
        {
         "compression":"zlib",
         "data":"eJzrYmRg6BomeKiDUX8MLjDqj8EFRv0xuMCoPwYXGG7+2DnE8XCLj6EORv0xuMCoPwYXGG7+oCYmp9wfKn1aATrYAQDwfG7O",
         "encoding":"base64",
         "height":21,
         "id":2,
         "name":"front",
         "opacity":1,
         "type":"tilelayer",
         "visible":true,
         "width":50,
         "x":0,
         "y":0
        }],
 "nextlayerid":4,
 "nextobjectid":3,
 "orientation":"orthogonal",
 "renderorder":"right-down",
 "tiledversion":"1.10.2",
 "tileheight":8,
 "tilesets":[
        {
         "firstgid":1,
         "source":"..\/..\/..\/..\/..\/Program Files (x86)\/Steam\/steamapps\/common\/Packed\/tilesets\/packed\/miscellaneous.json"
        }, 
        {
         "firstgid":25,
         "source":"..\/..\/..\/..\/..\/Program Files (x86)\/Steam\/steamapps\/common\/Starbound\/assets\/Packed\/tilesets\/packed\/materials.json"
        }, 
        {
         "firstgid":222,
         "source":"..\/..\/..\/..\/..\/Program Files (x86)\/Steam\/steamapps\/common\/Packed\/tilesets\/packed\/materials.json"
        }, 
        {
         "firstgid":419,
         "source":"..\/..\/..\/..\/..\/Program Files (x86)\/Steam\/steamapps\/common\/Starbound\/assets\/Packed\/tilesets\/packed\/supports.json"
        }, 
        {
         "firstgid":456,
         "source":"..\/..\/..\/..\/..\/Program Files (x86)\/Steam\/steamapps\/common\/Packed\/tilesets\/packed\/objects-by-colonytag\/cultist.json"
        }],
 "tilewidth":8,
 "type":"map",
 "version":1.1,
 "width":50
}