{ "compressionlevel":-1,
 "height":21,
 "infinite":false,
 "layers":[
        {
         "compression":"zlib",
         "data":"eJzdl0EOwyAMBKE\/zyUHHpHf5F9V1SBZK69ZA+qhh5WqlJgd20C4Sym30Vm\/ugvX9QjfmVU0F0p5R4n\/eX4ZFuZNGZNlmxmjyPNp\/XtarV3EshJH8ZdlyTLv6m87b1SH\/vt43muPVnsx4miB3x06gaU\/bw5f5KlzMAaWq1Z9eflWegxl47WBJybmsecP+wHjHoKQFf17uYhypzJgbGSxfaJwdBbrU11HI5ZonPV7VL8XMgwoLyeWVfGmsqBPHD\/L0OWtMzbXSm9Fa3JnPWzOlL7KrHf7nPUBrp8MA9s32P6s+I\/26lZjBranznBgPOX8yJznyBDtWdFZMdpTs98xGY7R2YVniJdP2\/uKV6\/eO+qhxMWeQZ\/4\/yhP3rweQ7YmmTXGPM7EUO8fv7inKN+Nqscd98bdtczMxfT6E70BUYw9UA==",
         "encoding":"base64",
         "height":21,
         "id":1,
         "name":"back",
         "opacity":0.5,
         "type":"tilelayer",
         "visible":true,
         "width":50,
         "x":0,
         "y":0
        }, 
        {
         "draworder":"topdown",
         "id":3,
         "name":"objects",
         "objects":[
                {
                 "gid":457,
                 "height":39,
                 "id":1,
                 "name":"",
                 "rotation":0,
                 "type":"",
                 "visible":true,
                 "width":32,
                 "x":128,
                 "y":152
                }, 
                {
                 "gid":457,
                 "height":39,
                 "id":2,
                 "name":"",
                 "properties":
                    {
                     "tilesetDirection":"left"
                    },
                 "propertytypes":
                    {
                     "tilesetDirection":"string"
                    },
                 "rotation":0,
                 "type":"",
                 "visible":true,
                 "width":32,
                 "x":248,
                 "y":152
                }],
         "opacity":1,
         "type":"objectgroup",
         "visible":true,
         "x":0,
         "y":0
        }, 
        {
         "compression":"zlib",
         "data":"eJzrYmRg6BomeKiDUX8MLjDqj8EFRv0xuMCoPwYXGG7+2EkEHihAjNuGW3wMdTDqj8EFRv0xuMBw8wc1MTHlPXq5P1T6tAJ0sAMA9XRZAg==",
         "encoding":"base64",
         "height":21,
         "id":2,
         "name":"front",
         "opacity":1,
         "type":"tilelayer",
         "visible":true,
         "width":50,
         "x":0,
         "y":0
        }],
 "nextlayerid":4,
 "nextobjectid":3,
 "orientation":"orthogonal",
 "renderorder":"right-down",
 "tiledversion":"1.10.2",
 "tileheight":8,
 "tilesets":[
        {
         "firstgid":1,
         "source":"..\/..\/..\/..\/..\/Program Files (x86)\/Steam\/steamapps\/common\/Packed\/tilesets\/packed\/miscellaneous.json"
        }, 
        {
         "firstgid":25,
         "source":"..\/..\/..\/..\/..\/Program Files (x86)\/Steam\/steamapps\/common\/Starbound\/assets\/Packed\/tilesets\/packed\/materials.json"
        }, 
        {
         "firstgid":222,
         "source":"..\/..\/..\/..\/..\/Program Files (x86)\/Steam\/steamapps\/common\/Packed\/tilesets\/packed\/materials.json"
        }, 
        {
         "firstgid":419,
         "source":"..\/..\/..\/..\/..\/Program Files (x86)\/Steam\/steamapps\/common\/Starbound\/assets\/Packed\/tilesets\/packed\/supports.json"
        }, 
        {
         "firstgid":456,
         "source":"..\/..\/..\/..\/..\/Program Files (x86)\/Steam\/steamapps\/common\/Packed\/tilesets\/packed\/objects-by-colonytag\/cultist.json"
        }],
 "tilewidth":8,
 "type":"map",
 "version":1.1,
 "width":50
}