{ "compressionlevel":-1,
 "height":21,
 "infinite":false,
 "layers":[
        {
         "compression":"zlib",
         "data":"eJzdl0sOwyAMRGlu3k0W3It7RVGDhJA\/Y4xLksVIkQL2PMy3pJRKo\/3zU0m4ap9RjeSy+Inw7GG7k79I3tVeZrF44+RL5\/f3Ete2\/d\/2i+Kg4mdBlE+NA40peaoc0vhmIsa\/OHrfEh863q0Hql3vERWXd1f+Szxaffv8URxaLolFalelcVgZ0FiIt1n1GGWgvHrqgczDVfWwrg9tv1q5zq37lbRXZyZnBEefCzk\/LOc5Mk8jz0FOM+8lHg5v\/oh7opVjFsNT7rzo++Nu7xTPe\/AJ71pO20t0AJv3LQc=",
         "encoding":"base64",
         "height":21,
         "id":1,
         "name":"back",
         "opacity":0.5,
         "type":"tilelayer",
         "visible":true,
         "width":50,
         "x":0,
         "y":0
        }, 
        {
         "draworder":"topdown",
         "id":3,
         "name":"\u0421\u043b\u043e\u0439 \u043e\u0431\u044a\u0435\u043a\u0442\u043e\u0432 1",
         "objects":[
                {
                 "gid":468,
                 "height":24,
                 "id":3,
                 "name":"",
                 "rotation":0,
                 "type":"",
                 "visible":true,
                 "width":56,
                 "x":336,
                 "y":152
                }, 
                {
                 "gid":468,
                 "height":24,
                 "id":4,
                 "name":"",
                 "rotation":0,
                 "type":"",
                 "visible":true,
                 "width":56,
                 "x":336,
                 "y":128
                }, 
                {
                 "gid":468,
                 "height":24,
                 "id":6,
                 "name":"",
                 "properties":
                    {
                     "tilesetDirection":"left"
                    },
                 "propertytypes":
                    {
                     "tilesetDirection":"string"
                    },
                 "rotation":0,
                 "type":"",
                 "visible":true,
                 "width":56,
                 "x":8,
                 "y":152
                }, 
                {
                 "gid":468,
                 "height":24,
                 "id":7,
                 "name":"",
                 "properties":
                    {
                     "tilesetDirection":"left"
                    },
                 "propertytypes":
                    {
                     "tilesetDirection":"string"
                    },
                 "rotation":0,
                 "type":"",
                 "visible":true,
                 "width":56,
                 "x":8,
                 "y":128
                }, 
                {
                 "gid":468,
                 "height":24,
                 "id":8,
                 "name":"",
                 "properties":
                    {
                     "tilesetDirection":"left"
                    },
                 "propertytypes":
                    {
                     "tilesetDirection":"string"
                    },
                 "rotation":0,
                 "type":"",
                 "visible":true,
                 "width":56,
                 "x":8,
                 "y":104
                }, 
                {
                 "gid":468,
                 "height":24,
                 "id":9,
                 "name":"",
                 "properties":
                    {
                     "tilesetDirection":"left"
                    },
                 "propertytypes":
                    {
                     "tilesetDirection":"string"
                    },
                 "rotation":0,
                 "type":"",
                 "visible":true,
                 "width":56,
                 "x":8,
                 "y":80
                }, 
                {
                 "gid":468,
                 "height":24,
                 "id":10,
                 "name":"",
                 "properties":
                    {
                     "tilesetDirection":"left"
                    },
                 "propertytypes":
                    {
                     "tilesetDirection":"string"
                    },
                 "rotation":0,
                 "type":"",
                 "visible":true,
                 "width":56,
                 "x":8,
                 "y":56
                }, 
                {
                 "gid":468,
                 "height":24,
                 "id":11,
                 "name":"",
                 "properties":
                    {
                     "tilesetDirection":"left"
                    },
                 "propertytypes":
                    {
                     "tilesetDirection":"string"
                    },
                 "rotation":0,
                 "type":"",
                 "visible":true,
                 "width":56,
                 "x":8,
                 "y":32
                }, 
                {
                 "gid":611,
                 "height":20,
                 "id":12,
                 "name":"",
                 "rotation":0,
                 "type":"",
                 "visible":true,
                 "width":32,
                 "x":152,
                 "y":40
                }, 
                {
                 "gid":611,
                 "height":20,
                 "id":13,
                 "name":"",
                 "properties":
                    {
                     "tilesetDirection":"left"
                    },
                 "propertytypes":
                    {
                     "tilesetDirection":"string"
                    },
                 "rotation":0,
                 "type":"",
                 "visible":true,
                 "width":32,
                 "x":216,
                 "y":40
                }, 
                {
                 "gid":597,
                 "height":16,
                 "id":14,
                 "name":"",
                 "rotation":0,
                 "type":"",
                 "visible":true,
                 "width":32,
                 "x":184,
                 "y":40
                }, 
                {
                 "gid":779,
                 "height":32,
                 "id":15,
                 "name":"",
                 "rotation":0,
                 "type":"",
                 "visible":true,
                 "width":24,
                 "x":208,
                 "y":80
                }, 
                {
                 "gid":779,
                 "height":32,
                 "id":16,
                 "name":"",
                 "rotation":0,
                 "type":"",
                 "visible":true,
                 "width":24,
                 "x":168,
                 "y":80
                }, 
                {
                 "gid":849,
                 "height":14,
                 "id":18,
                 "name":"",
                 "rotation":0,
                 "type":"",
                 "visible":true,
                 "width":8,
                 "x":176,
                 "y":136
                }, 
                {
                 "gid":849,
                 "height":14,
                 "id":19,
                 "name":"",
                 "rotation":0,
                 "type":"",
                 "visible":true,
                 "width":8,
                 "x":216,
                 "y":136
                }, 
                {
                 "gid":849,
                 "height":14,
                 "id":20,
                 "name":"",
                 "rotation":0,
                 "type":"",
                 "visible":true,
                 "width":8,
                 "x":328,
                 "y":24
                }, 
                {
                 "gid":849,
                 "height":14,
                 "id":21,
                 "name":"",
                 "rotation":0,
                 "type":"",
                 "visible":true,
                 "width":8,
                 "x":64,
                 "y":24
                }, 
                {
                 "gid":849,
                 "height":14,
                 "id":22,
                 "name":"",
                 "rotation":0,
                 "type":"",
                 "visible":true,
                 "width":8,
                 "x":144,
                 "y":24
                }, 
                {
                 "gid":849,
                 "height":14,
                 "id":23,
                 "name":"",
                 "rotation":0,
                 "type":"",
                 "visible":true,
                 "width":8,
                 "x":248,
                 "y":24
                }, 
                {
                 "gid":849,
                 "height":14,
                 "id":24,
                 "name":"",
                 "rotation":0,
                 "type":"",
                 "visible":true,
                 "width":8,
                 "x":72,
                 "y":104
                }, 
                {
                 "gid":849,
                 "height":14,
                 "id":25,
                 "name":"",
                 "rotation":0,
                 "type":"",
                 "visible":true,
                 "width":8,
                 "x":320,
                 "y":104
                }, 
                {
                 "gid":468,
                 "height":24,
                 "id":26,
                 "name":"",
                 "rotation":0,
                 "type":"",
                 "visible":true,
                 "width":56,
                 "x":336,
                 "y":104
                }, 
                {
                 "gid":468,
                 "height":24,
                 "id":27,
                 "name":"",
                 "rotation":0,
                 "type":"",
                 "visible":true,
                 "width":56,
                 "x":336,
                 "y":80
                }, 
                {
                 "gid":468,
                 "height":24,
                 "id":28,
                 "name":"",
                 "rotation":0,
                 "type":"",
                 "visible":true,
                 "width":56,
                 "x":336,
                 "y":56
                }, 
                {
                 "gid":468,
                 "height":24,
                 "id":29,
                 "name":"",
                 "rotation":0,
                 "type":"",
                 "visible":true,
                 "width":56,
                 "x":336,
                 "y":32
                }, 
                {
                 "gid":1020,
                 "height":40,
                 "id":31,
                 "name":"",
                 "properties":
                    {
                     "parameters":"{\"treasurePools\": [\"occasusbarrackslocker\"]}",
                     "tilesetDirection":"left"
                    },
                 "propertytypes":
                    {
                     "parameters":"string",
                     "tilesetDirection":"string"
                    },
                 "rotation":0,
                 "type":"",
                 "visible":true,
                 "width":32,
                 "x":304,
                 "y":152
                }, 
                {
                 "gid":1020,
                 "height":40,
                 "id":32,
                 "name":"",
                 "properties":
                    {
                     "parameters":"{\"treasurePools\": [\"occasusbarrackslocker\"]}",
                     "tilesetDirection":"right"
                    },
                 "propertytypes":
                    {
                     "parameters":"string",
                     "tilesetDirection":"string"
                    },
                 "rotation":0,
                 "type":"",
                 "visible":true,
                 "width":32,
                 "x":64,
                 "y":152
                }],
         "opacity":1,
         "type":"objectgroup",
         "visible":true,
         "x":0,
         "y":0
        }, 
        {
         "compression":"zlib",
         "data":"eJztl1EOgCAMQ+EGnpsbeQcP5TcJM93aGRSa8GWse0i30Gop7Sfr69occ2kljrPiy5tLjzfLYbFlKeLNnKsMlqgnmw8lC+OlyLmChfVAOEaZZPKK9IfRM5YDVWRPVedSPT88dSmzlTEHkfrUvS5rnj\/NxIx+vfr\/uIx3ovmw\/FDtftWLqUfBor5XsvNv9jvt8cI3bm5pj2k=",
         "encoding":"base64",
         "height":21,
         "id":2,
         "name":"front",
         "opacity":1,
         "type":"tilelayer",
         "visible":true,
         "width":50,
         "x":0,
         "y":0
        }],
 "nextlayerid":4,
 "nextobjectid":33,
 "orientation":"orthogonal",
 "renderorder":"right-down",
 "tiledversion":"1.10.2",
 "tileheight":8,
 "tilesets":[
        {
         "firstgid":1,
         "source":"..\/..\/..\/..\/..\/Program Files (x86)\/Steam\/steamapps\/common\/Packed\/tilesets\/packed\/miscellaneous.json"
        }, 
        {
         "firstgid":25,
         "source":"..\/..\/..\/..\/..\/Program Files (x86)\/Steam\/steamapps\/common\/Starbound\/assets\/Packed\/tilesets\/packed\/materials.json"
        }, 
        {
         "firstgid":222,
         "source":"..\/..\/..\/..\/..\/Program Files (x86)\/Steam\/steamapps\/common\/Packed\/tilesets\/packed\/materials.json"
        }, 
        {
         "firstgid":419,
         "source":"..\/..\/..\/..\/..\/Program Files (x86)\/Steam\/steamapps\/common\/Starbound\/assets\/Packed\/tilesets\/packed\/supports.json"
        }, 
        {
         "firstgid":456,
         "source":"..\/..\/..\/..\/..\/Program Files (x86)\/Steam\/steamapps\/common\/Packed\/tilesets\/packed\/objects-by-colonytag\/cultist.json"
        }, 
        {
         "firstgid":465,
         "source":"..\/..\/..\/..\/..\/Program Files (x86)\/Steam\/steamapps\/common\/Packed\/tilesets\/packed\/objects-by-colonytag\/lunarbase.json"
        }, 
        {
         "firstgid":489,
         "source":"..\/..\/..\/..\/..\/Program Files (x86)\/Steam\/steamapps\/common\/Packed\/tilesets\/packed\/objects-by-colonytag\/humanbunker.json"
        }, 
        {
         "firstgid":561,
         "source":"..\/..\/..\/..\/..\/Program Files (x86)\/Steam\/steamapps\/common\/Starbound\/assets\/Packed\/tilesets\/packed\/objects-by-race\/human.json"
        }, 
        {
         "firstgid":849,
         "source":"..\/..\/..\/..\/..\/Program Files (x86)\/Steam\/steamapps\/common\/Starbound\/mods\/againandagain\/tilesets\/occasus\/occasus.json"
        }, 
        {
         "firstgid":851,
         "source":"..\/..\/..\/..\/..\/Program Files (x86)\/Steam\/steamapps\/common\/Packed\/tilesets\/packed\/objects-by-colonytag\/human.json"
        }],
 "tilewidth":8,
 "type":"map",
 "version":1.1,
 "width":50
}