{ "compressionlevel":-1,
 "height":21,
 "infinite":false,
 "layers":[
        {
         "compression":"zlib",
         "data":"eJzdlzGOhDAMRZO9OQ1FDjG3oZ4CrsA9ZhBY+2X52w5Zmi2+hCYm\/i+xSWYppSyguZ5aSl77oHpyZfxJjBfb6\/F9CX\/bLvWyZfzpmEOS73hm+TZHbyXNkOGxfDEWLy7i0FqTwnUY4UCWiGMr9vrLb62een2fp3rqeLaE4\/LekxxNsSCD5Efths+Ig83Vql2nzeFgDGw+lvcuB87r+cbc0f546zJf+a04zZDVi6wP9iXzxXii\/cX8szF+l2MneyE5PW+aJVOXFoeMrzcYRKtRR1P95dDeelisuAnmx3pudZzDymXth8WRqS3df5rlKQ5WV1YfZfod\/WKf694c6fPdWGNkkNzIkTlTkIX1ytMcel\/0c885qPciqlM5J3vOD8agv\/f6O3znXoJid6JRDnb\/zPr6Kw68s0QcVq2OcGTu7YyD5c3ch3Wc9572GzEwFism8mf59MTmizyy8d44zZb5T9TruUc\/\/0QfSkSfxA==",
         "encoding":"base64",
         "height":21,
         "id":1,
         "name":"back",
         "opacity":0.5,
         "type":"tilelayer",
         "visible":true,
         "width":50,
         "x":0,
         "y":0
        }, 
        {
         "compression":"zlib",
         "data":"eJztV8ERACAIqg2au43arg26RPCy8s6vQipar6X0Szy7fR5n2edxlt3GYyR3az1GYO0suZC+iuBizYHOh5ILEtsz5wouaEyvXjG5eGK9qleKt2TUlLkHETysvmTvcwsu5mwp7pIdfGytU91XK5wKvWb\/K1GdyfKnbQE5Jh9UoGU=",
         "encoding":"base64",
         "height":21,
         "id":2,
         "name":"front",
         "opacity":1,
         "type":"tilelayer",
         "visible":true,
         "width":50,
         "x":0,
         "y":0
        }, 
        {
         "draworder":"topdown",
         "id":3,
         "name":"objects",
         "objects":[
                {
                 "gid":457,
                 "height":39,
                 "id":1,
                 "name":"",
                 "rotation":0,
                 "type":"",
                 "visible":true,
                 "width":32,
                 "x":152,
                 "y":104
                }, 
                {
                 "gid":457,
                 "height":39,
                 "id":2,
                 "name":"",
                 "properties":
                    {
                     "tilesetDirection":"left"
                    },
                 "propertytypes":
                    {
                     "tilesetDirection":"string"
                    },
                 "rotation":0,
                 "type":"",
                 "visible":true,
                 "width":32,
                 "x":216,
                 "y":104
                }, 
                {
                 "gid":619,
                 "height":40,
                 "id":3,
                 "name":"",
                 "rotation":0,
                 "type":"",
                 "visible":true,
                 "width":32,
                 "x":8,
                 "y":152
                }, 
                {
                 "gid":619,
                 "height":40,
                 "id":4,
                 "name":"",
                 "rotation":0,
                 "type":"",
                 "visible":true,
                 "width":32,
                 "x":40,
                 "y":152
                }, 
                {
                 "gid":619,
                 "height":40,
                 "id":5,
                 "name":"",
                 "rotation":0,
                 "type":"",
                 "visible":true,
                 "width":32,
                 "x":72,
                 "y":152
                }, 
                {
                 "gid":619,
                 "height":40,
                 "id":6,
                 "name":"",
                 "rotation":0,
                 "type":"",
                 "visible":true,
                 "width":32,
                 "x":104,
                 "y":152
                }, 
                {
                 "gid":619,
                 "height":40,
                 "id":7,
                 "name":"",
                 "properties":
                    {
                     "tilesetDirection":"left"
                    },
                 "propertytypes":
                    {
                     "tilesetDirection":"string"
                    },
                 "rotation":0,
                 "type":"",
                 "visible":true,
                 "width":32,
                 "x":360,
                 "y":152
                }, 
                {
                 "gid":619,
                 "height":40,
                 "id":8,
                 "name":"",
                 "properties":
                    {
                     "tilesetDirection":"left"
                    },
                 "propertytypes":
                    {
                     "tilesetDirection":"string"
                    },
                 "rotation":0,
                 "type":"",
                 "visible":true,
                 "width":32,
                 "x":328,
                 "y":152
                }, 
                {
                 "gid":619,
                 "height":40,
                 "id":9,
                 "name":"",
                 "properties":
                    {
                     "tilesetDirection":"left"
                    },
                 "propertytypes":
                    {
                     "tilesetDirection":"string"
                    },
                 "rotation":0,
                 "type":"",
                 "visible":true,
                 "width":32,
                 "x":296,
                 "y":152
                }, 
                {
                 "gid":619,
                 "height":40,
                 "id":10,
                 "name":"",
                 "properties":
                    {
                     "tilesetDirection":"left"
                    },
                 "propertytypes":
                    {
                     "tilesetDirection":"string"
                    },
                 "rotation":0,
                 "type":"",
                 "visible":true,
                 "width":32,
                 "x":264,
                 "y":152
                }, 
                {
                 "gid":619,
                 "height":40,
                 "id":11,
                 "name":"",
                 "rotation":0,
                 "type":"",
                 "visible":true,
                 "width":32,
                 "x":8,
                 "y":104
                }, 
                {
                 "gid":619,
                 "height":40,
                 "id":12,
                 "name":"",
                 "rotation":0,
                 "type":"",
                 "visible":true,
                 "width":32,
                 "x":40,
                 "y":104
                }, 
                {
                 "gid":619,
                 "height":40,
                 "id":13,
                 "name":"",
                 "properties":
                    {
                     "tilesetDirection":"left"
                    },
                 "propertytypes":
                    {
                     "tilesetDirection":"string"
                    },
                 "rotation":0,
                 "type":"",
                 "visible":true,
                 "width":32,
                 "x":360,
                 "y":104
                }, 
                {
                 "gid":619,
                 "height":40,
                 "id":14,
                 "name":"",
                 "properties":
                    {
                     "tilesetDirection":"left"
                    },
                 "propertytypes":
                    {
                     "tilesetDirection":"string"
                    },
                 "rotation":0,
                 "type":"",
                 "visible":true,
                 "width":32,
                 "x":328,
                 "y":104
                }, 
                {
                 "gid":619,
                 "height":40,
                 "id":15,
                 "name":"",
                 "rotation":0,
                 "type":"",
                 "visible":true,
                 "width":32,
                 "x":8,
                 "y":56
                }, 
                {
                 "gid":619,
                 "height":40,
                 "id":16,
                 "name":"",
                 "rotation":0,
                 "type":"",
                 "visible":true,
                 "width":32,
                 "x":40,
                 "y":56
                }, 
                {
                 "gid":619,
                 "height":40,
                 "id":17,
                 "name":"",
                 "rotation":0,
                 "type":"",
                 "visible":true,
                 "width":32,
                 "x":72,
                 "y":56
                }, 
                {
                 "gid":619,
                 "height":40,
                 "id":18,
                 "name":"",
                 "rotation":0,
                 "type":"",
                 "visible":true,
                 "width":32,
                 "x":104,
                 "y":56
                }, 
                {
                 "gid":619,
                 "height":40,
                 "id":19,
                 "name":"",
                 "properties":
                    {
                     "tilesetDirection":"left"
                    },
                 "propertytypes":
                    {
                     "tilesetDirection":"string"
                    },
                 "rotation":0,
                 "type":"",
                 "visible":true,
                 "width":32,
                 "x":360,
                 "y":56
                }, 
                {
                 "gid":619,
                 "height":40,
                 "id":20,
                 "name":"",
                 "properties":
                    {
                     "tilesetDirection":"left"
                    },
                 "propertytypes":
                    {
                     "tilesetDirection":"string"
                    },
                 "rotation":0,
                 "type":"",
                 "visible":true,
                 "width":32,
                 "x":328,
                 "y":56
                }, 
                {
                 "gid":619,
                 "height":40,
                 "id":21,
                 "name":"",
                 "properties":
                    {
                     "tilesetDirection":"left"
                    },
                 "propertytypes":
                    {
                     "tilesetDirection":"string"
                    },
                 "rotation":0,
                 "type":"",
                 "visible":true,
                 "width":32,
                 "x":296,
                 "y":56
                }, 
                {
                 "gid":619,
                 "height":40,
                 "id":22,
                 "name":"",
                 "properties":
                    {
                     "tilesetDirection":"left"
                    },
                 "propertytypes":
                    {
                     "tilesetDirection":"string"
                    },
                 "rotation":0,
                 "type":"",
                 "visible":true,
                 "width":32,
                 "x":264,
                 "y":56
                }, 
                {
                 "gid":712,
                 "height":14,
                 "id":23,
                 "name":"",
                 "rotation":0,
                 "type":"",
                 "visible":true,
                 "width":8,
                 "x":320,
                 "y":80
                }, 
                {
                 "gid":712,
                 "height":14,
                 "id":24,
                 "name":"",
                 "rotation":0,
                 "type":"",
                 "visible":true,
                 "width":8,
                 "x":72,
                 "y":80
                }, 
                {
                 "gid":712,
                 "height":14,
                 "id":25,
                 "name":"",
                 "rotation":0,
                 "type":"",
                 "visible":true,
                 "width":8,
                 "x":136,
                 "y":24
                }, 
                {
                 "gid":712,
                 "height":14,
                 "id":26,
                 "name":"",
                 "rotation":0,
                 "type":"",
                 "visible":true,
                 "width":8,
                 "x":256,
                 "y":24
                }, 
                {
                 "gid":712,
                 "height":14,
                 "id":27,
                 "name":"",
                 "rotation":0,
                 "type":"",
                 "visible":true,
                 "width":8,
                 "x":256,
                 "y":152
                }, 
                {
                 "gid":712,
                 "height":14,
                 "id":28,
                 "name":"",
                 "rotation":0,
                 "type":"",
                 "visible":true,
                 "width":8,
                 "x":136,
                 "y":152
                }],
         "opacity":1,
         "type":"objectgroup",
         "visible":true,
         "x":0,
         "y":0
        }],
 "nextlayerid":4,
 "nextobjectid":29,
 "orientation":"orthogonal",
 "renderorder":"right-down",
 "tiledversion":"1.10.2",
 "tileheight":8,
 "tilesets":[
        {
         "firstgid":1,
         "source":"..\/..\/..\/..\/..\/Program Files (x86)\/Steam\/steamapps\/common\/Packed\/tilesets\/packed\/miscellaneous.json"
        }, 
        {
         "firstgid":25,
         "source":"..\/..\/..\/..\/..\/Program Files (x86)\/Steam\/steamapps\/common\/Starbound\/assets\/Packed\/tilesets\/packed\/materials.json"
        }, 
        {
         "firstgid":222,
         "source":"..\/..\/..\/..\/..\/Program Files (x86)\/Steam\/steamapps\/common\/Packed\/tilesets\/packed\/materials.json"
        }, 
        {
         "firstgid":419,
         "source":"..\/..\/..\/..\/..\/Program Files (x86)\/Steam\/steamapps\/common\/Starbound\/assets\/Packed\/tilesets\/packed\/supports.json"
        }, 
        {
         "firstgid":456,
         "source":"..\/..\/..\/..\/..\/Program Files (x86)\/Steam\/steamapps\/common\/Packed\/tilesets\/packed\/objects-by-colonytag\/cultist.json"
        }, 
        {
         "firstgid":465,
         "source":"..\/..\/..\/..\/..\/Program Files (x86)\/Steam\/steamapps\/common\/Packed\/tilesets\/packed\/objects-by-colonytag\/human.json"
        }, 
        {
         "firstgid":712,
         "source":"..\/..\/..\/..\/..\/Program Files (x86)\/Steam\/steamapps\/common\/Starbound\/mods\/againandagain\/tilesets\/occasus\/occasus.json"
        }],
 "tilewidth":8,
 "type":"map",
 "version":1.1,
 "width":50
}