{ "compressionlevel":-1,
 "height":7,
 "infinite":false,
 "layers":[
        {
         "compression":"zlib",
         "data":"eJxjYmBgYBzEWHAQuAEbZhrFgxIPJjDQYTFYw4VagNIwGegyZCiUdcjhxTuIw24w4qGS7gYjRg4vADdkAqY=",
         "encoding":"base64",
         "height":7,
         "id":2,
         "name":"back",
         "opacity":0.45,
         "type":"tilelayer",
         "visible":true,
         "width":79,
         "x":0,
         "y":0
        }, 
        {
         "compression":"zlib",
         "data":"eJxjYmBgYBzFJGMmKD46iknGtAy7gU4XyHgwhR057icFDIXwRQ+7gU4fQwEjhx3vaLiRFX68DIh0N9DuGUoYlu4AHmJ13w==",
         "encoding":"base64",
         "height":7,
         "id":1,
         "name":"front",
         "opacity":1,
         "type":"tilelayer",
         "visible":true,
         "width":79,
         "x":0,
         "y":0
        }],
 "nextlayerid":3,
 "nextobjectid":1,
 "orientation":"orthogonal",
 "renderorder":"right-down",
 "tiledversion":"1.10.2",
 "tileheight":8,
 "tilesets":[
        {
         "firstgid":1,
         "source":"..\/..\/..\/..\/..\/Program Files (x86)\/Steam\/steamapps\/common\/Packed\/tilesets\/packed\/miscellaneous.json"
        }, 
        {
         "firstgid":25,
         "source":"..\/..\/..\/..\/..\/Program Files (x86)\/Steam\/steamapps\/common\/Packed\/tilesets\/packed\/materials.json"
        }],
 "tilewidth":8,
 "type":"map",
 "version":"1.10",
 "width":79
}