{ "compressionlevel":-1,
 "height":13,
 "infinite":false,
 "layers":[
        {
         "compression":"zlib",
         "data":"eJxjYmBgYBrFWPFRKuCh6u7B5l+Q2WsHAI\/6adRPw9FPTETaTyomZCYt\/UOMn2iBae0nevuLHv6hl9\/o7RdseDDXq8MBAwBtJdPW",
         "encoding":"base64",
         "height":13,
         "id":2,
         "name":"back",
         "opacity":0.58,
         "type":"tilelayer",
         "visible":true,
         "width":53,
         "x":0,
         "y":0
        }, 
        {
         "compression":"zlib",
         "data":"eJxjYKAPEKCTPTBwlHjcgIYx1LzHgQnJUQuT6idKw41S\/aN+Gl5+4iVBD6VuolQ\/Kf7BYQZ6edBAqZso1U\/lMMZZztG73KMmoDSuKHEPLfwDNZeiNEium2gVR0jmk52\/SHUTpWlOkDS7kP1Fl\/xEC39QA\/DR0S4AYbvB\/A==",
         "encoding":"base64",
         "height":13,
         "id":3,
         "name":"front",
         "opacity":1,
         "type":"tilelayer",
         "visible":true,
         "width":53,
         "x":0,
         "y":0
        }],
 "nextlayerid":5,
 "nextobjectid":1,
 "orientation":"orthogonal",
 "renderorder":"right-down",
 "tiledversion":"1.10.2",
 "tileheight":8,
 "tilesets":[
        {
         "firstgid":1,
         "source":"..\/..\/..\/..\/..\/Program Files (x86)\/Steam\/steamapps\/common\/Packed\/tilesets\/packed\/miscellaneous.json"
        }, 
        {
         "firstgid":25,
         "source":"..\/..\/..\/..\/..\/Program Files (x86)\/Steam\/steamapps\/common\/Packed\/tilesets\/packed\/materials.json"
        }, 
        {
         "firstgid":226,
         "source":"..\/..\/..\/..\/..\/Program Files (x86)\/Steam\/steamapps\/common\/Packed\/tilesets\/packed\/supports.json"
        }],
 "tilewidth":8,
 "type":"map",
 "version":"1.10",
 "width":53
}