{ "compressionlevel":-1,
 "height":12,
 "infinite":false,
 "layers":[
        {
         "compression":"zlib",
         "data":"eJx7w8DA8GaY47VQPBUHJiS3dtSto24dALdSgkfDddSto27F7dahkLcGAgMAMlqo6g==",
         "encoding":"base64",
         "height":12,
         "id":2,
         "name":"back",
         "opacity":0.45,
         "type":"tilelayer",
         "visible":true,
         "width":43,
         "x":0,
         "y":0
        }, 
        {
         "compression":"zlib",
         "data":"eJx7w8DA8IYG+AeNzCUWr8WCcQFCcuh4JLsVm3up4VZ6pYOh5NbLODAhOXq4Fd29lIYrLd056lb6uJcSt9LDnchupSRv0cuthPB3GpgJAFj3bU8=",
         "encoding":"base64",
         "height":12,
         "id":3,
         "name":"front",
         "opacity":1,
         "type":"tilelayer",
         "visible":true,
         "width":43,
         "x":0,
         "y":0
        }],
 "nextlayerid":5,
 "nextobjectid":3,
 "orientation":"orthogonal",
 "renderorder":"right-down",
 "tiledversion":"1.10.2",
 "tileheight":8,
 "tilesets":[
        {
         "firstgid":1,
         "source":"..\/..\/..\/..\/..\/Program Files (x86)\/Steam\/steamapps\/common\/Packed\/tilesets\/packed\/materials.json"
        }, 
        {
         "firstgid":198,
         "source":"..\/..\/..\/..\/..\/Program Files (x86)\/Steam\/steamapps\/common\/Packed\/tilesets\/packed\/supports.json"
        }, 
        {
         "firstgid":235,
         "source":"..\/..\/..\/..\/..\/Program Files (x86)\/Steam\/steamapps\/common\/Packed\/tilesets\/packed\/miscellaneous.json"
        }],
 "tilewidth":8,
 "type":"map",
 "version":"1.10",
 "width":43
}