{ "compressionlevel":-1,
 "height":25,
 "infinite":false,
 "layers":[
        {
         "compression":"zlib",
         "data":"eJw7zsDAcHwUj+JRPIpH8SgexTTDAHK3cU0=",
         "encoding":"base64",
         "height":25,
         "id":2,
         "name":"back",
         "opacity":0.47,
         "type":"tilelayer",
         "visible":true,
         "width":19,
         "x":0,
         "y":0
        }, 
        {
         "compression":"zlib",
         "data":"eJztkDEOACAIA\/3\/Txz8jO9xcDWE0jZxMpIwiORa2hqvKexkNYxWWD00mn3WZzmsZbIW8eSwKm8j7J1vNGesTN\/JDGWFbqwyQ9qMlXnLMqnyQpkxT8q\/wqpujCymq7IUDmOhHF9n3egNYW3nTw==",
         "encoding":"base64",
         "height":25,
         "id":1,
         "name":"front",
         "opacity":1,
         "type":"tilelayer",
         "visible":true,
         "width":19,
         "x":0,
         "y":0
        }],
 "nextlayerid":3,
 "nextobjectid":1,
 "orientation":"orthogonal",
 "renderorder":"right-down",
 "tiledversion":"1.10.2",
 "tileheight":8,
 "tilesets":[
        {
         "firstgid":1,
         "source":"..\/..\/..\/..\/..\/Program Files (x86)\/Steam\/steamapps\/common\/Packed\/tilesets\/packed\/materials.json"
        }, 
        {
         "firstgid":198,
         "source":"..\/..\/..\/..\/..\/Program Files (x86)\/Steam\/steamapps\/common\/Packed\/tilesets\/packed\/miscellaneous.json"
        }, 
        {
         "firstgid":222,
         "source":"..\/..\/..\/..\/..\/Program Files (x86)\/Steam\/steamapps\/common\/Packed\/tilesets\/packed\/objects-by-colonytag\/novakid.json"
        }],
 "tilewidth":8,
 "type":"map",
 "version":"1.10",
 "width":19
}