{ "compressionlevel":-1,
 "height":9,
 "infinite":false,
 "layers":[
        {
         "compression":"zlib",
         "data":"eJw7zsDAcHwIYWRACz1r8WBc6lfiwej6CKnHpY8UDACp11NM",
         "encoding":"base64",
         "height":9,
         "id":2,
         "name":"back",
         "opacity":0.39,
         "type":"tilelayer",
         "visible":true,
         "width":13,
         "x":0,
         "y":0
        }, 
        {
         "compression":"zlib",
         "data":"eJxjYBgF6GAtFkyKXnLsIxVcxSMHABZJBZE=",
         "encoding":"base64",
         "height":9,
         "id":3,
         "name":"front",
         "opacity":1,
         "type":"tilelayer",
         "visible":true,
         "width":13,
         "x":0,
         "y":0
        }, 
        {
         "draworder":"topdown",
         "id":4,
         "name":"objects",
         "objects":[
                {
                 "gid":223,
                 "height":16,
                 "id":2,
                 "name":"",
                 "rotation":0,
                 "type":"",
                 "visible":true,
                 "width":24,
                 "x":40,
                 "y":40
                }],
         "opacity":1,
         "type":"objectgroup",
         "visible":true,
         "x":0,
         "y":0
        }],
 "nextlayerid":5,
 "nextobjectid":3,
 "orientation":"orthogonal",
 "renderorder":"right-down",
 "tiledversion":"1.10.2",
 "tileheight":8,
 "tilesets":[
        {
         "firstgid":1,
         "source":"..\/..\/..\/..\/..\/Program Files (x86)\/Steam\/steamapps\/common\/Packed\/tilesets\/packed\/materials.json"
        }, 
        {
         "firstgid":198,
         "source":"..\/..\/..\/..\/..\/Program Files (x86)\/Steam\/steamapps\/common\/Packed\/tilesets\/packed\/miscellaneous.json"
        }, 
        {
         "firstgid":222,
         "source":"..\/..\/..\/..\/..\/Program Files (x86)\/Steam\/steamapps\/common\/Packed\/tilesets\/packed\/objects-by-colonytag\/wave.json"
        }],
 "tilewidth":8,
 "type":"map",
 "version":"1.10",
 "width":13
}