{ "compressionlevel":-1,
 "height":12,
 "infinite":false,
 "layers":[
        {
         "compression":"zlib",
         "data":"eJx7w8DA8IbKeC0anooDE5JDxujmk2smPjcPVjPRw4IaeKj4faiYSes4ohYGAA0Wtfk=",
         "encoding":"base64",
         "height":12,
         "id":3,
         "name":"back",
         "opacity":0.54,
         "type":"tilelayer",
         "visible":true,
         "width":21,
         "x":0,
         "y":0
        }, 
        {
         "compression":"zlib",
         "data":"eJx7w8DA8IYI\/J1IdTC8FgnjAoTkYBib2eSaic+9g9lM5PC4jAMTkhsNz6EbR9TKmwBKcoM5",
         "encoding":"base64",
         "height":12,
         "id":2,
         "name":"front",
         "opacity":1,
         "type":"tilelayer",
         "visible":true,
         "width":21,
         "x":0,
         "y":0
        }],
 "nextlayerid":5,
 "nextobjectid":6,
 "orientation":"orthogonal",
 "renderorder":"right-down",
 "tiledversion":"1.10.2",
 "tileheight":8,
 "tilesets":[
        {
         "firstgid":1,
         "source":"..\/..\/..\/..\/..\/Program Files (x86)\/Steam\/steamapps\/common\/Packed\/tilesets\/packed\/materials.json"
        }, 
        {
         "firstgid":198,
         "source":"..\/..\/..\/..\/..\/Program Files (x86)\/Steam\/steamapps\/common\/Packed\/tilesets\/packed\/supports.json"
        }, 
        {
         "firstgid":235,
         "source":"..\/..\/..\/..\/..\/Program Files (x86)\/Steam\/steamapps\/common\/Packed\/tilesets\/packed\/miscellaneous.json"
        }],
 "tilewidth":8,
 "type":"map",
 "version":"1.10",
 "width":21
}