{ "compressionlevel":-1,
 "height":24,
 "infinite":false,
 "layers":[
        {
         "compression":"zlib",
         "data":"eJxjYmBgYKIyfgXEl3BgQnIjyaxXVMSD1Y+D1azRsB81C1uaoIZZ1Exbo+mLfLOogQHfSCYA",
         "encoding":"base64",
         "height":24,
         "id":2,
         "name":"back",
         "opacity":0.48,
         "type":"tilelayer",
         "visible":true,
         "width":19,
         "x":0,
         "y":0
        }, 
        {
         "compression":"zlib",
         "data":"eJxjYmBgYCKA+YlQg4xfMeAGhORGklmvkLAaDkxI7hUWMyl110gwazTsR82ih1mUgFGzKDMLHxYgUh0AcdQ6hg==",
         "encoding":"base64",
         "height":24,
         "id":3,
         "name":"front",
         "opacity":1,
         "type":"tilelayer",
         "visible":true,
         "width":19,
         "x":0,
         "y":0
        }, 
        {
         "draworder":"topdown",
         "id":5,
         "name":"objects",
         "objects":[],
         "opacity":1,
         "type":"objectgroup",
         "visible":true,
         "x":0,
         "y":0
        }],
 "nextlayerid":6,
 "nextobjectid":4,
 "orientation":"orthogonal",
 "renderorder":"right-down",
 "tiledversion":"1.10.2",
 "tileheight":8,
 "tilesets":[
        {
         "firstgid":1,
         "source":"..\/..\/..\/..\/..\/Program Files (x86)\/Steam\/steamapps\/common\/Packed\/tilesets\/packed\/miscellaneous.json"
        }, 
        {
         "firstgid":25,
         "source":"..\/..\/..\/..\/..\/Program Files (x86)\/Steam\/steamapps\/common\/Packed\/tilesets\/packed\/supports.json"
        }, 
        {
         "firstgid":62,
         "source":"..\/..\/..\/..\/..\/Program Files (x86)\/Steam\/steamapps\/common\/Packed\/tilesets\/packed\/materials.json"
        }, 
        {
         "firstgid":259,
         "source":"..\/..\/..\/..\/..\/Program Files (x86)\/Steam\/steamapps\/common\/Packed\/tilesets\/packed\/objects-by-category\/door.json"
        }],
 "tilewidth":8,
 "type":"map",
 "version":"1.10",
 "width":19
}