{ "compressionlevel":-1,
 "height":13,
 "infinite":false,
 "layers":[
        {
         "compression":"zlib",
         "data":"eJxjYmBgYBrFWPFRKuCh6u7B5l+Q2ZmM9Mejfhr103D0ExMRfiIn\/xMyk5b+IcZPtMC09hO9\/UUP\/9DLb\/T2CzY8mOtVWmEGOtoFAH4MnJs=",
         "encoding":"base64",
         "height":13,
         "id":2,
         "name":"back",
         "opacity":0.58,
         "type":"tilelayer",
         "visible":true,
         "width":53,
         "x":0,
         "y":0
        }, 
        {
         "compression":"zlib",
         "data":"eJxjYKAPEKCTPTBwlHjcgIYx1NxnxI4JyVELk+onSsONUv2jfhpefuIlQQ+lbqJUPyn+wWEGennQQKmbKNVP5TDGWc7Ru9yjJqA0rihxDy38AzWXojRIrptoFUdI5pOdv0h1E6VpTpA0u5D9RZf8RAt\/UAPw0dEuAJcSv+A=",
         "encoding":"base64",
         "height":13,
         "id":3,
         "name":"front",
         "opacity":1,
         "type":"tilelayer",
         "visible":true,
         "width":53,
         "x":0,
         "y":0
        }],
 "nextlayerid":5,
 "nextobjectid":1,
 "orientation":"orthogonal",
 "renderorder":"right-down",
 "tiledversion":"1.10.2",
 "tileheight":8,
 "tilesets":[
        {
         "firstgid":1,
         "source":"..\/..\/..\/..\/..\/Program Files (x86)\/Steam\/steamapps\/common\/Packed\/tilesets\/packed\/miscellaneous.json"
        }, 
        {
         "firstgid":25,
         "source":"..\/..\/..\/..\/..\/Program Files (x86)\/Steam\/steamapps\/common\/Packed\/tilesets\/packed\/materials.json"
        }, 
        {
         "firstgid":222,
         "source":"..\/..\/..\/..\/..\/Program Files (x86)\/Steam\/steamapps\/common\/Packed\/tilesets\/packed\/supports.json"
        }, 
        {
         "firstgid":259,
         "source":"..\/..\/..\/..\/..\/Program Files (x86)\/Steam\/steamapps\/common\/Starbound\/assets\/Packed\/tilesets\/packed\/materials.json"
        }, 
        {
         "firstgid":456,
         "source":"..\/..\/..\/..\/..\/Program Files (x86)\/Steam\/steamapps\/common\/Starbound\/assets\/Packed\/tilesets\/packed\/supports.json"
        }],
 "tilewidth":8,
 "type":"map",
 "version":1.1,
 "width":53
}