{ "compressionlevel":-1,
 "height":13,
 "infinite":false,
 "layers":[
        {
         "compression":"zlib",
         "data":"eJxjYmBgYKIDFqCTPdTER6mAh6q7B5t\/QWavHQA86qdRPw1HPzERaT+pmJCZtPQPMX6iBaa1n+jtL3r4h15+o7dfsOHBXK\/SCjPQ0S4A\/VXT4g==",
         "encoding":"base64",
         "height":13,
         "id":2,
         "name":"back",
         "opacity":0.58,
         "type":"tilelayer",
         "visible":true,
         "width":53,
         "x":0,
         "y":0
        }, 
        {
         "compression":"zlib",
         "data":"eJxjYBie4CjxuAENY6h5jQMTkqMWJtVPlIYbpfpH\/TS8\/MRLgh5K3USpflL8g8MM9PKggVI3UaqfymGMs5yjd7lHTUBpXFHiHlr4B2ouRWmQXDfRKo6QzCc7f5HqJkrTnCBpdiH7iy75iRb+oAbgo6NdANs\/wVw=",
         "encoding":"base64",
         "height":13,
         "id":3,
         "name":"front",
         "opacity":1,
         "type":"tilelayer",
         "visible":true,
         "width":53,
         "x":0,
         "y":0
        }],
 "nextlayerid":5,
 "nextobjectid":1,
 "orientation":"orthogonal",
 "renderorder":"right-down",
 "tiledversion":"1.10.2",
 "tileheight":8,
 "tilesets":[
        {
         "firstgid":1,
         "source":"..\/..\/..\/..\/..\/Program Files (x86)\/Steam\/steamapps\/common\/Packed\/tilesets\/packed\/miscellaneous.json"
        }, 
        {
         "firstgid":25,
         "source":"..\/..\/..\/..\/..\/Program Files (x86)\/Steam\/steamapps\/common\/Packed\/tilesets\/packed\/materials.json"
        }, 
        {
         "firstgid":222,
         "source":"..\/..\/..\/..\/..\/Program Files (x86)\/Steam\/steamapps\/common\/Packed\/tilesets\/packed\/supports.json"
        }],
 "tilewidth":8,
 "type":"map",
 "version":"1.10",
 "width":53
}