{ "compressionlevel":-1,
 "height":13,
 "infinite":false,
 "layers":[
        {
         "compression":"zlib",
         "data":"eJw7zsDAcJwMDANrGbADZHFsenBhbHrwqUfWh64Hl3uQ+UNJz1osatDlkOOImHBDj1eQ2Eo8GF0PIfW49JGCAQZjU20=",
         "encoding":"base64",
         "height":13,
         "id":1,
         "name":"back",
         "opacity":0.5,
         "type":"tilelayer",
         "visible":true,
         "width":13,
         "x":0,
         "y":0
        }, 
        {
         "compression":"zlib",
         "data":"eJxjYBgFwxGsJQETMoccu0kFV\/HIAQABVgmf",
         "encoding":"base64",
         "height":13,
         "id":2,
         "name":"front",
         "opacity":1,
         "type":"tilelayer",
         "visible":true,
         "width":13,
         "x":0,
         "y":0
        }, 
        {
         "draworder":"topdown",
         "id":4,
         "name":"objects",
         "objects":[
                {
                 "gid":245,
                 "height":8,
                 "id":14,
                 "name":"",
                 "rotation":0,
                 "type":"",
                 "visible":true,
                 "width":8,
                 "x":80,
                 "y":88
                }, 
                {
                 "gid":245,
                 "height":8,
                 "id":15,
                 "name":"",
                 "rotation":0,
                 "type":"",
                 "visible":true,
                 "width":8,
                 "x":16,
                 "y":88
                }, 
                {
                 "gid":245,
                 "height":8,
                 "id":16,
                 "name":"",
                 "rotation":0,
                 "type":"",
                 "visible":true,
                 "width":8,
                 "x":8,
                 "y":88
                }, 
                {
                 "gid":245,
                 "height":8,
                 "id":17,
                 "name":"",
                 "rotation":0,
                 "type":"",
                 "visible":true,
                 "width":8,
                 "x":8,
                 "y":96
                }, 
                {
                 "gid":245,
                 "height":8,
                 "id":18,
                 "name":"",
                 "rotation":0,
                 "type":"",
                 "visible":true,
                 "width":8,
                 "x":0,
                 "y":96
                }, 
                {
                 "gid":245,
                 "height":8,
                 "id":19,
                 "name":"",
                 "rotation":0,
                 "type":"",
                 "visible":true,
                 "width":8,
                 "x":88,
                 "y":88
                }, 
                {
                 "gid":245,
                 "height":8,
                 "id":20,
                 "name":"",
                 "rotation":0,
                 "type":"",
                 "visible":true,
                 "width":8,
                 "x":88,
                 "y":96
                }, 
                {
                 "gid":245,
                 "height":8,
                 "id":21,
                 "name":"",
                 "rotation":0,
                 "type":"",
                 "visible":true,
                 "width":8,
                 "x":96,
                 "y":96
                }, 
                {
                 "gid":222,
                 "height":64,
                 "id":22,
                 "name":"",
                 "rotation":0,
                 "type":"",
                 "visible":true,
                 "width":72,
                 "x":16,
                 "y":72
                }],
         "opacity":1,
         "type":"objectgroup",
         "visible":true,
         "x":0,
         "y":0
        }],
 "nextlayerid":5,
 "nextobjectid":23,
 "orientation":"orthogonal",
 "renderorder":"right-down",
 "tiledversion":"1.10.2",
 "tileheight":8,
 "tilesets":[
        {
         "firstgid":1,
         "source":"..\/..\/..\/..\/..\/Program Files (x86)\/Steam\/steamapps\/common\/Packed\/tilesets\/packed\/materials.json"
        }, 
        {
         "firstgid":198,
         "source":"..\/..\/..\/..\/..\/Program Files (x86)\/Steam\/steamapps\/common\/Packed\/tilesets\/packed\/miscellaneous.json"
        }, 
        {
         "firstgid":222,
         "source":"..\/..\/..\/..\/..\/Program Files (x86)\/Steam\/steamapps\/common\/Starbound\/mods\/againandagain\/tilesets\/moogCity\/moogCity.json"
        }, 
        {
         "firstgid":223,
         "source":"..\/..\/..\/..\/..\/Program Files (x86)\/Steam\/steamapps\/common\/Packed\/tilesets\/packed\/supports.json"
        }],
 "tilewidth":8,
 "type":"map",
 "version":1.1,
 "width":13
}