{ "compressionlevel":-1,
 "height":11,
 "infinite":false,
 "layers":[
        {
         "compression":"zlib",
         "data":"eJzF0jEOACAMAkBSn+v\/d9fGqCA2cWCi4ZYGgEjprT6BfX54VW7eY96rudpjnmue9ph3ayp7Su\/+hesx09lTe+ff3X42lVt2o8TdGZLUPQ0=",
         "encoding":"base64",
         "height":11,
         "id":1,
         "name":"back",
         "opacity":0.5,
         "type":"tilelayer",
         "visible":true,
         "width":28,
         "x":0,
         "y":0
        }, 
        {
         "compression":"zlib",
         "data":"eJxjYBgFo2AUjBSQzUwcnoWGcYkRwuQCATL1AQD8hA2R",
         "encoding":"base64",
         "height":11,
         "id":2,
         "name":"front",
         "opacity":1,
         "type":"tilelayer",
         "visible":true,
         "width":28,
         "x":0,
         "y":0
        }, 
        {
         "draworder":"topdown",
         "id":3,
         "name":"objects",
         "objects":[
                {
                 "gid":280,
                 "height":40,
                 "id":1,
                 "name":"",
                 "rotation":0,
                 "type":"",
                 "visible":true,
                 "width":80,
                 "x":0,
                 "y":72
                }, 
                {
                 "gid":966,
                 "height":16,
                 "id":8,
                 "name":"",
                 "rotation":0,
                 "type":"",
                 "visible":true,
                 "width":24,
                 "x":152,
                 "y":72
                }, 
                {
                 "gid":966,
                 "height":16,
                 "id":9,
                 "name":"",
                 "rotation":0,
                 "type":"",
                 "visible":true,
                 "width":24,
                 "x":176,
                 "y":72
                }, 
                {
                 "gid":966,
                 "height":16,
                 "id":10,
                 "name":"",
                 "rotation":0,
                 "type":"",
                 "visible":true,
                 "width":24,
                 "x":160,
                 "y":56
                }, 
                {
                 "gid":966,
                 "height":16,
                 "id":12,
                 "name":"",
                 "rotation":0,
                 "type":"",
                 "visible":true,
                 "width":24,
                 "x":184,
                 "y":56
                }, 
                {
                 "gid":966,
                 "height":16,
                 "id":13,
                 "name":"",
                 "rotation":0,
                 "type":"",
                 "visible":true,
                 "width":24,
                 "x":200,
                 "y":72
                }, 
                {
                 "gid":1193,
                 "height":8,
                 "id":23,
                 "name":"",
                 "properties":
                    {
                     "npc":"novakid",
                     "typeName":"merchant"
                    },
                 "propertytypes":
                    {
                     "npc":"string",
                     "typeName":"string"
                    },
                 "rotation":0,
                 "type":"",
                 "visible":true,
                 "width":8,
                 "x":112,
                 "y":32
                }, 
                {
                 "gid":1199,
                 "height":40,
                 "id":24,
                 "name":"",
                 "rotation":0,
                 "type":"",
                 "visible":true,
                 "width":40,
                 "x":168,
                 "y":40
                }, 
                {
                 "gid":1207,
                 "height":40,
                 "id":28,
                 "name":"",
                 "rotation":0,
                 "type":"",
                 "visible":true,
                 "width":16,
                 "x":112,
                 "y":72
                }],
         "opacity":1,
         "type":"objectgroup",
         "visible":true,
         "x":0,
         "y":0
        }],
 "nextlayerid":4,
 "nextobjectid":29,
 "orientation":"orthogonal",
 "renderorder":"right-down",
 "tiledversion":"1.10.2",
 "tileheight":8,
 "tilesets":[
        {
         "firstgid":1,
         "source":"..\/..\/..\/..\/..\/Program Files (x86)\/Steam\/steamapps\/common\/Packed\/tilesets\/packed\/miscellaneous.json"
        }, 
        {
         "firstgid":25,
         "source":"..\/..\/..\/..\/..\/Program Files (x86)\/Steam\/steamapps\/common\/Starbound\/assets\/Packed\/tilesets\/packed\/materials.json"
        }, 
        {
         "firstgid":222,
         "source":"..\/..\/..\/..\/..\/Program Files (x86)\/Steam\/steamapps\/common\/Packed\/tilesets\/packed\/objects-by-colonytag\/human.json"
        }, 
        {
         "firstgid":469,
         "source":"..\/..\/..\/..\/..\/Program Files (x86)\/Steam\/steamapps\/common\/Starbound\/assets\/Packed\/tilesets\/packed\/objects-by-category\/storage.json"
        }, 
        {
         "firstgid":703,
         "source":"..\/..\/..\/..\/..\/Program Files (x86)\/Steam\/steamapps\/common\/Packed\/tilesets\/packed\/materials.json"
        }, 
        {
         "firstgid":900,
         "source":"..\/..\/..\/..\/..\/Program Files (x86)\/Steam\/steamapps\/common\/Packed\/tilesets\/packed\/supports.json"
        }, 
        {
         "firstgid":937,
         "source":"..\/..\/..\/..\/..\/Program Files (x86)\/Steam\/steamapps\/common\/Packed\/tilesets\/packed\/objects-by-category\/storage.json"
        }, 
        {
         "firstgid":1171,
         "source":"..\/..\/..\/..\/..\/Program Files (x86)\/Steam\/steamapps\/common\/Starbound\/assets\/Packed\/tilesets\/packed\/miscellaneous.json"
        }, 
        {
         "firstgid":1195,
         "source":"..\/..\/..\/..\/..\/Program Files (x86)\/Steam\/steamapps\/common\/Packed\/tilesets\/packed\/objects-by-colonytag\/space.json"
        }, 
        {
         "firstgid":1200,
         "source":"..\/..\/..\/..\/..\/Program Files (x86)\/Steam\/steamapps\/common\/Packed\/tilesets\/packed\/objects-by-colonytag\/hylotlvillage.json"
        }],
 "tilewidth":8,
 "type":"map",
 "version":1.1,
 "width":28
}