{ "columns":0,
 "grid":
    {
     "height":1,
     "orientation":"orthogonal",
     "width":1
    },
 "margin":0,
 "name":"occasus",
 "spacing":0,
 "tilecount":2,
 "tiledversion":"1.10.2",
 "tileheight":48,
 "tileproperties":
    {
     "0":
        {
         "object":"cultistlantern"
        },
     "1":
        {
         "object":"cultistgreateraltar",
         "tilesetDirection":"right"
        }
    },
 "tilepropertytypes":
    {
     "0":
        {
         "object":"string"
        },
     "1":
        {
         "object":"string",
         "tilesetDirection":"string"
        }
    },
 "tiles":
    {
     "0":
        {
         "image":"..\/..\/objects\/cultist\/cultistlantern\/cultisttiled.png",
         "imageheight":14,
         "imagewidth":8
        },
     "1":
        {
         "image":"..\/..\/objects\/cultist\/cultistgreateraltar\/cultistgreateraltartiled.png",
         "imageheight":48,
         "imagewidth":32
        }
    },
 "tilewidth":32,
 "type":"tileset",
 "version":1.1
}