{ "columns":0,
 "grid":
    {
     "height":1,
     "orientation":"orthogonal",
     "width":1
    },
 "margin":0,
 "name":"occasus",
 "spacing":0,
 "tilecount":6,
 "tiledversion":"1.10.2",
 "tileheight":56,
 "tileproperties":
    {
     "0":
        {
         "imagePositionX":"0",
         "imagePositionY":"0",
         "object":"cultistlantern"
        },
     "1":
        {
         "imagePositionX":"-12",
         "imagePositionY":"0",
         "object":"cultistgreateraltar"
        },
     "2":
        {
         "imagePositionX":"-16",
         "imagePositionY":"-16",
         "object":"cultistgraffititzeentch"
        },
     "3":
        {
         "imagePositionX":"-16",
         "imagePositionY":"-16",
         "object":"cultistgraffitikhorne"
        },
     "4":
        {
         "imagePositionX":"-23",
         "imagePositionY":"0",
         "object":"gymlifterbed"
        },
     "5":
        {
         "imagePositionX":"-12",
         "imagePositionY":"0",
         "object":"gympulluprack"
        }
    },
 "tilepropertytypes":
    {
     "0":
        {
         "imagePositionX":"string",
         "imagePositionY":"string",
         "object":"string"
        },
     "1":
        {
         "imagePositionX":"string",
         "imagePositionY":"string",
         "object":"string"
        },
     "2":
        {
         "imagePositionX":"string",
         "imagePositionY":"string",
         "object":"string"
        },
     "3":
        {
         "imagePositionX":"string",
         "imagePositionY":"string",
         "object":"string"
        },
     "4":
        {
         "imagePositionX":"string",
         "imagePositionY":"string",
         "object":"string"
        },
     "5":
        {
         "imagePositionX":"string",
         "imagePositionY":"string",
         "object":"string"
        }
    },
 "tiles":
    {
     "0":
        {
         "image":"..\/..\/objects\/cultist\/cultistlantern\/cultisttiled.png",
         "imageheight":14,
         "imagewidth":8
        },
     "1":
        {
         "image":"..\/..\/objects\/cultist\/cultistgreateraltar\/cultistgreateraltartiled.png",
         "imageheight":48,
         "imagewidth":32
        },
     "2":
        {
         "image":"..\/..\/objects\/cultist\/cultistgraffittitzeentch\/cultistgraffititzeentchicon.png",
         "imageheight":32,
         "imagewidth":32
        },
     "3":
        {
         "image":"..\/..\/objects\/cultist\/cultistgraffittikhorne\/cultistgraffitikhorneicon.png",
         "imageheight":32,
         "imagewidth":32
        },
     "4":
        {
         "image":"..\/..\/objects\/human\/gymlifterbed\/gymlifterbed.png",
         "imageheight":32,
         "imagewidth":46
        },
     "5":
        {
         "image":"..\/..\/objects\/human\/gympulluprack\/gympulluprack.png",
         "imageheight":56,
         "imagewidth":24
        }
    },
 "tilewidth":46,
 "type":"tileset",
 "version":1.1
}