{ "columns":0,
 "grid":
    {
     "height":1,
     "orientation":"orthogonal",
     "width":1
    },
 "margin":0,
 "name":"occasus",
 "spacing":0,
 "tilecount":3,
 "tiledversion":"1.10.2",
 "tileheight":48,
 "tileproperties":
    {
     "0":
        {
         "imagePositionX":"0",
         "imagePositionY":"0",
         "object":"cultistlantern"
        },
     "1":
        {
         "imagePositionX":"-12",
         "imagePositionY":"0",
         "object":"cultistgreateraltar"
        },
     "2":
        {
         "imagePositionX":"-16",
         "imagePositionY":"-16",
         "object":"cultistgraffititzeentch"
        }
    },
 "tilepropertytypes":
    {
     "0":
        {
         "imagePositionX":"string",
         "imagePositionY":"string",
         "object":"string"
        },
     "1":
        {
         "imagePositionX":"string",
         "imagePositionY":"string",
         "object":"string"
        },
     "2":
        {
         "imagePositionX":"string",
         "imagePositionY":"string",
         "object":"string"
        }
    },
 "tiles":
    {
     "0":
        {
         "image":"..\/..\/objects\/cultist\/cultistlantern\/cultisttiled.png",
         "imageheight":14,
         "imagewidth":8
        },
     "1":
        {
         "image":"..\/..\/objects\/cultist\/cultistgreateraltar\/cultistgreateraltartiled.png",
         "imageheight":48,
         "imagewidth":32
        },
     "2":
        {
         "image":"..\/..\/objects\/cultist\/cultistgraffittitzeentch\/cultistgraffititzeentchicon.png",
         "imageheight":32,
         "imagewidth":32
        }
    },
 "tilewidth":32,
 "type":"tileset",
 "version":1.1
}