{ "columns":0,
 "grid":
    {
     "height":1,
     "orientation":"orthogonal",
     "width":1
    },
 "margin":0,
 "name":"moogCity",
 "spacing":0,
 "tilecount":1,
 "tiledversion":"1.10.2",
 "tileheight":64,
 "tileproperties":
    {
     "0":
        {
         "\/\/description":"crafter",
         "\/\/name":"crafter",
         "\/\/shortdescription":"crafter",
         "imagePositionX":"0",
         "imagePositionY":"0",
         "object":"crafter",
         "tilesetDirection":"left"
        }
    },
 "tilepropertytypes":
    {
     "0":
        {
         "\/\/description":"string",
         "\/\/name":"string",
         "\/\/shortdescription":"string",
         "imagePositionX":"string",
         "imagePositionY":"string",
         "object":"string",
         "tilesetDirection":"string"
        }
    },
 "tiles":
    {
     "0":
        {
         "image":"..\/..\/objects\/crafter\/crafter.png",
         "imageheight":64,
         "imagewidth":72
        }
    },
 "tilewidth":72,
 "type":"tileset",
 "version":1.1
}