{ "backgroundcolor":"#000000",
 "compressionlevel":-1,
 "height":18,
 "infinite":false,
 "layers":[
        {
         "compression":"zlib",
         "data":"eJx7w8DA8GYUD1lcw8DQMHsYYJA\/sPnNgwRMjvp2MvWRqn4k+w3ED0LC2ORJVY\/Nb7SwZ9Rvo34b9dvg8RshPJTLyeHmN30aYmS\/0doebH6jNW6ngx0j0W+0bsPC\/EbvtvIoHloYAKe2dbg=",
         "encoding":"base64",
         "height":18,
         "id":1,
         "name":"back",
         "opacity":0.5,
         "type":"tilelayer",
         "visible":true,
         "width":55,
         "x":0,
         "y":0
        }, 
        {
         "compression":"zlib",
         "data":"eJxjYBgFQxlMZWBoqAHiy0D8eghjkB9w+W2g3Tbqt1G\/jfpt6OCR5jd9oJj+IHAbpVgfi98G2k3UxKN+G5p41G9DE6P7bTZQbLhgdL+NgqEFAJ4M2fQ=",
         "encoding":"base64",
         "height":18,
         "id":2,
         "name":"front",
         "opacity":1,
         "type":"tilelayer",
         "visible":true,
         "width":55,
         "x":0,
         "y":0
        }, 
        {
         "color":"#5555ff",
         "draworder":"topdown",
         "id":3,
         "name":"mods",
         "objects":[],
         "opacity":1,
         "type":"objectgroup",
         "visible":true,
         "x":0,
         "y":0
        }, 
        {
         "color":"#ff0000",
         "draworder":"topdown",
         "id":4,
         "name":"objects",
         "objects":[
                {
                 "gid":6201,
                 "height":12,
                 "id":1301,
                 "name":"",
                 "rotation":0,
                 "type":"",
                 "visible":true,
                 "width":8,
                 "x":408,
                 "y":72
                }, 
                {
                 "gid":6201,
                 "height":12,
                 "id":1302,
                 "name":"",
                 "rotation":0,
                 "type":"",
                 "visible":true,
                 "width":8,
                 "x":32,
                 "y":72
                }, 
                {
                 "gid":6201,
                 "height":12,
                 "id":1303,
                 "name":"",
                 "rotation":0,
                 "type":"",
                 "visible":true,
                 "width":8,
                 "x":112,
                 "y":72
                }, 
                {
                 "gid":6201,
                 "height":12,
                 "id":1304,
                 "name":"",
                 "rotation":0,
                 "type":"",
                 "visible":true,
                 "width":8,
                 "x":320,
                 "y":72
                }, 
                {
                 "gid":6025,
                 "height":24,
                 "id":1444,
                 "name":"",
                 "rotation":0,
                 "type":"",
                 "visible":true,
                 "width":24,
                 "x":208,
                 "y":40
                }, 
                {
                 "gid":7481,
                 "height":40,
                 "id":1469,
                 "name":"",
                 "rotation":0,
                 "type":"",
                 "visible":true,
                 "width":32,
                 "x":80,
                 "y":120
                }, 
                {
                 "gid":7481,
                 "height":40,
                 "id":1470,
                 "name":"",
                 "rotation":0,
                 "type":"",
                 "visible":true,
                 "width":32,
                 "x":24,
                 "y":120
                }, 
                {
                 "gid":7481,
                 "height":40,
                 "id":1471,
                 "name":"",
                 "rotation":0,
                 "type":"",
                 "visible":true,
                 "width":32,
                 "x":120,
                 "y":120
                }, 
                {
                 "gid":7481,
                 "height":40,
                 "id":1472,
                 "name":"",
                 "properties":
                    {
                     "tilesetDirection":"left"
                    },
                 "propertytypes":
                    {
                     "tilesetDirection":"string"
                    },
                 "rotation":0,
                 "type":"",
                 "visible":true,
                 "width":32,
                 "x":384,
                 "y":120
                }, 
                {
                 "gid":7481,
                 "height":40,
                 "id":1473,
                 "name":"",
                 "properties":
                    {
                     "tilesetDirection":"left"
                    },
                 "propertytypes":
                    {
                     "tilesetDirection":"string"
                    },
                 "rotation":0,
                 "type":"",
                 "visible":true,
                 "width":32,
                 "x":328,
                 "y":120
                }, 
                {
                 "gid":7481,
                 "height":40,
                 "id":1474,
                 "name":"",
                 "properties":
                    {
                     "tilesetDirection":"left"
                    },
                 "propertytypes":
                    {
                     "tilesetDirection":"string"
                    },
                 "rotation":0,
                 "type":"",
                 "visible":true,
                 "width":32,
                 "x":288,
                 "y":120
                }, 
                {
                 "gid":7482,
                 "height":28,
                 "id":1475,
                 "name":"",
                 "rotation":0,
                 "type":"",
                 "visible":true,
                 "width":16,
                 "x":168,
                 "y":120
                }, 
                {
                 "gid":7327,
                 "height":16,
                 "id":1476,
                 "name":"",
                 "rotation":0,
                 "type":"",
                 "visible":true,
                 "width":40,
                 "x":192,
                 "y":120
                }, 
                {
                 "gid":7431,
                 "height":20,
                 "id":1477,
                 "name":"",
                 "rotation":0,
                 "type":"",
                 "visible":true,
                 "width":24,
                 "x":184,
                 "y":104
                }, 
                {
                 "gid":7445,
                 "height":16,
                 "id":1478,
                 "name":"",
                 "properties":
                    {
                     "tilesetDirection":"left"
                    },
                 "propertytypes":
                    {
                     "tilesetDirection":"string"
                    },
                 "rotation":0,
                 "type":"",
                 "visible":true,
                 "width":16,
                 "x":232,
                 "y":120
                }],
         "opacity":1,
         "type":"objectgroup",
         "visible":true,
         "x":0,
         "y":0
        }, 
        {
         "color":"#ffff00",
         "draworder":"topdown",
         "id":5,
         "name":"wiring - lights & guns",
         "objects":[],
         "opacity":1,
         "type":"objectgroup",
         "visible":true,
         "x":0,
         "y":0
        }, 
        {
         "color":"#ff0000",
         "draworder":"topdown",
         "id":6,
         "name":"monsters & npcs",
         "objects":[
                {
                 "height":8,
                 "id":1447,
                 "name":"",
                 "properties":
                    {
                     "npc":"novakid",
                     "typeName":"villager"
                    },
                 "propertytypes":
                    {
                     "npc":"string",
                     "typeName":"string"
                    },
                 "rotation":0,
                 "type":"",
                 "visible":true,
                 "width":8,
                 "x":216,
                 "y":112
                }, 
                {
                 "height":8,
                 "id":1450,
                 "name":"",
                 "properties":
                    {
                     "npc":"novakid",
                     "typeName":"villager"
                    },
                 "propertytypes":
                    {
                     "npc":"string",
                     "typeName":"string"
                    },
                 "rotation":0,
                 "type":"",
                 "visible":true,
                 "width":8,
                 "x":264,
                 "y":112
                }, 
                {
                 "height":8,
                 "id":1451,
                 "name":"",
                 "properties":
                    {
                     "npc":"human",
                     "typeName":"villager"
                    },
                 "propertytypes":
                    {
                     "npc":"string",
                     "typeName":"string"
                    },
                 "rotation":0,
                 "type":"",
                 "visible":true,
                 "width":8,
                 "x":160,
                 "y":112
                }, 
                {
                 "height":8,
                 "id":1452,
                 "name":"",
                 "properties":
                    {
                     "npc":"novakid",
                     "typeName":"villager"
                    },
                 "propertytypes":
                    {
                     "npc":"string",
                     "typeName":"string"
                    },
                 "rotation":0,
                 "type":"",
                 "visible":true,
                 "width":8,
                 "x":120,
                 "y":112
                }, 
                {
                 "height":8,
                 "id":1453,
                 "name":"",
                 "properties":
                    {
                     "npc":"novakid",
                     "typeName":"villageguard"
                    },
                 "propertytypes":
                    {
                     "npc":"string",
                     "typeName":"string"
                    },
                 "rotation":0,
                 "type":"",
                 "visible":true,
                 "width":8,
                 "x":48,
                 "y":112
                }],
         "opacity":1,
         "type":"objectgroup",
         "visible":true,
         "x":0,
         "y":0
        }, 
        {
         "color":"#00ffff",
         "draworder":"topdown",
         "id":7,
         "name":"wiring - locked door",
         "objects":[],
         "opacity":1,
         "type":"objectgroup",
         "visible":true,
         "x":0,
         "y":0
        }, 
        {
         "draworder":"topdown",
         "id":8,
         "name":"outside the map",
         "objects":[],
         "opacity":1,
         "type":"objectgroup",
         "visible":true,
         "x":0,
         "y":0
        }, 
        {
         "draworder":"topdown",
         "id":9,
         "name":"anchors etc",
         "objects":[
                {
                 "gid":248,
                 "height":8,
                 "id":1385,
                 "name":"",
                 "rotation":0,
                 "type":"",
                 "visible":true,
                 "width":8,
                 "x":424,
                 "y":120
                }, 
                {
                 "height":112,
                 "id":1445,
                 "name":"",
                 "properties":
                    {
                     "stagehand":"objecttracker"
                    },
                 "propertytypes":
                    {
                     "stagehand":"string"
                    },
                 "rotation":0,
                 "type":"",
                 "visible":true,
                 "width":408,
                 "x":24,
                 "y":16
                }],
         "opacity":1,
         "type":"objectgroup",
         "visible":false,
         "x":0,
         "y":0
        }, 
        {
         "draworder":"topdown",
         "id":10,
         "name":"items",
         "objects":[],
         "opacity":1,
         "type":"objectgroup",
         "visible":true,
         "x":0,
         "y":0
        }],
 "nextlayerid":11,
 "nextobjectid":1479,
 "orientation":"orthogonal",
 "renderorder":"right-down",
 "tiledversion":"1.10.2",
 "tileheight":8,
 "tilesets":[
        {
         "firstgid":1,
         "source":"..\/..\/..\/tilesets\/packed\/materials.json"
        }, 
        {
         "firstgid":198,
         "source":"..\/..\/..\/tilesets\/packed\/supports.json"
        }, 
        {
         "firstgid":235,
         "source":"..\/..\/..\/tilesets\/packed\/miscellaneous.json"
        }, 
        {
         "firstgid":259,
         "source":"..\/..\/..\/tilesets\/packed\/liquids.json"
        }, 
        {
         "firstgid":287,
         "source":"..\/..\/..\/tilesets\/packed\/objects-by-race\/generic.json"
        }, 
        {
         "firstgid":2271,
         "source":"..\/..\/..\/tilesets\/packed\/objects-by-category\/breakable.json"
        }, 
        {
         "firstgid":2581,
         "source":"..\/..\/..\/tilesets\/packed\/objects-by-category\/crafting.json"
        }, 
        {
         "firstgid":2661,
         "source":"..\/..\/..\/tilesets\/packed\/objects-by-category\/decorative.json"
        }, 
        {
         "firstgid":4102,
         "source":"..\/..\/..\/tilesets\/packed\/objects-by-category\/door.json"
        }, 
        {
         "firstgid":4234,
         "source":"..\/..\/..\/tilesets\/packed\/objects-by-category\/light.json"
        }, 
        {
         "firstgid":4692,
         "source":"..\/..\/..\/tilesets\/packed\/objects-by-category\/pot.json"
        }, 
        {
         "firstgid":4989,
         "source":"..\/..\/..\/tilesets\/packed\/objects-by-category\/railpoint.json"
        }, 
        {
         "firstgid":4994,
         "source":"..\/..\/..\/tilesets\/packed\/objects-by-category\/seed.json"
        }, 
        {
         "firstgid":5070,
         "source":"..\/..\/..\/tilesets\/packed\/objects-by-category\/storage.json"
        }, 
        {
         "firstgid":5304,
         "source":"..\/..\/..\/tilesets\/packed\/objects-by-category\/teleportmarker.json"
        }, 
        {
         "firstgid":5318,
         "source":"..\/..\/..\/tilesets\/packed\/objects-by-category\/trap.json"
        }, 
        {
         "firstgid":5522,
         "source":"..\/..\/..\/tilesets\/packed\/objects-by-category\/wire.json"
        }, 
        {
         "firstgid":5744,
         "source":"..\/..\/..\/tilesets\/packed\/objects-by-race\/glitch.json"
        }, 
        {
         "firstgid":5970,
         "source":"..\/..\/..\/tilesets\/packed\/objects-by-race\/novakid.json"
        }, 
        {
         "firstgid":6034,
         "source":"..\/..\/..\/tilesets\/packed\/objects-by-colonytag\/commerce.json"
        }, 
        {
         "firstgid":6192,
         "source":"..\/..\/..\/tilesets\/packed\/objects-by-colonytag\/saloon.json"
        }, 
        {
         "firstgid":6213,
         "source":"..\/..\/..\/tilesets\/packed\/objects-by-type\/loungeable.json"
        }, 
        {
         "firstgid":6494,
         "source":"..\/..\/..\/tilesets\/packed\/objects-by-category\/furniture.json"
        }, 
        {
         "firstgid":6848,
         "source":"..\/..\/..\/tilesets\/packed\/objects-by-colonytag\/pretty.json"
        }, 
        {
         "firstgid":7327,
         "source":"..\/..\/..\/..\/..\/..\/Packed\/tilesets\/packed\/objects-by-colonytag\/human.json"
        }, 
        {
         "firstgid":7574,
         "source":"..\/..\/..\/tilesets\/packed\/objects-by-colonytag\/humanprison.json"
        }],
 "tilewidth":8,
 "type":"map",
 "version":1.1,
 "width":55
}