{ "backgroundcolor":"#000000",
 "compressionlevel":-1,
 "height":12,
 "infinite":false,
 "layers":[
        {
         "compression":"zlib",
         "data":"eJx7w8DA8GaAcZccA8NUIF0MpWmFQeZjsztQDkLTEhOyu5gETKr6UbsHn92jaY1+dtMLD3Q5CsIAhdz+5w==",
         "encoding":"base64",
         "height":12,
         "id":1,
         "name":"back",
         "opacity":0.5,
         "type":"tilelayer",
         "visible":true,
         "width":31,
         "x":0,
         "y":0
        }, 
        {
         "compression":"zlib",
         "data":"eJxjYBh40CVHPzyQfhwFo2AU0BeMhLIFGQAALjQkGQ==",
         "encoding":"base64",
         "height":12,
         "id":2,
         "name":"front",
         "opacity":1,
         "type":"tilelayer",
         "visible":true,
         "width":31,
         "x":0,
         "y":0
        }, 
        {
         "color":"#5555ff",
         "draworder":"topdown",
         "id":3,
         "name":"mods",
         "objects":[],
         "opacity":1,
         "type":"objectgroup",
         "visible":true,
         "x":0,
         "y":0
        }, 
        {
         "color":"#ff0000",
         "draworder":"topdown",
         "id":4,
         "name":"objects",
         "objects":[
                {
                 "gid":5991,
                 "height":12,
                 "id":1401,
                 "name":"",
                 "rotation":0,
                 "type":"",
                 "visible":true,
                 "width":8,
                 "x":24,
                 "y":48
                }, 
                {
                 "gid":5991,
                 "height":12,
                 "id":1413,
                 "name":"",
                 "rotation":0,
                 "type":"",
                 "visible":true,
                 "width":8,
                 "x":224,
                 "y":48
                }, 
                {
                 "gid":6025,
                 "height":24,
                 "id":1402,
                 "name":"",
                 "rotation":0,
                 "type":"",
                 "visible":true,
                 "width":24,
                 "x":120,
                 "y":40
                }, 
                {
                 "gid":7621,
                 "height":40,
                 "id":1425,
                 "name":"",
                 "rotation":0,
                 "type":"",
                 "visible":true,
                 "width":32,
                 "x":32,
                 "y":80
                }, 
                {
                 "gid":7621,
                 "height":40,
                 "id":1426,
                 "name":"",
                 "rotation":0,
                 "type":"",
                 "visible":true,
                 "width":32,
                 "x":72,
                 "y":80
                }, 
                {
                 "gid":7621,
                 "height":40,
                 "id":1427,
                 "name":"",
                 "rotation":0,
                 "type":"",
                 "visible":true,
                 "width":32,
                 "x":112,
                 "y":80
                }, 
                {
                 "gid":7621,
                 "height":40,
                 "id":1428,
                 "name":"",
                 "rotation":0,
                 "type":"",
                 "visible":true,
                 "width":32,
                 "x":152,
                 "y":80
                }, 
                {
                 "gid":7621,
                 "height":40,
                 "id":1429,
                 "name":"",
                 "rotation":0,
                 "type":"",
                 "visible":true,
                 "width":32,
                 "x":192,
                 "y":80
                }],
         "opacity":1,
         "type":"objectgroup",
         "visible":true,
         "x":0,
         "y":0
        }, 
        {
         "color":"#ffff00",
         "draworder":"topdown",
         "id":5,
         "name":"wiring - lights & guns",
         "objects":[],
         "opacity":1,
         "type":"objectgroup",
         "visible":true,
         "x":0,
         "y":0
        }, 
        {
         "color":"#ff0000",
         "draworder":"topdown",
         "id":6,
         "name":"monsters & npcs",
         "objects":[
                {
                 "height":8,
                 "id":1405,
                 "name":"",
                 "properties":
                    {
                     "npc":"human",
                     "typeName":"scientist"
                    },
                 "propertytypes":
                    {
                     "npc":"string",
                     "typeName":"string"
                    },
                 "rotation":0,
                 "type":"",
                 "visible":true,
                 "width":8,
                 "x":176,
                 "y":72
                }, 
                {
                 "height":8,
                 "id":1406,
                 "name":"",
                 "properties":
                    {
                     "npc":"human",
                     "typeName":"villager"
                    },
                 "propertytypes":
                    {
                     "npc":"string",
                     "typeName":"string"
                    },
                 "rotation":0,
                 "type":"",
                 "visible":true,
                 "width":8,
                 "x":80,
                 "y":72
                }, 
                {
                 "height":8,
                 "id":1407,
                 "name":"",
                 "properties":
                    {
                     "npc":"human",
                     "typeName":"villageguard"
                    },
                 "propertytypes":
                    {
                     "npc":"string",
                     "typeName":"string"
                    },
                 "rotation":0,
                 "type":"",
                 "visible":true,
                 "width":8,
                 "x":216,
                 "y":72
                }],
         "opacity":1,
         "type":"objectgroup",
         "visible":true,
         "x":0,
         "y":0
        }, 
        {
         "color":"#00ffff",
         "draworder":"topdown",
         "id":7,
         "name":"wiring - locked door",
         "objects":[],
         "opacity":1,
         "type":"objectgroup",
         "visible":true,
         "x":0,
         "y":0
        }, 
        {
         "draworder":"topdown",
         "id":8,
         "name":"outside the map",
         "objects":[],
         "opacity":1,
         "type":"objectgroup",
         "visible":true,
         "x":0,
         "y":0
        }, 
        {
         "draworder":"topdown",
         "id":9,
         "name":"anchors etc",
         "objects":[
                {
                 "gid":250,
                 "height":8,
                 "id":1399,
                 "name":"",
                 "rotation":0,
                 "type":"",
                 "visible":true,
                 "width":8,
                 "x":232,
                 "y":16
                }, 
                {
                 "height":80,
                 "id":1404,
                 "name":"",
                 "properties":
                    {
                     "stagehand":"objecttracker"
                    },
                 "propertytypes":
                    {
                     "stagehand":"string"
                    },
                 "rotation":0,
                 "type":"",
                 "visible":true,
                 "width":232,
                 "x":8,
                 "y":8
                }],
         "opacity":1,
         "type":"objectgroup",
         "visible":false,
         "x":0,
         "y":0
        }, 
        {
         "draworder":"topdown",
         "id":10,
         "name":"items",
         "objects":[],
         "opacity":1,
         "type":"objectgroup",
         "visible":true,
         "x":0,
         "y":0
        }],
 "nextlayerid":11,
 "nextobjectid":1430,
 "orientation":"orthogonal",
 "renderorder":"right-down",
 "tiledversion":"1.10.2",
 "tileheight":8,
 "tilesets":[
        {
         "firstgid":1,
         "source":"..\/..\/..\/tilesets\/packed\/materials.json"
        }, 
        {
         "firstgid":198,
         "source":"..\/..\/..\/tilesets\/packed\/supports.json"
        }, 
        {
         "firstgid":235,
         "source":"..\/..\/..\/tilesets\/packed\/miscellaneous.json"
        }, 
        {
         "firstgid":259,
         "source":"..\/..\/..\/tilesets\/packed\/liquids.json"
        }, 
        {
         "firstgid":287,
         "source":"..\/..\/..\/tilesets\/packed\/objects-by-race\/generic.json"
        }, 
        {
         "firstgid":2271,
         "source":"..\/..\/..\/tilesets\/packed\/objects-by-category\/breakable.json"
        }, 
        {
         "firstgid":2581,
         "source":"..\/..\/..\/tilesets\/packed\/objects-by-category\/crafting.json"
        }, 
        {
         "firstgid":2661,
         "source":"..\/..\/..\/tilesets\/packed\/objects-by-category\/decorative.json"
        }, 
        {
         "firstgid":4102,
         "source":"..\/..\/..\/tilesets\/packed\/objects-by-category\/door.json"
        }, 
        {
         "firstgid":4234,
         "source":"..\/..\/..\/tilesets\/packed\/objects-by-category\/light.json"
        }, 
        {
         "firstgid":4692,
         "source":"..\/..\/..\/tilesets\/packed\/objects-by-category\/pot.json"
        }, 
        {
         "firstgid":4989,
         "source":"..\/..\/..\/tilesets\/packed\/objects-by-category\/railpoint.json"
        }, 
        {
         "firstgid":4994,
         "source":"..\/..\/..\/tilesets\/packed\/objects-by-category\/seed.json"
        }, 
        {
         "firstgid":5070,
         "source":"..\/..\/..\/tilesets\/packed\/objects-by-category\/storage.json"
        }, 
        {
         "firstgid":5304,
         "source":"..\/..\/..\/tilesets\/packed\/objects-by-category\/teleportmarker.json"
        }, 
        {
         "firstgid":5318,
         "source":"..\/..\/..\/tilesets\/packed\/objects-by-category\/trap.json"
        }, 
        {
         "firstgid":5522,
         "source":"..\/..\/..\/tilesets\/packed\/objects-by-category\/wire.json"
        }, 
        {
         "firstgid":5744,
         "source":"..\/..\/..\/tilesets\/packed\/objects-by-race\/glitch.json"
        }, 
        {
         "firstgid":5970,
         "source":"..\/..\/..\/tilesets\/packed\/objects-by-race\/novakid.json"
        }, 
        {
         "firstgid":6034,
         "source":"..\/..\/..\/tilesets\/packed\/objects-by-colonytag\/commerce.json"
        }, 
        {
         "firstgid":6192,
         "source":"..\/..\/..\/tilesets\/packed\/objects-by-colonytag\/saloon.json"
        }, 
        {
         "firstgid":6213,
         "source":"..\/..\/..\/tilesets\/packed\/objects-by-type\/loungeable.json"
        }, 
        {
         "firstgid":6494,
         "source":"..\/..\/..\/tilesets\/packed\/objects-by-category\/furniture.json"
        }, 
        {
         "firstgid":6848,
         "source":"..\/..\/..\/tilesets\/packed\/objects-by-colonytag\/pretty.json"
        }, 
        {
         "firstgid":7327,
         "source":"..\/..\/..\/..\/..\/..\/Packed\/tilesets\/packed\/objects-by-colonytag\/human.json"
        }, 
        {
         "firstgid":7574,
         "source":"..\/..\/..\/tilesets\/packed\/objects-by-colonytag\/humanbunker.json"
        }, 
        {
         "firstgid":7646,
         "source":"..\/..\/..\/..\/..\/..\/Packed\/tilesets\/packed\/materials.json"
        }],
 "tilewidth":8,
 "type":"map",
 "version":1.1,
 "width":31
}