{ "backgroundcolor":"#000000",
 "height":18,
 "layers":[
        {
         "compression":"zlib",
         "data":"eJx7wsDA8GQUD1lcw8DQMHsYYJA\/sPnNgwRMjvp2MvWRqn4k+w3ED0LC2ORJVT\/qt1G\/jfpt5PmNFnaO+o02ftOnIUb2G63tweY3WuN2OtgxEv1G6zYszG\/0biuP4qGFAaSnZ9w=",
         "encoding":"base64",
         "height":18,
         "name":"back",
         "opacity":0.5,
         "type":"tilelayer",
         "visible":true,
         "width":55,
         "x":0,
         "y":0
        }, 
        {
         "compression":"zlib",
         "data":"eJxjYBgFQxlMZWBoqAHiM0D8eAhjkB9w+W2g3Tbqt1G\/jfpt6OCR5jd9oJj+IHAbpVgfi98G2k3UxKN+G5p41G9DE6P7bTZQbLhgdL+NgqEFACgtxf0=",
         "encoding":"base64",
         "height":18,
         "name":"front",
         "opacity":1,
         "type":"tilelayer",
         "visible":true,
         "width":55,
         "x":0,
         "y":0
        }, 
        {
         "color":"#5555ff",
         "draworder":"topdown",
         "height":0,
         "name":"mods",
         "objects":[],
         "opacity":1,
         "type":"objectgroup",
         "visible":true,
         "width":0,
         "x":0,
         "y":0
        }, 
        {
         "color":"#ff0000",
         "draworder":"topdown",
         "height":0,
         "name":"objects",
         "objects":[
                {
                 "gid":7505,
                 "height":12,
                 "id":1301,
                 "name":"",
                 "properties":
                    {

                    },
                 "rotation":0,
                 "type":"",
                 "visible":true,
                 "width":8,
                 "x":408,
                 "y":72
                }, 
                {
                 "gid":7505,
                 "height":12,
                 "id":1302,
                 "name":"",
                 "properties":
                    {

                    },
                 "rotation":0,
                 "type":"",
                 "visible":true,
                 "width":8,
                 "x":32,
                 "y":72
                }, 
                {
                 "gid":7505,
                 "height":12,
                 "id":1303,
                 "name":"",
                 "properties":
                    {

                    },
                 "rotation":0,
                 "type":"",
                 "visible":true,
                 "width":8,
                 "x":112,
                 "y":72
                }, 
                {
                 "gid":7505,
                 "height":12,
                 "id":1304,
                 "name":"",
                 "properties":
                    {

                    },
                 "rotation":0,
                 "type":"",
                 "visible":true,
                 "width":8,
                 "x":320,
                 "y":72
                }, 
                {
                 "gid":2147491150,
                 "height":20,
                 "id":1444,
                 "name":"",
                 "properties":
                    {

                    },
                 "rotation":0,
                 "type":"",
                 "visible":true,
                 "width":15,
                 "x":176,
                 "y":120
                }, 
                {
                 "gid":2347,
                 "height":16,
                 "id":1445,
                 "name":"",
                 "properties":
                    {

                    },
                 "rotation":0,
                 "type":"",
                 "visible":true,
                 "width":8,
                 "x":280,
                 "y":64
                }, 
                {
                 "gid":2241,
                 "height":16,
                 "id":1446,
                 "name":"",
                 "properties":
                    {

                    },
                 "rotation":0,
                 "type":"",
                 "visible":true,
                 "width":8,
                 "x":256,
                 "y":88
                }, 
                {
                 "gid":7349,
                 "height":24,
                 "id":1447,
                 "name":"",
                 "properties":
                    {

                    },
                 "rotation":0,
                 "type":"",
                 "visible":true,
                 "width":16,
                 "x":368,
                 "y":72
                }, 
                {
                 "gid":2231,
                 "height":16,
                 "id":1448,
                 "name":"",
                 "properties":
                    {

                    },
                 "rotation":0,
                 "type":"",
                 "visible":true,
                 "width":8,
                 "x":280,
                 "y":88
                }, 
                {
                 "gid":7496,
                 "height":20,
                 "id":1449,
                 "name":"",
                 "properties":
                    {

                    },
                 "rotation":0,
                 "type":"",
                 "visible":true,
                 "width":40,
                 "x":56,
                 "y":120
                }, 
                {
                 "gid":7174,
                 "height":8,
                 "id":1450,
                 "name":"",
                 "properties":
                    {

                    },
                 "rotation":0,
                 "type":"",
                 "visible":true,
                 "width":64,
                 "x":248,
                 "y":72
                }, 
                {
                 "gid":2231,
                 "height":16,
                 "id":1451,
                 "name":"",
                 "properties":
                    {

                    },
                 "rotation":0,
                 "type":"",
                 "visible":true,
                 "width":8,
                 "x":264,
                 "y":64
                }, 
                {
                 "gid":7506,
                 "height":16,
                 "id":1452,
                 "name":"",
                 "properties":
                    {

                    },
                 "rotation":0,
                 "type":"",
                 "visible":true,
                 "width":80,
                 "x":240,
                 "y":120
                }, 
                {
                 "gid":2348,
                 "height":16,
                 "id":1453,
                 "name":"",
                 "properties":
                    {

                    },
                 "rotation":0,
                 "type":"",
                 "visible":true,
                 "width":8,
                 "x":264,
                 "y":88
                }, 
                {
                 "gid":2241,
                 "height":16,
                 "id":1454,
                 "name":"",
                 "properties":
                    {

                    },
                 "rotation":0,
                 "type":"",
                 "visible":true,
                 "width":8,
                 "x":272,
                 "y":64
                }, 
                {
                 "gid":2147491144,
                 "height":20,
                 "id":1455,
                 "name":"",
                 "properties":
                    {

                    },
                 "rotation":0,
                 "type":"",
                 "visible":true,
                 "width":40,
                 "x":136,
                 "y":120
                }, 
                {
                 "gid":7318,
                 "height":51,
                 "id":1456,
                 "name":"",
                 "properties":
                    {
                     "parameters":"{\"treasurePools\":[\"novakidvillageSaloonTreasure\"]}"
                    },
                 "rotation":0,
                 "type":"",
                 "visible":true,
                 "width":38,
                 "x":200,
                 "y":120
                }, 
                {
                 "gid":2147491150,
                 "height":20,
                 "id":1457,
                 "name":"",
                 "properties":
                    {

                    },
                 "rotation":0,
                 "type":"",
                 "visible":true,
                 "width":15,
                 "x":96,
                 "y":120
                }, 
                {
                 "gid":7174,
                 "height":8,
                 "id":1458,
                 "name":"",
                 "properties":
                    {

                    },
                 "rotation":0,
                 "type":"",
                 "visible":true,
                 "width":64,
                 "x":248,
                 "y":96
                }, 
                {
                 "gid":2241,
                 "height":16,
                 "id":1459,
                 "name":"",
                 "properties":
                    {

                    },
                 "rotation":0,
                 "type":"",
                 "visible":true,
                 "width":8,
                 "x":288,
                 "y":88
                }, 
                {
                 "gid":2347,
                 "height":16,
                 "id":1460,
                 "name":"",
                 "properties":
                    {

                    },
                 "rotation":0,
                 "type":"",
                 "visible":true,
                 "width":8,
                 "x":296,
                 "y":88
                }, 
                {
                 "gid":7502,
                 "height":20,
                 "id":1461,
                 "name":"",
                 "properties":
                    {

                    },
                 "rotation":0,
                 "type":"",
                 "visible":true,
                 "width":15,
                 "x":40,
                 "y":120
                }, 
                {
                 "gid":2348,
                 "height":16,
                 "id":1462,
                 "name":"",
                 "properties":
                    {

                    },
                 "rotation":0,
                 "type":"",
                 "visible":true,
                 "width":8,
                 "x":288,
                 "y":64
                }, 
                {
                 "gid":2147490978,
                 "height":16,
                 "id":1463,
                 "name":"",
                 "properties":
                    {

                    },
                 "rotation":0,
                 "type":"",
                 "visible":true,
                 "width":24,
                 "x":104,
                 "y":96
                }, 
                {
                 "gid":7319,
                 "height":39,
                 "id":1464,
                 "name":"",
                 "properties":
                    {

                    },
                 "rotation":0,
                 "type":"",
                 "visible":true,
                 "width":51,
                 "x":328,
                 "y":120
                }, 
                {
                 "gid":7502,
                 "height":20,
                 "id":1465,
                 "name":"",
                 "properties":
                    {

                    },
                 "rotation":0,
                 "type":"",
                 "visible":true,
                 "width":15,
                 "x":120,
                 "y":120
                }, 
                {
                 "gid":7321,
                 "height":16,
                 "id":1466,
                 "name":"",
                 "properties":
                    {

                    },
                 "rotation":0,
                 "type":"",
                 "visible":true,
                 "width":16,
                 "x":392,
                 "y":120
                }, 
                {
                 "gid":2096,
                 "height":16,
                 "id":1467,
                 "name":"",
                 "properties":
                    {

                    },
                 "rotation":0,
                 "type":"",
                 "visible":true,
                 "width":8,
                 "x":272,
                 "y":88
                }, 
                {
                 "gid":7349,
                 "height":24,
                 "id":1468,
                 "name":"",
                 "properties":
                    {

                    },
                 "rotation":0,
                 "type":"",
                 "visible":true,
                 "width":16,
                 "x":352,
                 "y":64
                }, 
                {
                 "gid":7356,
                 "height":24,
                 "id":1469,
                 "name":"",
                 "properties":
                    {

                    },
                 "rotation":0,
                 "type":"",
                 "visible":true,
                 "width":24,
                 "x":208,
                 "y":40
                }],
         "opacity":1,
         "type":"objectgroup",
         "visible":true,
         "width":0,
         "x":0,
         "y":0
        }, 
        {
         "color":"#ffff00",
         "draworder":"topdown",
         "height":0,
         "name":"wiring - lights & guns",
         "objects":[],
         "opacity":1,
         "type":"objectgroup",
         "visible":true,
         "width":0,
         "x":0,
         "y":0
        }, 
        {
         "color":"#ff0000",
         "draworder":"topdown",
         "height":0,
         "name":"monsters & npcs",
         "objects":[
                {
                 "height":8,
                 "id":1471,
                 "name":"",
                 "properties":
                    {
                     "npc":"novakid",
                     "typeName":"villager"
                    },
                 "rotation":0,
                 "type":"",
                 "visible":true,
                 "width":8,
                 "x":160,
                 "y":112
                }, 
                {
                 "height":8,
                 "id":1472,
                 "name":"",
                 "properties":
                    {
                     "npc":"novakid",
                     "typeName":"villager"
                    },
                 "rotation":0,
                 "type":"",
                 "visible":true,
                 "width":8,
                 "x":216,
                 "y":112
                }, 
                {
                 "height":8,
                 "id":1476,
                 "name":"",
                 "properties":
                    {
                     "npc":"novakid",
                     "typeName":"bartender"
                    },
                 "rotation":0,
                 "type":"",
                 "visible":true,
                 "width":8,
                 "x":264,
                 "y":112
                }, 
                {
                 "height":8,
                 "id":1478,
                 "name":"",
                 "properties":
                    {
                     "npc":"novakid",
                     "typeName":"villager"
                    },
                 "rotation":0,
                 "type":"",
                 "visible":true,
                 "width":8,
                 "x":112,
                 "y":112
                }, 
                {
                 "height":8,
                 "id":1479,
                 "name":"",
                 "properties":
                    {
                     "npc":"novakid",
                     "typeName":"villageguard"
                    },
                 "rotation":0,
                 "type":"",
                 "visible":true,
                 "width":8,
                 "x":48,
                 "y":112
                }],
         "opacity":1,
         "type":"objectgroup",
         "visible":true,
         "width":0,
         "x":0,
         "y":0
        }, 
        {
         "color":"#00ffff",
         "draworder":"topdown",
         "height":0,
         "name":"wiring - locked door",
         "objects":[],
         "opacity":1,
         "type":"objectgroup",
         "visible":true,
         "width":0,
         "x":0,
         "y":0
        }, 
        {
         "draworder":"topdown",
         "height":0,
         "name":"outside the map",
         "objects":[],
         "opacity":1,
         "type":"objectgroup",
         "visible":true,
         "width":0,
         "x":0,
         "y":0
        }, 
        {
         "draworder":"topdown",
         "height":0,
         "name":"anchors etc",
         "objects":[
                {
                 "gid":240,
                 "height":8,
                 "id":1385,
                 "name":"",
                 "properties":
                    {

                    },
                 "rotation":0,
                 "type":"",
                 "visible":true,
                 "width":8,
                 "x":424,
                 "y":120
                }, 
                {
                 "height":112,
                 "id":1470,
                 "name":"",
                 "properties":
                    {
                     "stagehand":"objecttracker"
                    },
                 "rotation":0,
                 "type":"",
                 "visible":true,
                 "width":408,
                 "x":24,
                 "y":16
                }],
         "opacity":1,
         "type":"objectgroup",
         "visible":true,
         "width":0,
         "x":0,
         "y":0
        }, 
        {
         "draworder":"topdown",
         "height":0,
         "name":"items",
         "objects":[],
         "opacity":1,
         "type":"objectgroup",
         "visible":true,
         "width":0,
         "x":0,
         "y":0
        }],
 "nextobjectid":1480,
 "orientation":"orthogonal",
 "properties":
    {

    },
 "renderorder":"right-down",
 "tileheight":8,
 "tilesets":[
        {
         "firstgid":1,
         "source":"..\/..\/..\/tilesets\/packed\/materials.json"
        }, 
        {
         "firstgid":191,
         "source":"..\/..\/..\/tilesets\/packed\/supports.json"
        }, 
        {
         "firstgid":227,
         "source":"..\/..\/..\/tilesets\/packed\/miscellaneous.json"
        }, 
        {
         "firstgid":247,
         "source":"..\/..\/..\/tilesets\/packed\/liquids.json"
        }, 
        {
         "firstgid":275,
         "source":"..\/..\/..\/tilesets\/packed\/objects-by-race\/generic.json"
        }, 
        {
         "firstgid":2051,
         "source":"..\/..\/..\/tilesets\/packed\/objects-by-category\/breakable.json"
        }, 
        {
         "firstgid":2349,
         "source":"..\/..\/..\/tilesets\/packed\/objects-by-category\/crafting.json"
        }, 
        {
         "firstgid":2428,
         "source":"..\/..\/..\/tilesets\/packed\/objects-by-category\/decorative.json"
        }, 
        {
         "firstgid":3761,
         "source":"..\/..\/..\/tilesets\/packed\/objects-by-category\/door.json"
        }, 
        {
         "firstgid":3878,
         "source":"..\/..\/..\/tilesets\/packed\/objects-by-category\/light.json"
        }, 
        {
         "firstgid":4298,
         "source":"..\/..\/..\/tilesets\/packed\/objects-by-category\/pot.json"
        }, 
        {
         "firstgid":4595,
         "source":"..\/..\/..\/tilesets\/packed\/objects-by-category\/railpoint.json"
        }, 
        {
         "firstgid":4599,
         "source":"..\/..\/..\/tilesets\/packed\/objects-by-category\/seed.json"
        }, 
        {
         "firstgid":4675,
         "source":"..\/..\/..\/tilesets\/packed\/objects-by-category\/storage.json"
        }, 
        {
         "firstgid":4896,
         "source":"..\/..\/..\/tilesets\/packed\/objects-by-category\/teleportmarker.json"
        }, 
        {
         "firstgid":4910,
         "source":"..\/..\/..\/tilesets\/packed\/objects-by-category\/trap.json"
        }, 
        {
         "firstgid":5114,
         "source":"..\/..\/..\/tilesets\/packed\/objects-by-category\/wire.json"
        }, 
        {
         "firstgid":5299,
         "source":"..\/..\/..\/tilesets\/packed\/objects-by-race\/generic.json"
        }, 
        {
         "firstgid":7075,
         "source":"..\/..\/..\/tilesets\/packed\/objects-by-race\/glitch.json"
        }, 
        {
         "firstgid":7301,
         "source":"..\/..\/..\/tilesets\/packed\/objects-by-race\/novakid.json"
        }, 
        {
         "firstgid":7364,
         "source":"..\/..\/..\/tilesets\/packed\/objects-by-colonytag\/commerce.json"
        }, 
        {
         "firstgid":7496,
         "source":"..\/..\/..\/tilesets\/packed\/objects-by-colonytag\/saloon.json"
        }, 
        {
         "firstgid":7517,
         "source":"..\/..\/..\/tilesets\/packed\/objects-by-type\/loungeable.json"
        }, 
        {
         "firstgid":7782,
         "source":"..\/..\/..\/tilesets\/packed\/objects-by-category\/furniture.json"
        }, 
        {
         "firstgid":8115,
         "source":"..\/..\/..\/tilesets\/packed\/objects-by-colonytag\/pretty.json"
        }],
 "tilewidth":8,
 "version":1,
 "width":55
}