{ "backgroundcolor":"#000000",
 "height":18,
 "layers":[
        {
         "compression":"zlib",
         "data":"eJx7wsDA8GQUD1lcw8DQMHsYYJA\/sPnNgwRMjvp2MvWRqn4k+w3ED0LC2ORJVT\/qt1G\/jfpt5PmNFnaO+o02ftOnIUb2G63tweY3WuN2OtgxEv1G6zYszG\/0biuP4qGFAaSnZ9w=",
         "encoding":"base64",
         "height":18,
         "name":"back",
         "opacity":0.5,
         "type":"tilelayer",
         "visible":true,
         "width":55,
         "x":0,
         "y":0
        }, 
        {
         "compression":"zlib",
         "data":"eJxjYBgFQxlMZWBoqAHiM0D8eAhjkB9w+W2g3Tbqt1G\/jfpt6OCR5jd9oJj+IHAbpVgfi98G2k3UxKN+G5p41G9DE6P7bTZQbLhgdL+NgqEFACgtxf0=",
         "encoding":"base64",
         "height":18,
         "name":"front",
         "opacity":1,
         "type":"tilelayer",
         "visible":true,
         "width":55,
         "x":0,
         "y":0
        }, 
        {
         "color":"#5555ff",
         "draworder":"topdown",
         "height":0,
         "name":"mods",
         "objects":[],
         "opacity":1,
         "type":"objectgroup",
         "visible":true,
         "width":0,
         "x":0,
         "y":0
        }, 
        {
         "color":"#ff0000",
         "draworder":"topdown",
         "height":0,
         "name":"objects",
         "objects":[
                {
                 "gid":2147490966,
                 "height":51,
                 "id":1265,
                 "name":"",
                 "properties":
                    {
                     "parameters":"{\"treasurePools\":[\"novakidvillageSaloonTreasure\"]}"
                    },
                 "rotation":0,
                 "type":"",
                 "visible":true,
                 "width":38,
                 "x":336,
                 "y":120
                }, 
                {
                 "gid":7496,
                 "height":20,
                 "id":1269,
                 "name":"",
                 "properties":
                    {

                    },
                 "rotation":0,
                 "type":"",
                 "visible":true,
                 "width":40,
                 "x":144,
                 "y":120
                }, 
                {
                 "gid":2147491144,
                 "height":20,
                 "id":1270,
                 "name":"",
                 "properties":
                    {

                    },
                 "rotation":0,
                 "type":"",
                 "visible":true,
                 "width":40,
                 "x":48,
                 "y":120
                }, 
                {
                 "gid":2147491150,
                 "height":20,
                 "id":1272,
                 "name":"",
                 "properties":
                    {

                    },
                 "rotation":0,
                 "type":"",
                 "visible":true,
                 "width":15,
                 "x":184,
                 "y":120
                }, 
                {
                 "gid":7502,
                 "height":20,
                 "id":1273,
                 "name":"",
                 "properties":
                    {

                    },
                 "rotation":0,
                 "type":"",
                 "visible":true,
                 "width":15,
                 "x":128,
                 "y":120
                }, 
                {
                 "gid":7502,
                 "height":20,
                 "id":1274,
                 "name":"",
                 "properties":
                    {

                    },
                 "rotation":0,
                 "type":"",
                 "visible":true,
                 "width":15,
                 "x":32,
                 "y":120
                }, 
                {
                 "gid":2147491150,
                 "height":20,
                 "id":1276,
                 "name":"",
                 "properties":
                    {

                    },
                 "rotation":0,
                 "type":"",
                 "visible":true,
                 "width":15,
                 "x":88,
                 "y":120
                }, 
                {
                 "gid":2147490822,
                 "height":8,
                 "id":1281,
                 "name":"",
                 "properties":
                    {

                    },
                 "rotation":0,
                 "type":"",
                 "visible":true,
                 "width":64,
                 "x":248,
                 "y":96
                }, 
                {
                 "gid":2147490822,
                 "height":8,
                 "id":1282,
                 "name":"",
                 "properties":
                    {

                    },
                 "rotation":0,
                 "type":"",
                 "visible":true,
                 "width":64,
                 "x":248,
                 "y":72
                }, 
                {
                 "gid":2147485996,
                 "height":16,
                 "id":1284,
                 "name":"",
                 "properties":
                    {

                    },
                 "rotation":0,
                 "type":"",
                 "visible":true,
                 "width":8,
                 "x":272,
                 "y":64
                }, 
                {
                 "gid":2147485889,
                 "height":16,
                 "id":1285,
                 "name":"",
                 "properties":
                    {

                    },
                 "rotation":0,
                 "type":"",
                 "visible":true,
                 "width":8,
                 "x":288,
                 "y":88
                }, 
                {
                 "gid":2147485879,
                 "height":16,
                 "id":1286,
                 "name":"",
                 "properties":
                    {

                    },
                 "rotation":0,
                 "type":"",
                 "visible":true,
                 "width":8,
                 "x":272,
                 "y":88
                }, 
                {
                 "gid":2147485744,
                 "height":16,
                 "id":1287,
                 "name":"",
                 "properties":
                    {

                    },
                 "rotation":0,
                 "type":"",
                 "visible":true,
                 "width":8,
                 "x":256,
                 "y":88
                }, 
                {
                 "gid":2147485889,
                 "height":16,
                 "id":1289,
                 "name":"",
                 "properties":
                    {

                    },
                 "rotation":0,
                 "type":"",
                 "visible":true,
                 "width":8,
                 "x":264,
                 "y":64
                }, 
                {
                 "gid":2147485995,
                 "height":16,
                 "id":1292,
                 "name":"",
                 "properties":
                    {

                    },
                 "rotation":0,
                 "type":"",
                 "visible":true,
                 "width":8,
                 "x":280,
                 "y":64
                }, 
                {
                 "gid":2147485995,
                 "height":16,
                 "id":1293,
                 "name":"",
                 "properties":
                    {

                    },
                 "rotation":0,
                 "type":"",
                 "visible":true,
                 "width":8,
                 "x":264,
                 "y":88
                }, 
                {
                 "gid":2147485744,
                 "height":16,
                 "id":1294,
                 "name":"",
                 "properties":
                    {

                    },
                 "rotation":0,
                 "type":"",
                 "visible":true,
                 "width":8,
                 "x":288,
                 "y":64
                }, 
                {
                 "gid":2147485879,
                 "height":16,
                 "id":1295,
                 "name":"",
                 "properties":
                    {

                    },
                 "rotation":0,
                 "type":"",
                 "visible":true,
                 "width":8,
                 "x":296,
                 "y":64
                }, 
                {
                 "gid":2147485996,
                 "height":16,
                 "id":1299,
                 "name":"",
                 "properties":
                    {

                    },
                 "rotation":0,
                 "type":"",
                 "visible":true,
                 "width":8,
                 "x":280,
                 "y":88
                }, 
                {
                 "gid":7505,
                 "height":12,
                 "id":1301,
                 "name":"",
                 "properties":
                    {

                    },
                 "rotation":0,
                 "type":"",
                 "visible":true,
                 "width":8,
                 "x":408,
                 "y":72
                }, 
                {
                 "gid":7505,
                 "height":12,
                 "id":1302,
                 "name":"",
                 "properties":
                    {

                    },
                 "rotation":0,
                 "type":"",
                 "visible":true,
                 "width":8,
                 "x":32,
                 "y":72
                }, 
                {
                 "gid":7505,
                 "height":12,
                 "id":1303,
                 "name":"",
                 "properties":
                    {

                    },
                 "rotation":0,
                 "type":"",
                 "visible":true,
                 "width":8,
                 "x":112,
                 "y":72
                }, 
                {
                 "gid":7505,
                 "height":12,
                 "id":1304,
                 "name":"",
                 "properties":
                    {

                    },
                 "rotation":0,
                 "type":"",
                 "visible":true,
                 "width":8,
                 "x":320,
                 "y":72
                }, 
                {
                 "gid":7505,
                 "height":12,
                 "id":1305,
                 "name":"",
                 "properties":
                    {

                    },
                 "rotation":0,
                 "type":"",
                 "visible":true,
                 "width":8,
                 "x":216,
                 "y":72
                }, 
                {
                 "gid":2147491149,
                 "height":16,
                 "id":1315,
                 "name":"",
                 "properties":
                    {

                    },
                 "rotation":0,
                 "type":"",
                 "visible":true,
                 "width":16,
                 "x":376,
                 "y":120
                }, 
                {
                 "gid":2147491154,
                 "height":16,
                 "id":1359,
                 "name":"",
                 "properties":
                    {

                    },
                 "rotation":0,
                 "type":"",
                 "visible":true,
                 "width":80,
                 "x":240,
                 "y":120
                }, 
                {
                 "gid":7349,
                 "height":24,
                 "id":1360,
                 "name":"",
                 "properties":
                    {

                    },
                 "rotation":0,
                 "type":"",
                 "visible":true,
                 "width":16,
                 "x":384,
                 "y":96
                }, 
                {
                 "gid":7330,
                 "height":16,
                 "id":1376,
                 "name":"",
                 "properties":
                    {

                    },
                 "rotation":0,
                 "type":"",
                 "visible":true,
                 "width":24,
                 "x":208,
                 "y":104
                }],
         "opacity":1,
         "type":"objectgroup",
         "visible":true,
         "width":0,
         "x":0,
         "y":0
        }, 
        {
         "color":"#ffff00",
         "draworder":"topdown",
         "height":0,
         "name":"wiring - lights & guns",
         "objects":[],
         "opacity":1,
         "type":"objectgroup",
         "visible":true,
         "width":0,
         "x":0,
         "y":0
        }, 
        {
         "color":"#ff0000",
         "draworder":"topdown",
         "height":0,
         "name":"monsters & npcs",
         "objects":[
                {
                 "height":8,
                 "id":1393,
                 "name":"",
                 "properties":
                    {
                     "npc":"novakid",
                     "typeName":"villager"
                    },
                 "rotation":0,
                 "type":"",
                 "visible":true,
                 "width":8,
                 "x":160,
                 "y":112
                }, 
                {
                 "height":8,
                 "id":1394,
                 "name":"",
                 "properties":
                    {
                     "npc":"novakid",
                     "typeName":"villager"
                    },
                 "rotation":0,
                 "type":"",
                 "visible":true,
                 "width":8,
                 "x":216,
                 "y":112
                }, 
                {
                 "height":8,
                 "id":1398,
                 "name":"",
                 "properties":
                    {
                     "npc":"novakid",
                     "typeName":"bartender"
                    },
                 "rotation":0,
                 "type":"",
                 "visible":true,
                 "width":8,
                 "x":264,
                 "y":112
                }, 
                {
                 "height":8,
                 "id":1399,
                 "name":"",
                 "properties":
                    {
                     "npc":"novakid",
                     "typeName":"villager"
                    },
                 "rotation":0,
                 "type":"",
                 "visible":true,
                 "width":8,
                 "x":112,
                 "y":112
                }, 
                {
                 "height":8,
                 "id":1400,
                 "name":"",
                 "properties":
                    {
                     "npc":"novakid",
                     "typeName":"villageguard"
                    },
                 "rotation":0,
                 "type":"",
                 "visible":true,
                 "width":8,
                 "x":48,
                 "y":112
                }],
         "opacity":1,
         "type":"objectgroup",
         "visible":true,
         "width":0,
         "x":0,
         "y":0
        }, 
        {
         "color":"#00ffff",
         "draworder":"topdown",
         "height":0,
         "name":"wiring - locked door",
         "objects":[],
         "opacity":1,
         "type":"objectgroup",
         "visible":true,
         "width":0,
         "x":0,
         "y":0
        }, 
        {
         "draworder":"topdown",
         "height":0,
         "name":"outside the map",
         "objects":[],
         "opacity":1,
         "type":"objectgroup",
         "visible":true,
         "width":0,
         "x":0,
         "y":0
        }, 
        {
         "draworder":"topdown",
         "height":0,
         "name":"anchors etc",
         "objects":[
                {
                 "gid":240,
                 "height":8,
                 "id":1385,
                 "name":"",
                 "properties":
                    {

                    },
                 "rotation":0,
                 "type":"",
                 "visible":true,
                 "width":8,
                 "x":424,
                 "y":120
                }, 
                {
                 "height":112,
                 "id":1387,
                 "name":"",
                 "properties":
                    {
                     "stagehand":"objecttracker"
                    },
                 "rotation":0,
                 "type":"",
                 "visible":true,
                 "width":408,
                 "x":24,
                 "y":16
                }],
         "opacity":1,
         "type":"objectgroup",
         "visible":true,
         "width":0,
         "x":0,
         "y":0
        }, 
        {
         "draworder":"topdown",
         "height":0,
         "name":"items",
         "objects":[],
         "opacity":1,
         "type":"objectgroup",
         "visible":true,
         "width":0,
         "x":0,
         "y":0
        }],
 "nextobjectid":1401,
 "orientation":"orthogonal",
 "properties":
    {

    },
 "renderorder":"right-down",
 "tileheight":8,
 "tilesets":[
        {
         "firstgid":1,
         "source":"..\/..\/..\/tilesets\/packed\/materials.json"
        }, 
        {
         "firstgid":191,
         "source":"..\/..\/..\/tilesets\/packed\/supports.json"
        }, 
        {
         "firstgid":227,
         "source":"..\/..\/..\/tilesets\/packed\/miscellaneous.json"
        }, 
        {
         "firstgid":247,
         "source":"..\/..\/..\/tilesets\/packed\/liquids.json"
        }, 
        {
         "firstgid":275,
         "source":"..\/..\/..\/tilesets\/packed\/objects-by-race\/generic.json"
        }, 
        {
         "firstgid":2051,
         "source":"..\/..\/..\/tilesets\/packed\/objects-by-category\/breakable.json"
        }, 
        {
         "firstgid":2349,
         "source":"..\/..\/..\/tilesets\/packed\/objects-by-category\/crafting.json"
        }, 
        {
         "firstgid":2428,
         "source":"..\/..\/..\/tilesets\/packed\/objects-by-category\/decorative.json"
        }, 
        {
         "firstgid":3761,
         "source":"..\/..\/..\/tilesets\/packed\/objects-by-category\/door.json"
        }, 
        {
         "firstgid":3878,
         "source":"..\/..\/..\/tilesets\/packed\/objects-by-category\/light.json"
        }, 
        {
         "firstgid":4298,
         "source":"..\/..\/..\/tilesets\/packed\/objects-by-category\/pot.json"
        }, 
        {
         "firstgid":4595,
         "source":"..\/..\/..\/tilesets\/packed\/objects-by-category\/railpoint.json"
        }, 
        {
         "firstgid":4599,
         "source":"..\/..\/..\/tilesets\/packed\/objects-by-category\/seed.json"
        }, 
        {
         "firstgid":4675,
         "source":"..\/..\/..\/tilesets\/packed\/objects-by-category\/storage.json"
        }, 
        {
         "firstgid":4896,
         "source":"..\/..\/..\/tilesets\/packed\/objects-by-category\/teleportmarker.json"
        }, 
        {
         "firstgid":4910,
         "source":"..\/..\/..\/tilesets\/packed\/objects-by-category\/trap.json"
        }, 
        {
         "firstgid":5114,
         "source":"..\/..\/..\/tilesets\/packed\/objects-by-category\/wire.json"
        }, 
        {
         "firstgid":5299,
         "source":"..\/..\/..\/tilesets\/packed\/objects-by-race\/generic.json"
        }, 
        {
         "firstgid":7075,
         "source":"..\/..\/..\/tilesets\/packed\/objects-by-race\/glitch.json"
        }, 
        {
         "firstgid":7301,
         "source":"..\/..\/..\/tilesets\/packed\/objects-by-race\/novakid.json"
        }, 
        {
         "firstgid":7364,
         "source":"..\/..\/..\/tilesets\/packed\/objects-by-colonytag\/commerce.json"
        }, 
        {
         "firstgid":7496,
         "source":"..\/..\/..\/tilesets\/packed\/objects-by-colonytag\/saloon.json"
        }, 
        {
         "firstgid":7517,
         "source":"..\/..\/..\/tilesets\/packed\/objects-by-type\/loungeable.json"
        }, 
        {
         "firstgid":7782,
         "source":"..\/..\/..\/tilesets\/packed\/objects-by-category\/furniture.json"
        }, 
        {
         "firstgid":8115,
         "source":"..\/..\/..\/tilesets\/packed\/objects-by-colonytag\/pretty.json"
        }],
 "tilewidth":8,
 "version":1,
 "width":55
}