{ "compressionlevel":-1,
 "height":34,
 "infinite":false,
 "layers":[
        {
         "compression":"zlib",
         "data":"eJztl1sKhDAMReuWuxBdieBCXNQgzIcU85pHm6T346LUgHqMJ3oupZzI31KZ7EUXSy2X0Szuua7nIHIdW9+M1luqctvWS+cazcLKRbrnSqy39Rm5PDGxrmfkgn6BXzRcNO8Itd\/WR+Ly7Yy2zmnuu2A0C+t7BO\/O592NiCfvPl2fVy49vRuJC\/plvF8icukxjyJyQb\/AL5hHNBdP\/wGeuMC78C68C+\/29q7VpbN5l3r+kl+i98snfpE8Q9Vl48K5VPJL5nmkmdWaumhcuGi+4bRr0rm8cUG\/wC+\/5JJ5Hs2SF09vVZs=",
         "encoding":"base64",
         "height":34,
         "id":2,
         "name":"back",
         "opacity":0.5,
         "type":"tilelayer",
         "visible":true,
         "width":70,
         "x":0,
         "y":0
        }, 
        {
         "compression":"zlib",
         "data":"eJzt18EJgEAMAMGz\/w7swQ6uAzuwGh+HKLL4kKhn2IF8RdY8Yin9GIev3yDedHM2ddgn6plZ1IT7EsEuzC7MLswuzC7MLswuLGOXu7fp8c49j\/duk3FfItiF2YXZhdmFvdll\/tE3cF92V\/eLGlswuzC7sIxd\/G98TsZ9iWAXZhdmF2YXZhdmF2YXtnTUZQVBQGFr",
         "encoding":"base64",
         "height":34,
         "id":3,
         "name":"front",
         "opacity":1,
         "type":"tilelayer",
         "visible":true,
         "width":70,
         "x":0,
         "y":0
        }, 
        {
         "draworder":"topdown",
         "id":4,
         "name":"objects",
         "objects":[
                {
                 "gid":487,
                 "height":48,
                 "id":2,
                 "name":"",
                 "rotation":0,
                 "type":"",
                 "visible":true,
                 "width":32,
                 "x":392,
                 "y":248
                }, 
                {
                 "gid":483,
                 "height":48,
                 "id":3,
                 "name":"",
                 "rotation":0,
                 "type":"",
                 "visible":true,
                 "width":32,
                 "x":144,
                 "y":248
                }, 
                {
                 "gid":486,
                 "height":48,
                 "id":4,
                 "name":"",
                 "rotation":0,
                 "type":"",
                 "visible":true,
                 "width":32,
                 "x":392,
                 "y":144
                }, 
                {
                 "gid":486,
                 "height":48,
                 "id":5,
                 "name":"",
                 "rotation":0,
                 "type":"",
                 "visible":true,
                 "width":32,
                 "x":144,
                 "y":144
                }, 
                {
                 "gid":1,
                 "height":14,
                 "id":6,
                 "name":"",
                 "rotation":0,
                 "type":"",
                 "visible":true,
                 "width":8,
                 "x":360,
                 "y":160
                }, 
                {
                 "gid":1,
                 "height":14,
                 "id":7,
                 "name":"",
                 "rotation":0,
                 "type":"",
                 "visible":true,
                 "width":8,
                 "x":200,
                 "y":160
                }, 
                {
                 "gid":1,
                 "height":14,
                 "id":11,
                 "name":"",
                 "rotation":0,
                 "type":"",
                 "visible":true,
                 "width":8,
                 "x":200,
                 "y":240
                }, 
                {
                 "gid":1,
                 "height":14,
                 "id":12,
                 "name":"",
                 "rotation":0,
                 "type":"",
                 "visible":true,
                 "width":8,
                 "x":360,
                 "y":240
                }],
         "opacity":1,
         "type":"objectgroup",
         "visible":true,
         "x":0,
         "y":0
        }],
 "nextlayerid":5,
 "nextobjectid":21,
 "orientation":"orthogonal",
 "renderorder":"right-down",
 "tiledversion":"1.10.2",
 "tileheight":8,
 "tilesets":[
        {
         "firstgid":1,
         "source":"..\/..\/..\/..\/..\/Program Files (x86)\/Steam\/steamapps\/common\/Starbound\/mods\/againandagain\/tilesets\/occasus\/occasus.json"
        }, 
        {
         "firstgid":4,
         "source":"..\/..\/..\/..\/..\/Program Files (x86)\/Steam\/steamapps\/common\/Starbound\/assets\/Packed\/tilesets\/packed\/materials.json"
        }, 
        {
         "firstgid":201,
         "source":"..\/..\/..\/..\/..\/Program Files (x86)\/Steam\/steamapps\/common\/Packed\/tilesets\/packed\/materials.json"
        }, 
        {
         "firstgid":398,
         "source":"..\/..\/..\/..\/..\/Program Files (x86)\/Steam\/steamapps\/common\/Starbound\/assets\/Packed\/tilesets\/packed\/miscellaneous.json"
        }, 
        {
         "firstgid":422,
         "source":"..\/..\/..\/..\/..\/Program Files (x86)\/Steam\/steamapps\/common\/Starbound\/assets\/Packed\/tilesets\/packed\/supports.json"
        }, 
        {
         "firstgid":459,
         "source":"..\/..\/..\/..\/..\/Program Files (x86)\/Steam\/steamapps\/common\/Packed\/tilesets\/packed\/miscellaneous.json"
        }, 
        {
         "firstgid":483,
         "source":"..\/..\/..\/..\/..\/Program Files (x86)\/Steam\/steamapps\/common\/Packed\/tilesets\/packed\/objects-by-colonytag\/cultist.json"
        }],
 "tilewidth":8,
 "type":"map",
 "version":1.1,
 "width":70
}