{ "compressionlevel":-1,
 "height":34,
 "infinite":false,
 "layers":[
        {
         "compression":"zlib",
         "data":"eJzNlesNwjAMhE33yY4ZKFuQXVgDCjY9na6JWwHix0lWlC\/xM1nM6jKWDVTbxWpxtZdMqbhWW7GFzinAZNjrY52VYWHv+14+g9kGXNvi3o0d2ZXpvr+73F7Xn\/vRZjbuPMp254WdZsP3vsUR\/uyyKl+Y31GuMEaubcZnzvMvWKVsvDwH3IfY0xk27v4mq2KNWYh4Me5ZfaMnkZ3ViGbqb9mBTPWIuhfnEOeX+1O9G0dZ9aaeYVV9Zz7P5odnKTtH\/DfMWMV\/+i+7jWVKwZ79u++e23V9",
         "encoding":"base64",
         "height":34,
         "id":2,
         "name":"back",
         "opacity":0.46,
         "type":"tilelayer",
         "visible":true,
         "width":15,
         "x":0,
         "y":0
        }, 
        {
         "compression":"zlib",
         "data":"eJxjYMANBPDIwcAaRoYGGIaJ6SNhJHVwjKwXm5lAfVjFR\/UOPb3IGKQHHSOnC3S9R6AYLW01INt1BIpx6cXnZhx6sQJc\/sXl98Gul3+A7B0EeuFpA1k9GptgulqDpB+Jxpsm8eUH9HwwWPLvqF76l5NoGCNd4Er\/pAAA9iB7+g==",
         "encoding":"base64",
         "height":34,
         "id":3,
         "name":"front",
         "opacity":1,
         "type":"tilelayer",
         "visible":true,
         "width":15,
         "x":0,
         "y":0
        }, 
        {
         "draworder":"topdown",
         "id":4,
         "name":"objects",
         "objects":[
                {
                 "gid":456,
                 "height":14,
                 "id":1,
                 "name":"",
                 "rotation":0,
                 "type":"",
                 "visible":true,
                 "width":8,
                 "x":32,
                 "y":56
                }, 
                {
                 "gid":456,
                 "height":14,
                 "id":2,
                 "name":"",
                 "rotation":0,
                 "type":"",
                 "visible":true,
                 "width":8,
                 "x":80,
                 "y":56
                }, 
                {
                 "gid":456,
                 "height":14,
                 "id":3,
                 "name":"",
                 "rotation":0,
                 "type":"",
                 "visible":true,
                 "width":8,
                 "x":32,
                 "y":232
                }, 
                {
                 "gid":456,
                 "height":14,
                 "id":4,
                 "name":"",
                 "rotation":0,
                 "type":"",
                 "visible":true,
                 "width":8,
                 "x":80,
                 "y":232
                }, 
                {
                 "gid":456,
                 "height":14,
                 "id":5,
                 "name":"",
                 "rotation":0,
                 "type":"",
                 "visible":true,
                 "width":8,
                 "x":32,
                 "y":120
                }, 
                {
                 "gid":456,
                 "height":14,
                 "id":6,
                 "name":"",
                 "rotation":0,
                 "type":"",
                 "visible":true,
                 "width":8,
                 "x":80,
                 "y":120
                }],
         "opacity":1,
         "type":"objectgroup",
         "visible":true,
         "x":0,
         "y":0
        }],
 "nextlayerid":5,
 "nextobjectid":8,
 "orientation":"orthogonal",
 "renderorder":"right-down",
 "tiledversion":"1.10.2",
 "tileheight":8,
 "tilesets":[
        {
         "firstgid":1,
         "source":"..\/..\/..\/..\/..\/Program Files (x86)\/Steam\/steamapps\/common\/Packed\/tilesets\/packed\/miscellaneous.json"
        }, 
        {
         "firstgid":25,
         "source":"..\/..\/..\/..\/..\/Program Files (x86)\/Steam\/steamapps\/common\/Starbound\/assets\/Packed\/tilesets\/packed\/supports.json"
        }, 
        {
         "firstgid":62,
         "source":"..\/..\/..\/..\/..\/Program Files (x86)\/Steam\/steamapps\/common\/Packed\/tilesets\/packed\/materials.json"
        }, 
        {
         "firstgid":259,
         "source":"..\/..\/..\/..\/..\/Program Files (x86)\/Steam\/steamapps\/common\/Starbound\/assets\/Packed\/tilesets\/packed\/materials.json"
        }, 
        {
         "firstgid":456,
         "source":"..\/..\/..\/..\/..\/Program Files (x86)\/Steam\/steamapps\/common\/Starbound\/mods\/againandagain\/tilesets\/occasus\/occasus.json"
        }, 
        {
         "firstgid":459,
         "source":"..\/..\/..\/..\/..\/Program Files (x86)\/Steam\/steamapps\/common\/Packed\/tilesets\/packed\/objects-by-colonytag\/human.json"
        }],
 "tilewidth":8,
 "type":"map",
 "version":1.1,
 "width":15
}