{ "compressionlevel":-1,
 "height":34,
 "infinite":false,
 "layers":[
        {
         "compression":"zlib",
         "data":"eJzlmVGOwjAMRNtvvrhnTrJflbjE3oVLrVaiWmuYccZJQCvxYalQ1\/FL4okLl23bLh9sx75t14fhNZryu29\/lvndEluRh+vH2K+7zpX5tcR68TL2ah5VP4f95LgljGrMnl+FPZvjXh4Vdoy5Yr4xlsPOcsjixzxw\/8V9iOzRWrjGMZmx3JRf1dw8GhmDjX1+juzfD2vhmo0Z78VnXL9f+wJTzJU81P6Ifi1cv5M9ciE7m4MR9p5fxs7GxLNLsUcfNmaPO7KzNcjyaCSPzM9lx3lk68I0ke2jGXZnPbM88Bq1DvVB6eaIVqn4So\/QN9M61EQ2Npq77piTquPoq2qjt+4jutOIX087HXbkwn2OZ0tPE5397rBXamOGPc5lpt\/K2HzhPGTsKibbYyPsrMaQm9UQ6ktW8xV9wO9YvbOclF9W79j3nZ8j00Hus9xYnJ5hrxpjMCaWb+aH8Srsqt9mY2Iclx8tY0Kf1ewqlsvSezdCq7CvXHesi9M\/9kmo6bF+os9MvbPaPPbnfk3VsfJD32o\/j\/mpsxDPoGhuX8f6DEe\/R88491xVWsXOX3xmlL3tr2dXfZLqp9QZhAwz7Di\/FXY1lzPszv5Yye4yuf2f+t0m6ghqndIj1Bjmo3Qs0ySWRxZL+Tlah+uEGqfeCZ11GVl3t6YcfXL2POujRzRmlj2rvSq7W+8YC59\/JTvO+ewZV9U6FqvXi6xkj\/w99l4\/orgyrVthbh+nNHREG9nY7P6K\/6Rm3jXQYvz4\/Gj8LN9V\/8ep3HrxRtkZ939hd3Nz2FVdzO7Tk\/0+YTGn+N1MzHfY5cPtB\/nX2pc=",
         "encoding":"base64",
         "height":34,
         "id":2,
         "name":"back",
         "opacity":0.5,
         "type":"tilelayer",
         "visible":true,
         "width":63,
         "x":0,
         "y":0
        }, 
        {
         "compression":"zlib",
         "data":"eJztmNEJwzAMROMp2jEzihfof+fwHt2lhMZY2K5jCroTtR4IlBCQHw7JJdvG40acnYkBV5kUSjHXIXsNHuFT9ZxUHcdQrtXE3dtec96MO2otvR5J7Y7C3dseibvjcffSoyoNipVtnmdp3AMW3u\/fHOV5DSy4H2ju7xUz7jvpGaBF9plx\/zf2cz+tud9Bc6y5o7wPLH3LsBi931diNV+JBXeZbZDrQc+6ynUR6I+cM8q0K3\/LaGIlz8s5vV6DX9w1cz3SPc+wkm3Q7j2s\/Ldh4O543L3tkVhxR2cbCTPbsHiR1\/AG5zHvgQ==",
         "encoding":"base64",
         "height":34,
         "id":3,
         "name":"front",
         "opacity":1,
         "type":"tilelayer",
         "visible":true,
         "width":63,
         "x":0,
         "y":0
        }, 
        {
         "draworder":"topdown",
         "id":4,
         "name":"objects",
         "objects":[
                {
                 "gid":489,
                 "height":14,
                 "id":2,
                 "name":"",
                 "rotation":0,
                 "type":"",
                 "visible":true,
                 "width":8,
                 "x":328,
                 "y":152
                }, 
                {
                 "gid":6,
                 "height":64,
                 "id":5,
                 "name":"",
                 "rotation":0,
                 "type":"",
                 "visible":true,
                 "width":24,
                 "x":8,
                 "y":168
                }, 
                {
                 "gid":6,
                 "height":64,
                 "id":66,
                 "name":"",
                 "rotation":0,
                 "type":"",
                 "visible":true,
                 "width":24,
                 "x":472,
                 "y":168
                }, 
                {
                 "gid":604,
                 "height":24,
                 "id":6,
                 "name":"",
                 "rotation":0,
                 "type":"",
                 "visible":true,
                 "width":24,
                 "x":464,
                 "y":40
                }, 
                {
                 "gid":604,
                 "height":24,
                 "id":7,
                 "name":"",
                 "rotation":0,
                 "type":"",
                 "visible":true,
                 "width":24,
                 "x":464,
                 "y":216
                }, 
                {
                 "gid":603,
                 "height":24,
                 "id":8,
                 "name":"",
                 "rotation":0,
                 "type":"",
                 "visible":true,
                 "width":24,
                 "x":16,
                 "y":216
                }, 
                {
                 "gid":603,
                 "height":24,
                 "id":9,
                 "name":"",
                 "rotation":0,
                 "type":"",
                 "visible":true,
                 "width":24,
                 "x":16,
                 "y":40
                }, 
                {
                 "gid":623,
                 "height":24,
                 "id":10,
                 "name":"",
                 "rotation":0,
                 "type":"",
                 "visible":true,
                 "width":32,
                 "x":64,
                 "y":256
                }, 
                {
                 "gid":623,
                 "height":24,
                 "id":11,
                 "name":"",
                 "rotation":0,
                 "type":"",
                 "visible":true,
                 "width":32,
                 "x":416,
                 "y":256
                }, 
                {
                 "gid":654,
                 "height":16,
                 "id":27,
                 "name":"",
                 "rotation":0,
                 "type":"",
                 "visible":true,
                 "width":24,
                 "x":96,
                 "y":256
                }, 
                {
                 "gid":654,
                 "height":16,
                 "id":29,
                 "name":"",
                 "rotation":0,
                 "type":"",
                 "visible":true,
                 "width":24,
                 "x":96,
                 "y":80
                }, 
                {
                 "gid":649,
                 "height":40,
                 "id":32,
                 "name":"",
                 "rotation":0,
                 "type":"",
                 "visible":true,
                 "width":32,
                 "x":456,
                 "y":80
                }, 
                {
                 "gid":649,
                 "height":40,
                 "id":33,
                 "name":"",
                 "rotation":0,
                 "type":"",
                 "visible":true,
                 "width":32,
                 "x":416,
                 "y":80
                }, 
                {
                 "gid":649,
                 "height":40,
                 "id":34,
                 "name":"",
                 "rotation":0,
                 "type":"",
                 "visible":true,
                 "width":32,
                 "x":296,
                 "y":80
                }, 
                {
                 "gid":649,
                 "height":40,
                 "id":35,
                 "name":"",
                 "rotation":0,
                 "type":"",
                 "visible":true,
                 "width":32,
                 "x":16,
                 "y":256
                }, 
                {
                 "gid":860,
                 "height":40,
                 "id":37,
                 "name":"",
                 "rotation":0,
                 "type":"",
                 "visible":true,
                 "width":48,
                 "x":264,
                 "y":256
                }, 
                {
                 "gid":860,
                 "height":40,
                 "id":38,
                 "name":"",
                 "rotation":0,
                 "type":"",
                 "visible":true,
                 "width":48,
                 "x":264,
                 "y":184
                }, 
                {
                 "gid":860,
                 "height":40,
                 "id":39,
                 "name":"",
                 "rotation":0,
                 "type":"",
                 "visible":true,
                 "width":48,
                 "x":264,
                 "y":80
                }, 
                {
                 "gid":860,
                 "height":40,
                 "id":40,
                 "name":"",
                 "rotation":0,
                 "type":"",
                 "visible":true,
                 "width":48,
                 "x":192,
                 "y":80
                }, 
                {
                 "gid":860,
                 "height":40,
                 "id":41,
                 "name":"",
                 "rotation":0,
                 "type":"",
                 "visible":true,
                 "width":48,
                 "x":192,
                 "y":184
                }, 
                {
                 "gid":860,
                 "height":40,
                 "id":42,
                 "name":"",
                 "rotation":0,
                 "type":"",
                 "visible":true,
                 "width":48,
                 "x":192,
                 "y":256
                }, 
                {
                 "gid":654,
                 "height":16,
                 "id":43,
                 "name":"",
                 "rotation":0,
                 "type":"",
                 "visible":true,
                 "width":24,
                 "x":336,
                 "y":184
                }, 
                {
                 "gid":654,
                 "height":16,
                 "id":44,
                 "name":"",
                 "rotation":0,
                 "type":"",
                 "visible":true,
                 "width":24,
                 "x":160,
                 "y":144
                }, 
                {
                 "gid":654,
                 "height":16,
                 "id":45,
                 "name":"",
                 "rotation":0,
                 "type":"",
                 "visible":true,
                 "width":24,
                 "x":376,
                 "y":80
                }, 
                {
                 "gid":489,
                 "height":14,
                 "id":50,
                 "name":"",
                 "rotation":0,
                 "type":"",
                 "visible":true,
                 "width":8,
                 "x":440,
                 "y":128
                }, 
                {
                 "gid":489,
                 "height":14,
                 "id":51,
                 "name":"",
                 "rotation":0,
                 "type":"",
                 "visible":true,
                 "width":8,
                 "x":328,
                 "y":128
                }, 
                {
                 "gid":489,
                 "height":14,
                 "id":52,
                 "name":"",
                 "properties":
                    {
                     "imagePositionX":"-8"
                    },
                 "propertytypes":
                    {
                     "imagePositionX":"string"
                    },
                 "rotation":0,
                 "type":"",
                 "visible":true,
                 "width":8,
                 "x":168,
                 "y":128
                }, 
                {
                 "gid":489,
                 "height":14,
                 "id":53,
                 "name":"",
                 "rotation":0,
                 "type":"",
                 "visible":true,
                 "width":8,
                 "x":56,
                 "y":128
                }, 
                {
                 "gid":489,
                 "height":14,
                 "id":54,
                 "name":"",
                 "rotation":0,
                 "type":"",
                 "visible":true,
                 "width":8,
                 "x":56,
                 "y":56
                }, 
                {
                 "gid":489,
                 "height":14,
                 "id":55,
                 "name":"",
                 "rotation":0,
                 "type":"",
                 "visible":true,
                 "width":8,
                 "x":440,
                 "y":232
                }, 
                {
                 "gid":489,
                 "height":14,
                 "id":56,
                 "name":"",
                 "rotation":0,
                 "type":"",
                 "visible":true,
                 "width":8,
                 "x":56,
                 "y":232
                }, 
                {
                 "gid":489,
                 "height":14,
                 "id":57,
                 "name":"",
                 "rotation":0,
                 "type":"",
                 "visible":true,
                 "width":8,
                 "x":328,
                 "y":56
                }, 
                {
                 "gid":489,
                 "height":14,
                 "id":58,
                 "name":"",
                 "rotation":0,
                 "type":"",
                 "visible":true,
                 "width":8,
                 "x":168,
                 "y":56
                }, 
                {
                 "gid":489,
                 "height":14,
                 "id":59,
                 "name":"",
                 "rotation":0,
                 "type":"",
                 "visible":true,
                 "width":8,
                 "x":256,
                 "y":80
                }, 
                {
                 "gid":489,
                 "height":14,
                 "id":60,
                 "name":"",
                 "rotation":0,
                 "type":"",
                 "visible":true,
                 "width":8,
                 "x":240,
                 "y":80
                }, 
                {
                 "gid":489,
                 "height":14,
                 "id":61,
                 "name":"",
                 "rotation":0,
                 "type":"",
                 "visible":true,
                 "width":8,
                 "x":240,
                 "y":184
                }, 
                {
                 "gid":489,
                 "height":14,
                 "id":62,
                 "name":"",
                 "rotation":0,
                 "type":"",
                 "visible":true,
                 "width":8,
                 "x":256,
                 "y":184
                }, 
                {
                 "gid":489,
                 "height":14,
                 "id":64,
                 "name":"",
                 "rotation":0,
                 "type":"",
                 "visible":true,
                 "width":8,
                 "x":112,
                 "y":56
                }, 
                {
                 "gid":489,
                 "height":14,
                 "id":65,
                 "name":"",
                 "rotation":0,
                 "type":"",
                 "visible":true,
                 "width":8,
                 "x":384,
                 "y":56
                }, 
                {
                 "gid":491,
                 "height":32,
                 "id":69,
                 "name":"",
                 "properties":
                    {
                     "imagePositionX":"-16",
                     "imagePositionY":"-16"
                    },
                 "propertytypes":
                    {
                     "imagePositionX":"string",
                     "imagePositionY":"string"
                    },
                 "rotation":0,
                 "type":"",
                 "visible":true,
                 "width":32,
                 "x":96,
                 "y":152
                }, 
                {
                 "gid":491,
                 "height":32,
                 "id":78,
                 "name":"",
                 "properties":
                    {
                     "imagePositionX":"-16",
                     "imagePositionY":"-16"
                    },
                 "propertytypes":
                    {
                     "imagePositionX":"string",
                     "imagePositionY":"string"
                    },
                 "rotation":0,
                 "type":"",
                 "visible":true,
                 "width":32,
                 "x":376,
                 "y":152
                }, 
                {
                 "gid":495,
                 "height":16,
                 "id":70,
                 "name":"",
                 "rotation":0,
                 "type":"",
                 "visible":true,
                 "width":40,
                 "x":384,
                 "y":184
                }, 
                {
                 "gid":608,
                 "height":32,
                 "id":71,
                 "name":"",
                 "rotation":0,
                 "type":"",
                 "visible":true,
                 "width":40,
                 "x":320,
                 "y":256
                }, 
                {
                 "gid":649,
                 "height":40,
                 "id":72,
                 "name":"",
                 "rotation":0,
                 "type":"",
                 "visible":true,
                 "width":32,
                 "x":336,
                 "y":80
                }, 
                {
                 "gid":649,
                 "height":40,
                 "id":73,
                 "name":"",
                 "rotation":0,
                 "type":"",
                 "visible":true,
                 "width":32,
                 "x":128,
                 "y":80
                }, 
                {
                 "gid":649,
                 "height":40,
                 "id":74,
                 "name":"",
                 "rotation":0,
                 "type":"",
                 "visible":true,
                 "width":32,
                 "x":64,
                 "y":80
                }, 
                {
                 "gid":649,
                 "height":40,
                 "id":75,
                 "name":"",
                 "rotation":0,
                 "type":"",
                 "visible":true,
                 "width":32,
                 "x":48,
                 "y":184
                }, 
                {
                 "gid":649,
                 "height":40,
                 "id":76,
                 "name":"",
                 "properties":
                    {
                     "tilesetDirection":"left"
                    },
                 "propertytypes":
                    {
                     "tilesetDirection":"string"
                    },
                 "rotation":0,
                 "type":"",
                 "visible":true,
                 "width":32,
                 "x":152,
                 "y":184
                }, 
                {
                 "gid":655,
                 "height":40,
                 "id":79,
                 "name":"",
                 "rotation":0,
                 "type":"",
                 "visible":true,
                 "width":32,
                 "x":136,
                 "y":256
                }, 
                {
                 "gid":536,
                 "height":24,
                 "id":80,
                 "name":"",
                 "rotation":0,
                 "type":"",
                 "visible":true,
                 "width":32,
                 "x":360,
                 "y":256
                }, 
                {
                 "gid":552,
                 "height":20,
                 "id":81,
                 "name":"",
                 "properties":
                    {
                     "tilesetDirection":"left"
                    },
                 "propertytypes":
                    {
                     "tilesetDirection":"string"
                    },
                 "rotation":0,
                 "type":"",
                 "visible":true,
                 "width":16,
                 "x":392,
                 "y":256
                }, 
                {
                 "gid":552,
                 "height":20,
                 "id":82,
                 "name":"",
                 "rotation":0,
                 "type":"",
                 "visible":true,
                 "width":16,
                 "x":368,
                 "y":184
                }, 
                {
                 "gid":552,
                 "height":20,
                 "id":83,
                 "name":"",
                 "properties":
                    {
                     "tilesetDirection":"left"
                    },
                 "propertytypes":
                    {
                     "tilesetDirection":"string"
                    },
                 "rotation":0,
                 "type":"",
                 "visible":true,
                 "width":16,
                 "x":424,
                 "y":184
                }, 
                {
                 "gid":495,
                 "height":16,
                 "id":84,
                 "name":"",
                 "rotation":0,
                 "type":"",
                 "visible":true,
                 "width":40,
                 "x":96,
                 "y":184
                }, 
                {
                 "gid":552,
                 "height":20,
                 "id":85,
                 "name":"",
                 "rotation":0,
                 "type":"",
                 "visible":true,
                 "width":16,
                 "x":80,
                 "y":184
                }, 
                {
                 "gid":552,
                 "height":20,
                 "id":86,
                 "name":"",
                 "properties":
                    {
                     "tilesetDirection":"left"
                    },
                 "propertytypes":
                    {
                     "tilesetDirection":"string"
                    },
                 "rotation":0,
                 "type":"",
                 "visible":true,
                 "width":16,
                 "x":136,
                 "y":184
                }, 
                {
                 "gid":696,
                 "height":40,
                 "id":87,
                 "name":"",
                 "rotation":0,
                 "type":"",
                 "visible":true,
                 "width":32,
                 "x":24,
                 "y":80
                }, 
                {
                 "height":8,
                 "id":88,
                 "name":"",
                 "properties":
                    {
                     "npc":"human",
                     "typeName":"buster"
                    },
                 "propertytypes":
                    {
                     "npc":"string",
                     "typeName":"string"
                    },
                 "rotation":0,
                 "type":"",
                 "visible":true,
                 "width":8,
                 "x":360,
                 "y":104
                }],
         "opacity":1,
         "type":"objectgroup",
         "visible":true,
         "x":0,
         "y":0
        }],
 "nextlayerid":5,
 "nextobjectid":89,
 "orientation":"orthogonal",
 "renderorder":"right-down",
 "tiledversion":"1.11.2",
 "tileheight":8,
 "tilesets":[
        {
         "firstgid":1,
         "source":"..\/..\/..\/..\/..\/Program Files (x86)\/Steam\/steamapps\/common\/Packed\/tilesets\/packed\/objects-by-colonytag\/cultist.json"
        }, 
        {
         "firstgid":10,
         "source":"..\/..\/..\/..\/..\/Program Files (x86)\/Steam\/steamapps\/common\/Packed\/tilesets\/packed\/miscellaneous.json"
        }, 
        {
         "firstgid":34,
         "source":"..\/..\/..\/..\/..\/Program Files (x86)\/Steam\/steamapps\/common\/Packed\/tilesets\/packed\/materials.json"
        }, 
        {
         "firstgid":231,
         "source":"..\/..\/..\/..\/..\/Program Files (x86)\/Steam\/steamapps\/common\/Starbound\/assets\/Packed\/tilesets\/packed\/materials.json"
        }, 
        {
         "firstgid":428,
         "source":"..\/..\/..\/..\/..\/Program Files (x86)\/Steam\/steamapps\/common\/Starbound\/assets\/Packed\/tilesets\/packed\/supports.json"
        }, 
        {
         "firstgid":465,
         "source":"..\/..\/..\/..\/..\/Program Files (x86)\/Steam\/steamapps\/common\/Starbound\/assets\/Packed\/tilesets\/packed\/miscellaneous.json"
        }, 
        {
         "firstgid":489,
         "source":"..\/..\/..\/..\/..\/Program Files (x86)\/Steam\/steamapps\/common\/Starbound\/mods\/againandagain\/tilesets\/occasus\/occasus.json"
        }, 
        {
         "firstgid":495,
         "source":"..\/..\/..\/..\/..\/Program Files (x86)\/Steam\/steamapps\/common\/Packed\/tilesets\/packed\/objects-by-colonytag\/human.json"
        }, 
        {
         "firstgid":742,
         "source":"..\/..\/..\/..\/..\/Program Files (x86)\/Steam\/steamapps\/common\/Packed\/tilesets\/packed\/objects-by-colonytag\/door.json"
        }, 
        {
         "firstgid":865,
         "source":"..\/..\/..\/..\/..\/Program Files (x86)\/Steam\/steamapps\/common\/Starbound\/assets\/Packed\/tilesets\/packed\/objects-by-category\/storage.json"
        }],
 "tilewidth":8,
 "type":"map",
 "version":1.1,
 "width":63
}