{ "compressionlevel":-1,
 "height":34,
 "infinite":false,
 "layers":[
        {
         "compression":"zlib",
         "data":"eJztlMENgDAIRUlXczEH8+QYTmM8mBgFChQNMf\/wLgTxlX5tRHMDwMCayIjDwnDUJwatHw7jDhXysDFo55X64WBzyLz3aE60c3nzH\/1e4GDKAzFY7\/ve\/5hTbQ9wcGfBk4funKuD9H97uw6Hz\/MgzjLsgaT6+WwWcAjn4bd7gEONPCiQQtp7dibx7Us=",
         "encoding":"base64",
         "height":34,
         "id":1,
         "name":"back",
         "opacity":0.5,
         "type":"tilelayer",
         "visible":true,
         "width":33,
         "x":0,
         "y":0
        }, 
        {
         "compression":"zlib",
         "data":"eJztlsEJwDAIRR2hIztbZnKAXuqhxS+UVD30P5CEXHwJRBUh5M4S0amYvjshJAf9XUvi6\/qAaoUV1xA6vHIohQ50eDiEPs0OGu3\/7pD1hqpesfMOC5zvgGbcTgcEHegw5RDMkO6gvtqV26OLoynPCavIu8c=",
         "encoding":"base64",
         "height":34,
         "id":2,
         "name":"front",
         "opacity":1,
         "type":"tilelayer",
         "visible":true,
         "width":33,
         "x":0,
         "y":0
        }, 
        {
         "draworder":"topdown",
         "id":3,
         "name":"objects",
         "objects":[
                {
                 "gid":259,
                 "height":14,
                 "id":4,
                 "name":"",
                 "rotation":0,
                 "type":"",
                 "visible":true,
                 "width":8,
                 "x":88,
                 "y":216
                }, 
                {
                 "gid":259,
                 "height":14,
                 "id":5,
                 "name":"",
                 "rotation":0,
                 "type":"",
                 "visible":true,
                 "width":8,
                 "x":24,
                 "y":216
                }, 
                {
                 "gid":264,
                 "height":40,
                 "id":6,
                 "name":"",
                 "rotation":0,
                 "type":"",
                 "visible":true,
                 "width":48,
                 "x":-8,
                 "y":256
                }, 
                {
                 "gid":266,
                 "height":48,
                 "id":7,
                 "name":"",
                 "rotation":0,
                 "type":"",
                 "visible":true,
                 "width":32,
                 "x":216,
                 "y":88
                }, 
                {
                 "gid":265,
                 "height":48,
                 "id":8,
                 "name":"",
                 "rotation":0,
                 "type":"",
                 "visible":true,
                 "width":32,
                 "x":16,
                 "y":88
                }, 
                {
                 "gid":278,
                 "height":24,
                 "id":9,
                 "name":"",
                 "rotation":0,
                 "type":"",
                 "visible":true,
                 "width":40,
                 "x":208,
                 "y":192
                }, 
                {
                 "gid":278,
                 "height":24,
                 "id":10,
                 "name":"",
                 "rotation":0,
                 "type":"",
                 "visible":true,
                 "width":40,
                 "x":160,
                 "y":192
                }, 
                {
                 "gid":278,
                 "height":24,
                 "id":11,
                 "name":"",
                 "rotation":0,
                 "type":"",
                 "visible":true,
                 "width":40,
                 "x":160,
                 "y":168
                }, 
                {
                 "gid":278,
                 "height":24,
                 "id":12,
                 "name":"",
                 "rotation":0,
                 "type":"",
                 "visible":true,
                 "width":40,
                 "x":160,
                 "y":144
                }, 
                {
                 "gid":278,
                 "height":24,
                 "id":13,
                 "name":"",
                 "rotation":0,
                 "type":"",
                 "visible":true,
                 "width":40,
                 "x":112,
                 "y":192
                }, 
                {
                 "gid":278,
                 "height":24,
                 "id":14,
                 "name":"",
                 "rotation":0,
                 "type":"",
                 "visible":true,
                 "width":40,
                 "x":160,
                 "y":96
                }, 
                {
                 "gid":259,
                 "height":14,
                 "id":15,
                 "name":"",
                 "rotation":0,
                 "type":"",
                 "visible":true,
                 "width":8,
                 "x":152,
                 "y":144
                }, 
                {
                 "gid":259,
                 "height":14,
                 "id":16,
                 "name":"",
                 "rotation":0,
                 "type":"",
                 "visible":true,
                 "width":8,
                 "x":200,
                 "y":144
                }, 
                {
                 "gid":259,
                 "height":14,
                 "id":17,
                 "name":"",
                 "rotation":0,
                 "type":"",
                 "visible":true,
                 "width":8,
                 "x":104,
                 "y":144
                }, 
                {
                 "gid":259,
                 "height":14,
                 "id":20,
                 "name":"",
                 "rotation":0,
                 "type":"",
                 "visible":true,
                 "width":8,
                 "x":152,
                 "y":72
                }, 
                {
                 "gid":259,
                 "height":14,
                 "id":21,
                 "name":"",
                 "rotation":0,
                 "type":"",
                 "visible":true,
                 "width":8,
                 "x":104,
                 "y":72
                }, 
                {
                 "gid":310,
                 "height":20,
                 "id":22,
                 "name":"",
                 "rotation":0,
                 "type":"",
                 "visible":true,
                 "width":16,
                 "x":72,
                 "y":96
                }, 
                {
                 "height":8,
                 "id":23,
                 "name":"",
                 "properties":
                    {
                     "npc":"human",
                     "typeName":"cultistmage"
                    },
                 "propertytypes":
                    {
                     "npc":"string",
                     "typeName":"string"
                    },
                 "rotation":0,
                 "type":"",
                 "visible":true,
                 "width":8,
                 "x":88,
                 "y":152
                }],
         "opacity":1,
         "type":"objectgroup",
         "visible":true,
         "x":0,
         "y":0
        }],
 "nextlayerid":4,
 "nextobjectid":24,
 "orientation":"orthogonal",
 "renderorder":"right-down",
 "tiledversion":"1.10.2",
 "tileheight":8,
 "tilesets":[
        {
         "firstgid":1,
         "source":"..\/..\/..\/..\/..\/Program Files (x86)\/Steam\/steamapps\/common\/Packed\/tilesets\/packed\/miscellaneous.json"
        }, 
        {
         "firstgid":25,
         "source":"..\/..\/..\/..\/..\/Program Files (x86)\/Steam\/steamapps\/common\/Starbound\/assets\/Packed\/tilesets\/packed\/materials.json"
        }, 
        {
         "firstgid":222,
         "source":"..\/..\/..\/..\/..\/Program Files (x86)\/Steam\/steamapps\/common\/Starbound\/assets\/Packed\/tilesets\/packed\/supports.json"
        }, 
        {
         "firstgid":259,
         "source":"..\/..\/..\/..\/..\/Program Files (x86)\/Steam\/steamapps\/common\/Starbound\/mods\/againandagain\/tilesets\/occasus\/occasus.json"
        }, 
        {
         "firstgid":262,
         "source":"..\/..\/..\/..\/..\/Program Files (x86)\/Steam\/steamapps\/common\/Packed\/tilesets\/packed\/objects-by-colonytag\/cultist.json"
        }, 
        {
         "firstgid":271,
         "source":"..\/..\/..\/..\/..\/Program Files (x86)\/Steam\/steamapps\/common\/Packed\/tilesets\/packed\/objects-by-colonytag\/lunarbase.json"
        }, 
        {
         "firstgid":295,
         "source":"..\/..\/..\/..\/..\/Program Files (x86)\/Steam\/steamapps\/common\/Packed\/tilesets\/packed\/objects-by-colonytag\/humanprison.json"
        }],
 "tilewidth":8,
 "type":"map",
 "version":1.1,
 "width":33
}