{ "compressionlevel":-1,
 "height":34,
 "infinite":false,
 "layers":[
        {
         "compression":"zlib",
         "data":"eJztljsKgDAQRDd1Kq9tFfAS3sVL2QSUxexqfggzxYMUQ5xHyJooIhGYFESWjF5rSrlDLqzcZtCjx9vck\/sSyl175yz30T3oTvcSeq\/WXC29e9zd94xe671ac6vBzB50tzP63+XlkvPNWvevPbwcz52zDvnc6Y7pjnzfkd+0dMd0L6HfSV5uxF2v6eHlOOfpTndM91kzhrPuX+dOd7qjuaPB9zzdUd0PQCI4J08ZAiU=",
         "encoding":"base64",
         "height":34,
         "id":2,
         "name":"back",
         "opacity":0.5,
         "type":"tilelayer",
         "visible":true,
         "width":63,
         "x":0,
         "y":0
        }, 
        {
         "compression":"zlib",
         "data":"eJztmNEJgDAMBXUKHbtjOEf3cBd\/lAar1Z\/eCzQHhaAfyVmhT6dJxyLsfZFmbuXGIuew7tQztuS5fZ+YI9z79\/vjTs3yVJPc3SnCva5Jwp0n3Es9crbZztXzHVCe72+O9npP1NmG2N831O5Kwr2gdl\/BXp7caW8v3zIqWuf7SIzma\/HgbrMNOQ\/d6yvXJdCf7NPKtCN\/yxB4Od\/DnevpKdso9v2Ol\/82CsKdJ9zrmsSLO51tLMpso2IXz3AAC4vhFw==",
         "encoding":"base64",
         "height":34,
         "id":3,
         "name":"front",
         "opacity":1,
         "type":"tilelayer",
         "visible":true,
         "width":63,
         "x":0,
         "y":0
        }, 
        {
         "draworder":"topdown",
         "id":4,
         "name":"objects",
         "objects":[
                {
                 "gid":489,
                 "height":14,
                 "id":1,
                 "name":"",
                 "rotation":0,
                 "type":"",
                 "visible":true,
                 "width":8,
                 "x":168,
                 "y":152
                }, 
                {
                 "gid":489,
                 "height":14,
                 "id":2,
                 "name":"",
                 "rotation":0,
                 "type":"",
                 "visible":true,
                 "width":8,
                 "x":328,
                 "y":152
                }, 
                {
                 "gid":6,
                 "height":64,
                 "id":5,
                 "name":"",
                 "rotation":0,
                 "type":"",
                 "visible":true,
                 "width":24,
                 "x":8,
                 "y":168
                }, 
                {
                 "gid":6,
                 "height":64,
                 "id":66,
                 "name":"",
                 "rotation":0,
                 "type":"",
                 "visible":true,
                 "width":24,
                 "x":472,
                 "y":168
                }, 
                {
                 "gid":601,
                 "height":24,
                 "id":6,
                 "name":"",
                 "rotation":0,
                 "type":"",
                 "visible":true,
                 "width":24,
                 "x":464,
                 "y":40
                }, 
                {
                 "gid":601,
                 "height":24,
                 "id":7,
                 "name":"",
                 "rotation":0,
                 "type":"",
                 "visible":true,
                 "width":24,
                 "x":464,
                 "y":216
                }, 
                {
                 "gid":600,
                 "height":24,
                 "id":8,
                 "name":"",
                 "rotation":0,
                 "type":"",
                 "visible":true,
                 "width":24,
                 "x":16,
                 "y":216
                }, 
                {
                 "gid":600,
                 "height":24,
                 "id":9,
                 "name":"",
                 "rotation":0,
                 "type":"",
                 "visible":true,
                 "width":24,
                 "x":16,
                 "y":40
                }, 
                {
                 "gid":620,
                 "height":24,
                 "id":10,
                 "name":"",
                 "rotation":0,
                 "type":"",
                 "visible":true,
                 "width":32,
                 "x":64,
                 "y":256
                }, 
                {
                 "gid":620,
                 "height":24,
                 "id":11,
                 "name":"",
                 "rotation":0,
                 "type":"",
                 "visible":true,
                 "width":32,
                 "x":408,
                 "y":256
                }, 
                {
                 "gid":499,
                 "height":24,
                 "id":12,
                 "name":"",
                 "rotation":0,
                 "type":"",
                 "visible":true,
                 "width":56,
                 "x":128,
                 "y":256
                }, 
                {
                 "gid":499,
                 "height":24,
                 "id":13,
                 "name":"",
                 "rotation":0,
                 "type":"",
                 "visible":true,
                 "width":56,
                 "x":128,
                 "y":232
                }, 
                {
                 "gid":499,
                 "height":24,
                 "id":14,
                 "name":"",
                 "rotation":0,
                 "type":"",
                 "visible":true,
                 "width":56,
                 "x":88,
                 "y":184
                }, 
                {
                 "gid":499,
                 "height":24,
                 "id":15,
                 "name":"",
                 "rotation":0,
                 "type":"",
                 "visible":true,
                 "width":56,
                 "x":88,
                 "y":160
                }, 
                {
                 "gid":499,
                 "height":24,
                 "id":16,
                 "name":"",
                 "rotation":0,
                 "type":"",
                 "visible":true,
                 "width":56,
                 "x":88,
                 "y":136
                }, 
                {
                 "gid":499,
                 "height":24,
                 "id":17,
                 "name":"",
                 "rotation":0,
                 "type":"",
                 "visible":true,
                 "width":56,
                 "x":360,
                 "y":184
                }, 
                {
                 "gid":499,
                 "height":24,
                 "id":18,
                 "name":"",
                 "rotation":0,
                 "type":"",
                 "visible":true,
                 "width":56,
                 "x":360,
                 "y":160
                }, 
                {
                 "gid":499,
                 "height":24,
                 "id":19,
                 "name":"",
                 "rotation":0,
                 "type":"",
                 "visible":true,
                 "width":56,
                 "x":360,
                 "y":136
                }, 
                {
                 "gid":499,
                 "height":24,
                 "id":20,
                 "name":"",
                 "rotation":0,
                 "type":"",
                 "visible":true,
                 "width":56,
                 "x":320,
                 "y":256
                }, 
                {
                 "gid":499,
                 "height":24,
                 "id":21,
                 "name":"",
                 "rotation":0,
                 "type":"",
                 "visible":true,
                 "width":56,
                 "x":320,
                 "y":232
                }, 
                {
                 "gid":559,
                 "height":16,
                 "id":22,
                 "name":"",
                 "rotation":0,
                 "type":"",
                 "visible":true,
                 "width":24,
                 "x":16,
                 "y":80
                }, 
                {
                 "gid":559,
                 "height":16,
                 "id":23,
                 "name":"",
                 "rotation":0,
                 "type":"",
                 "visible":true,
                 "width":24,
                 "x":40,
                 "y":80
                }, 
                {
                 "gid":559,
                 "height":16,
                 "id":24,
                 "name":"",
                 "rotation":0,
                 "type":"",
                 "visible":true,
                 "width":24,
                 "x":64,
                 "y":80
                }, 
                {
                 "gid":661,
                 "height":40,
                 "id":25,
                 "name":"",
                 "properties":
                    {
                     "parameters":"{\"treasurePools\": [\"occasusbarrackslocker\"]}"
                    },
                 "propertytypes":
                    {
                     "parameters":"string"
                    },
                 "rotation":0,
                 "type":"",
                 "visible":true,
                 "width":32,
                 "x":416,
                 "y":184
                }, 
                {
                 "gid":651,
                 "height":16,
                 "id":27,
                 "name":"",
                 "rotation":0,
                 "type":"",
                 "visible":true,
                 "width":24,
                 "x":96,
                 "y":256
                }, 
                {
                 "gid":651,
                 "height":16,
                 "id":28,
                 "name":"",
                 "rotation":0,
                 "type":"",
                 "visible":true,
                 "width":24,
                 "x":384,
                 "y":256
                }, 
                {
                 "gid":651,
                 "height":16,
                 "id":29,
                 "name":"",
                 "rotation":0,
                 "type":"",
                 "visible":true,
                 "width":24,
                 "x":96,
                 "y":80
                }, 
                {
                 "gid":645,
                 "height":24,
                 "id":31,
                 "name":"",
                 "rotation":0,
                 "type":"",
                 "visible":true,
                 "width":40,
                 "x":168,
                 "y":184
                }, 
                {
                 "gid":646,
                 "height":40,
                 "id":32,
                 "name":"",
                 "rotation":0,
                 "type":"",
                 "visible":true,
                 "width":32,
                 "x":456,
                 "y":80
                }, 
                {
                 "gid":646,
                 "height":40,
                 "id":33,
                 "name":"",
                 "rotation":0,
                 "type":"",
                 "visible":true,
                 "width":32,
                 "x":416,
                 "y":80
                }, 
                {
                 "gid":646,
                 "height":40,
                 "id":34,
                 "name":"",
                 "rotation":0,
                 "type":"",
                 "visible":true,
                 "width":32,
                 "x":296,
                 "y":80
                }, 
                {
                 "gid":646,
                 "height":40,
                 "id":35,
                 "name":"",
                 "rotation":0,
                 "type":"",
                 "visible":true,
                 "width":32,
                 "x":16,
                 "y":256
                }, 
                {
                 "gid":492,
                 "height":16,
                 "id":36,
                 "name":"",
                 "rotation":0,
                 "type":"",
                 "visible":true,
                 "width":40,
                 "x":136,
                 "y":80
                }, 
                {
                 "gid":857,
                 "height":40,
                 "id":37,
                 "name":"",
                 "rotation":0,
                 "type":"",
                 "visible":true,
                 "width":48,
                 "x":264,
                 "y":256
                }, 
                {
                 "gid":857,
                 "height":40,
                 "id":38,
                 "name":"",
                 "rotation":0,
                 "type":"",
                 "visible":true,
                 "width":48,
                 "x":264,
                 "y":184
                }, 
                {
                 "gid":857,
                 "height":40,
                 "id":39,
                 "name":"",
                 "rotation":0,
                 "type":"",
                 "visible":true,
                 "width":48,
                 "x":264,
                 "y":80
                }, 
                {
                 "gid":857,
                 "height":40,
                 "id":40,
                 "name":"",
                 "rotation":0,
                 "type":"",
                 "visible":true,
                 "width":48,
                 "x":192,
                 "y":80
                }, 
                {
                 "gid":857,
                 "height":40,
                 "id":41,
                 "name":"",
                 "rotation":0,
                 "type":"",
                 "visible":true,
                 "width":48,
                 "x":192,
                 "y":184
                }, 
                {
                 "gid":857,
                 "height":40,
                 "id":42,
                 "name":"",
                 "rotation":0,
                 "type":"",
                 "visible":true,
                 "width":48,
                 "x":192,
                 "y":256
                }, 
                {
                 "gid":651,
                 "height":16,
                 "id":43,
                 "name":"",
                 "rotation":0,
                 "type":"",
                 "visible":true,
                 "width":24,
                 "x":336,
                 "y":184
                }, 
                {
                 "gid":651,
                 "height":16,
                 "id":44,
                 "name":"",
                 "rotation":0,
                 "type":"",
                 "visible":true,
                 "width":24,
                 "x":144,
                 "y":184
                }, 
                {
                 "gid":651,
                 "height":16,
                 "id":45,
                 "name":"",
                 "rotation":0,
                 "type":"",
                 "visible":true,
                 "width":24,
                 "x":376,
                 "y":80
                }, 
                {
                 "gid":968,
                 "height":32,
                 "id":47,
                 "name":"",
                 "rotation":0,
                 "type":"",
                 "visible":true,
                 "width":24,
                 "x":256,
                 "y":144
                }, 
                {
                 "gid":968,
                 "height":32,
                 "id":48,
                 "name":"",
                 "properties":
                    {
                     "tilesetDirection":"right"
                    },
                 "propertytypes":
                    {
                     "tilesetDirection":"string"
                    },
                 "rotation":0,
                 "type":"",
                 "visible":true,
                 "width":24,
                 "x":224,
                 "y":144
                }, 
                {
                 "gid":489,
                 "height":14,
                 "id":50,
                 "name":"",
                 "rotation":0,
                 "type":"",
                 "visible":true,
                 "width":8,
                 "x":440,
                 "y":128
                }, 
                {
                 "gid":489,
                 "height":14,
                 "id":51,
                 "name":"",
                 "rotation":0,
                 "type":"",
                 "visible":true,
                 "width":8,
                 "x":328,
                 "y":128
                }, 
                {
                 "gid":489,
                 "height":14,
                 "id":52,
                 "name":"",
                 "rotation":0,
                 "type":"",
                 "visible":true,
                 "width":8,
                 "x":168,
                 "y":128
                }, 
                {
                 "gid":489,
                 "height":14,
                 "id":53,
                 "name":"",
                 "rotation":0,
                 "type":"",
                 "visible":true,
                 "width":8,
                 "x":56,
                 "y":128
                }, 
                {
                 "gid":489,
                 "height":14,
                 "id":54,
                 "name":"",
                 "rotation":0,
                 "type":"",
                 "visible":true,
                 "width":8,
                 "x":56,
                 "y":56
                }, 
                {
                 "gid":489,
                 "height":14,
                 "id":55,
                 "name":"",
                 "rotation":0,
                 "type":"",
                 "visible":true,
                 "width":8,
                 "x":440,
                 "y":232
                }, 
                {
                 "gid":489,
                 "height":14,
                 "id":56,
                 "name":"",
                 "rotation":0,
                 "type":"",
                 "visible":true,
                 "width":8,
                 "x":56,
                 "y":232
                }, 
                {
                 "gid":489,
                 "height":14,
                 "id":57,
                 "name":"",
                 "rotation":0,
                 "type":"",
                 "visible":true,
                 "width":8,
                 "x":328,
                 "y":56
                }, 
                {
                 "gid":489,
                 "height":14,
                 "id":58,
                 "name":"",
                 "rotation":0,
                 "type":"",
                 "visible":true,
                 "width":8,
                 "x":168,
                 "y":56
                }, 
                {
                 "gid":489,
                 "height":14,
                 "id":59,
                 "name":"",
                 "rotation":0,
                 "type":"",
                 "visible":true,
                 "width":8,
                 "x":256,
                 "y":80
                }, 
                {
                 "gid":489,
                 "height":14,
                 "id":60,
                 "name":"",
                 "rotation":0,
                 "type":"",
                 "visible":true,
                 "width":8,
                 "x":240,
                 "y":80
                }, 
                {
                 "gid":489,
                 "height":14,
                 "id":61,
                 "name":"",
                 "rotation":0,
                 "type":"",
                 "visible":true,
                 "width":8,
                 "x":240,
                 "y":184
                }, 
                {
                 "gid":489,
                 "height":14,
                 "id":62,
                 "name":"",
                 "rotation":0,
                 "type":"",
                 "visible":true,
                 "width":8,
                 "x":256,
                 "y":184
                }, 
                {
                 "gid":489,
                 "height":14,
                 "id":64,
                 "name":"",
                 "rotation":0,
                 "type":"",
                 "visible":true,
                 "width":8,
                 "x":112,
                 "y":56
                }, 
                {
                 "gid":489,
                 "height":14,
                 "id":65,
                 "name":"",
                 "rotation":0,
                 "type":"",
                 "visible":true,
                 "width":8,
                 "x":384,
                 "y":56
                }, 
                {
                 "height":8,
                 "id":67,
                 "name":"",
                 "properties":
                    {
                     "npc":"human",
                     "typeName":"cultist"
                    },
                 "propertytypes":
                    {
                     "npc":"string",
                     "typeName":"string"
                    },
                 "rotation":0,
                 "type":"",
                 "visible":true,
                 "width":8,
                 "x":64,
                 "y":152
                }, 
                {
                 "height":8,
                 "id":68,
                 "name":"",
                 "properties":
                    {
                     "npc":"human",
                     "typeName":"cultist"
                    },
                 "propertytypes":
                    {
                     "npc":"string",
                     "typeName":"string"
                    },
                 "rotation":0,
                 "type":"",
                 "visible":true,
                 "width":8,
                 "x":136,
                 "y":48
                }, 
                {
                 "height":8,
                 "id":69,
                 "name":"",
                 "properties":
                    {
                     "npc":"human",
                     "typeName":"cultist"
                    },
                 "propertytypes":
                    {
                     "npc":"string",
                     "typeName":"string"
                    },
                 "rotation":0,
                 "type":"",
                 "visible":true,
                 "width":8,
                 "x":344,
                 "y":56
                }, 
                {
                 "height":8,
                 "id":70,
                 "name":"",
                 "properties":
                    {
                     "npc":"human",
                     "typeName":"cultist"
                    },
                 "propertytypes":
                    {
                     "npc":"string",
                     "typeName":"string"
                    },
                 "rotation":0,
                 "type":"",
                 "visible":true,
                 "width":8,
                 "x":88,
                 "y":216
                },
            
                {
                 "height":8,
                 "id":71,
                 "name":"",
                 "properties":
                    {
                     "npc":"human",
                     "typeName":"cultist"
                    },
                 "propertytypes":
                    {
                     "npc":"string",
                     "typeName":"string"
                    },
                 "rotation":0,
                 "type":"",
                 "visible":true,
                 "width":8,
                 "x":408,
                 "y":216
                }, 
                {
                 "height":8,
                 "id":75,
                 "name":"",
                 "properties":
                    {
                     "npc":"human",
                     "typeName":"khornate"
                    },
                 "propertytypes":
                    {
                     "npc":"string",
                     "typeName":"string"
                    },
                 "rotation":0,
                 "type":"",
                 "visible":true,
                 "width":8,
                 "x":232,
                 "y":104
                }],
         "opacity":1,
         "type":"objectgroup",
         "visible":true,
         "x":0,
         "y":0
        }],
 "nextlayerid":5,
 "nextobjectid":76,
 "orientation":"orthogonal",
 "renderorder":"right-down",
 "tiledversion":"1.10.2",
 "tileheight":8,
 "tilesets":[
        {
         "firstgid":1,
         "source":"..\/..\/..\/..\/..\/Program Files (x86)\/Steam\/steamapps\/common\/Packed\/tilesets\/packed\/objects-by-colonytag\/cultist.json"
        }, 
        {
         "firstgid":10,
         "source":"..\/..\/..\/..\/..\/Program Files (x86)\/Steam\/steamapps\/common\/Packed\/tilesets\/packed\/miscellaneous.json"
        }, 
        {
         "firstgid":34,
         "source":"..\/..\/..\/..\/..\/Program Files (x86)\/Steam\/steamapps\/common\/Packed\/tilesets\/packed\/materials.json"
        }, 
        {
         "firstgid":231,
         "source":"..\/..\/..\/..\/..\/Program Files (x86)\/Steam\/steamapps\/common\/Starbound\/assets\/Packed\/tilesets\/packed\/materials.json"
        }, 
        {
         "firstgid":428,
         "source":"..\/..\/..\/..\/..\/Program Files (x86)\/Steam\/steamapps\/common\/Starbound\/assets\/Packed\/tilesets\/packed\/supports.json"
        }, 
        {
         "firstgid":465,
         "source":"..\/..\/..\/..\/..\/Program Files (x86)\/Steam\/steamapps\/common\/Starbound\/assets\/Packed\/tilesets\/packed\/miscellaneous.json"
        }, 
        {
         "firstgid":489,
         "source":"..\/..\/..\/..\/..\/Program Files (x86)\/Steam\/steamapps\/common\/Starbound\/mods\/againandagain\/tilesets\/occasus\/occasus.json"
        }, 
        {
         "firstgid":492,
         "source":"..\/..\/..\/..\/..\/Program Files (x86)\/Steam\/steamapps\/common\/Packed\/tilesets\/packed\/objects-by-colonytag\/human.json"
        }, 
        {
         "firstgid":739,
         "source":"..\/..\/..\/..\/..\/Program Files (x86)\/Steam\/steamapps\/common\/Packed\/tilesets\/packed\/objects-by-colonytag\/door.json"
        }, 
        {
         "firstgid":862,
         "source":"..\/..\/..\/..\/..\/Program Files (x86)\/Steam\/steamapps\/common\/Starbound\/assets\/Packed\/tilesets\/packed\/objects-by-category\/storage.json"
        }],
 "tilewidth":8,
 "type":"map",
 "version":1.1,
 "width":63
}