{ "compressionlevel":-1,
 "height":33,
 "infinite":false,
 "layers":[
        {
         "compression":"zlib",
         "data":"eJztzjENACAQBLDDGfbRAiIIwQLJM3To3tGSmXqjXdUPFxcXFxcXFxcXFxeXai4uLm8uK+nVj+M8frIB7I8l5Q==",
         "encoding":"base64",
         "height":33,
         "id":2,
         "name":"back",
         "opacity":0.53,
         "type":"tilelayer",
         "visible":true,
         "width":35,
         "x":0,
         "y":0
        }, 
        {
         "compression":"zlib",
         "data":"eJztzDENADAMwLBAG38qJbBzJLrPkfxmqgEAAADgm41unY3PA\/tsBZU=",
         "encoding":"base64",
         "height":33,
         "id":3,
         "name":"front",
         "opacity":1,
         "type":"tilelayer",
         "visible":true,
         "width":35,
         "x":0,
         "y":0
        }, 
        {
         "draworder":"topdown",
         "id":5,
         "name":"objects",
         "objects":[
                {
                 "gid":742,
                 "height":48,
                 "id":2,
                 "name":"",
                 "rotation":0,
                 "type":"",
                 "visible":true,
                 "width":120,
                 "x":8,
                 "y":256
                }, 
                {
                 "gid":742,
                 "height":48,
                 "id":3,
                 "name":"",
                 "rotation":0,
                 "type":"",
                 "visible":true,
                 "width":120,
                 "x":152,
                 "y":256
                }, 
                {
                 "height":8,
                 "id":4,
                 "name":"",
                 "properties":
                    {
                     "npc":"human",
                     "typeName":"buster"
                    },
                 "propertytypes":
                    {
                     "npc":"string",
                     "typeName":"string"
                    },
                 "rotation":0,
                 "type":"",
                 "visible":true,
                 "width":8,
                 "x":40,
                 "y":192
                }],
         "opacity":1,
         "type":"objectgroup",
         "visible":true,
         "x":0,
         "y":0
        }],
 "nextlayerid":6,
 "nextobjectid":5,
 "orientation":"orthogonal",
 "renderorder":"right-down",
 "tiledversion":"1.11.2",
 "tileheight":8,
 "tilesets":[
        {
         "firstgid":1,
         "source":"..\/..\/..\/..\/..\/Program Files (x86)\/Steam\/steamapps\/common\/Packed\/tilesets\/packed\/materials.json"
        }, 
        {
         "firstgid":198,
         "source":"..\/..\/..\/..\/..\/Program Files (x86)\/Steam\/steamapps\/common\/Starbound\/assets\/Packed\/tilesets\/packed\/supports.json"
        }, 
        {
         "firstgid":235,
         "source":"..\/..\/..\/..\/..\/Program Files (x86)\/Steam\/steamapps\/common\/Packed\/tilesets\/packed\/miscellaneous.json"
        }, 
        {
         "firstgid":259,
         "source":"..\/..\/..\/..\/..\/Program Files (x86)\/Steam\/steamapps\/common\/Starbound\/assets\/Packed\/tilesets\/packed\/materials.json"
        }, 
        {
         "firstgid":456,
         "source":"..\/..\/..\/..\/..\/Program Files (x86)\/Steam\/steamapps\/common\/Starbound\/assets\/Packed\/tilesets\/packed\/miscellaneous.json"
        }, 
        {
         "firstgid":480,
         "source":"..\/..\/..\/..\/..\/Program Files (x86)\/Steam\/steamapps\/common\/Starbound\/assets\/Packed\/tilesets\/packed\/huge-objects.json"
        }, 
        {
         "firstgid":581,
         "source":"..\/..\/..\/..\/..\/Program Files (x86)\/Steam\/steamapps\/common\/Starbound\/assets\/Packed\/tilesets\/packed\/objects-by-category\/storage.json"
        }],
 "tilewidth":8,
 "type":"map",
 "version":1.1,
 "width":35
}