{ "compressionlevel":-1,
 "height":34,
 "infinite":false,
 "layers":[
        {
         "compression":"zlib",
         "data":"eJztmUFuwzAMBJUv9xe6pC8xoLMP9gfyqKJAiGymSycF2oYCehBaK3YkjZZLyrmcWrv8t19rb9L2dt+WJ9vns8\/ee9RezULb53yGsBi4Pl+Zna+tt9v1o7\/6TG+3seJ6SKvMZch8lYuutbf7Nave2K9Mzqd7LmMiLut1zhpHXCu5aL9+FtfRt16\/f5d+\/b8il2ASXHQPj\/ZfmSgbvSee4xjaquol5hwa38DF+YXTidNN9If+yKVyHJGL7iGZqPdSE0explzWCbjEXq6Iha3l+VQ9weXpbp7Z5V7Vi\/r2q1lQL8xHyiXLMa6ffqv9wUXH6DJuNb08y0VrE\/qu5ukj363I5T1pWf3Sm\/ddt2Yyczkr46Je5uZXlUtWu9JrmauynERvn5VLdg7IzgPMVYylfWIuHVy4ZtYw9Bd+Ht+xJFx6cS7cT+YjV+cfxRFjyZ0b90m4rAkX6kVjKtML7ycX1WhVLjw7Rq52dUt27c5K0R95f1YuHVw24ePOi05DLifpd83Ahe\/rusw9anhdj65vES7ujODOA8pzb\/caq8RF9dLBhb7pzoNOL047Lh9V1gv1MNrtPUMWN47LIw+azXcZ947L0ftd1jRZzppNL8FE56ucHp0DHBcXe2+nr\/xn4aL7T+\/N3q84n3b\/6zgxVnXfZa07Wq4XV7vFvZn3Rp52tXVVvSwyP8eF\/sJ40tx1VPOGXgbGq8qF+0Z\/4Zl4w31ZvedyuONS9XykvzEe5Wn1Tvpr5rXs3wyPynphrZrVt90wybi42FPfVZ1U5aK\/h+oeuvVmuTvLzcohuLh3dhW5MJZ0L+kvWa3H5nyJXEZhLgu4UOMZA75fyPIW2VCf+nvAK7h8h9lf781PjvkBt3NSOw==",
         "encoding":"base64",
         "height":34,
         "id":2,
         "name":"back",
         "opacity":0.5,
         "type":"tilelayer",
         "visible":true,
         "width":70,
         "x":0,
         "y":0
        }, 
        {
         "compression":"zlib",
         "data":"eJzt18EJgEAMAMGz\/w7swQ6uAzuwGh+HKLL4kKhn2IF8RdY8Yin9GIev3yDedHM2ddgn6plZ1IT7EsEuzC7MLswuzC7MLswuLGOXu7fp8c49j\/duk3FfItiF2YXZhdmFvdll\/tE3cF92V\/eLGlswuzC7sIxd\/G98TsZ9iWAXZhdmF2YXZhdmF2YXtnTUZQVBQGFr",
         "encoding":"base64",
         "height":34,
         "id":3,
         "name":"front",
         "opacity":1,
         "type":"tilelayer",
         "visible":true,
         "width":70,
         "x":0,
         "y":0
        }, 
        {
         "draworder":"topdown",
         "id":4,
         "name":"objects",
         "objects":[
                {
                 "gid":487,
                 "height":48,
                 "id":2,
                 "name":"",
                 "rotation":0,
                 "type":"",
                 "visible":true,
                 "width":32,
                 "x":392,
                 "y":248
                }, 
                {
                 "gid":483,
                 "height":48,
                 "id":3,
                 "name":"",
                 "rotation":0,
                 "type":"",
                 "visible":true,
                 "width":32,
                 "x":144,
                 "y":248
                }, 
                {
                 "gid":486,
                 "height":48,
                 "id":4,
                 "name":"",
                 "rotation":0,
                 "type":"",
                 "visible":true,
                 "width":32,
                 "x":392,
                 "y":144
                }, 
                {
                 "gid":486,
                 "height":48,
                 "id":5,
                 "name":"",
                 "rotation":0,
                 "type":"",
                 "visible":true,
                 "width":32,
                 "x":144,
                 "y":144
                }, 
                {
                 "gid":1,
                 "height":14,
                 "id":6,
                 "name":"",
                 "rotation":0,
                 "type":"",
                 "visible":true,
                 "width":8,
                 "x":360,
                 "y":160
                }, 
                {
                 "gid":1,
                 "height":14,
                 "id":7,
                 "name":"",
                 "rotation":0,
                 "type":"",
                 "visible":true,
                 "width":8,
                 "x":200,
                 "y":160
                }, 
                {
                 "gid":1,
                 "height":14,
                 "id":11,
                 "name":"",
                 "rotation":0,
                 "type":"",
                 "visible":true,
                 "width":8,
                 "x":200,
                 "y":240
                }, 
                {
                 "gid":1,
                 "height":14,
                 "id":12,
                 "name":"",
                 "rotation":0,
                 "type":"",
                 "visible":true,
                 "width":8,
                 "x":360,
                 "y":240
                }],
         "opacity":1,
         "type":"objectgroup",
         "visible":true,
         "x":0,
         "y":0
        }],
 "nextlayerid":5,
 "nextobjectid":21,
 "orientation":"orthogonal",
 "renderorder":"right-down",
 "tiledversion":"1.10.2",
 "tileheight":8,
 "tilesets":[
        {
         "firstgid":1,
         "source":"..\/..\/..\/..\/..\/Program Files (x86)\/Steam\/steamapps\/common\/Starbound\/mods\/againandagain\/tilesets\/occasus\/occasus.json"
        }, 
        {
         "firstgid":4,
         "source":"..\/..\/..\/..\/..\/Program Files (x86)\/Steam\/steamapps\/common\/Starbound\/assets\/Packed\/tilesets\/packed\/materials.json"
        }, 
        {
         "firstgid":201,
         "source":"..\/..\/..\/..\/..\/Program Files (x86)\/Steam\/steamapps\/common\/Packed\/tilesets\/packed\/materials.json"
        }, 
        {
         "firstgid":398,
         "source":"..\/..\/..\/..\/..\/Program Files (x86)\/Steam\/steamapps\/common\/Starbound\/assets\/Packed\/tilesets\/packed\/miscellaneous.json"
        }, 
        {
         "firstgid":422,
         "source":"..\/..\/..\/..\/..\/Program Files (x86)\/Steam\/steamapps\/common\/Starbound\/assets\/Packed\/tilesets\/packed\/supports.json"
        }, 
        {
         "firstgid":459,
         "source":"..\/..\/..\/..\/..\/Program Files (x86)\/Steam\/steamapps\/common\/Packed\/tilesets\/packed\/miscellaneous.json"
        }, 
        {
         "firstgid":483,
         "source":"..\/..\/..\/..\/..\/Program Files (x86)\/Steam\/steamapps\/common\/Packed\/tilesets\/packed\/objects-by-colonytag\/cultist.json"
        }],
 "tilewidth":8,
 "type":"map",
 "version":1.1,
 "width":70
}