{ "compressionlevel":-1,
 "height":34,
 "infinite":false,
 "layers":[
        {
         "compression":"zlib",
         "data":"eJxjYmBoYMKPGfDghjWMDA26UIyFzQDCa6A0jI1Nry4OvbqDUC8ezIANI+s9AsVY2AxHoOqR2UNd70gLK0r8O5oXBn\/8juaFwR9WQy0fPcePGbBhmF5y624AquB\/gA==",
         "encoding":"base64",
         "height":34,
         "id":2,
         "name":"back",
         "opacity":0.46,
         "type":"tilelayer",
         "visible":true,
         "width":15,
         "x":0,
         "y":0
        }, 
        {
         "compression":"zlib",
         "data":"eJxjYKAMrGFkaMCDGbBhZL3YzNRnwC4+qnfo6UXGID3oGF\/aOALFyG5Athek\/ggU49KLz8049GIFuPyLy++DXS\/\/ANk7CPTC0wayejQ2wXS1Bkk\/Eo03TeLLD6Pl5MjWS24dSi4AAJ\/aghg=",
         "encoding":"base64",
         "height":34,
         "id":3,
         "name":"front",
         "opacity":1,
         "type":"tilelayer",
         "visible":true,
         "width":15,
         "x":0,
         "y":0
        }],
 "nextlayerid":4,
 "nextobjectid":1,
 "orientation":"orthogonal",
 "renderorder":"right-down",
 "tiledversion":"1.10.2",
 "tileheight":8,
 "tilesets":[
        {
         "firstgid":1,
         "source":"..\/..\/..\/..\/..\/Program Files (x86)\/Steam\/steamapps\/common\/Packed\/tilesets\/packed\/miscellaneous.json"
        }, 
        {
         "firstgid":25,
         "source":"..\/..\/..\/..\/..\/Program Files (x86)\/Steam\/steamapps\/common\/Starbound\/assets\/Packed\/tilesets\/packed\/supports.json"
        }, 
        {
         "firstgid":62,
         "source":"..\/..\/..\/..\/..\/Program Files (x86)\/Steam\/steamapps\/common\/Packed\/tilesets\/packed\/materials.json"
        }, 
        {
         "firstgid":259,
         "source":"..\/..\/..\/..\/..\/Program Files (x86)\/Steam\/steamapps\/common\/Starbound\/assets\/Packed\/tilesets\/packed\/materials.json"
        }],
 "tilewidth":8,
 "type":"map",
 "version":1.1,
 "width":15
}