{ "compressionlevel":-1,
 "height":34,
 "infinite":false,
 "layers":[
        {
         "compression":"zlib",
         "data":"eJzlmUFuwzAMBO1zTvmnX9JTgb7At\/wlnyoKROhiQFKkJRdofCBqw2t5VxKXVHNbluV24fhcl+X+Cl4zPNxz+Y0I9xXEDB5ZnKX9vvpcZ+Mi7WfzOEP7lohd4h20N12VOWr6K++dod0LjsVQzRFOsdYeaPdHeVRxqv3xCl5zLH2mfC1ce\/6Q+48gtvUYjwjX5pa4Ue0Rzsv1nnb6wW6MYfHgOxrEZbWzdvVwke6eduXradKx+DzDt6JdvTuL4z7f5Hp0z3MuKvtU90DW67jfej4WYaJvVevjbozheR3xlXXv5bGVj7ou2Xx\/YCzl0foB5sOZXkft5GfVuMZN16u657neVu7Rz6zcsHRVtXMtOAfsWxpP9ame11k82P\/RQzyfj3RV8r399fJUOXk8qrlciTbHR3obq\/ez+BHjcbGwzEfmyo7vtvGtPCa\/hp3Vz3MfWzmo3PTemzvqpXbOm9XbRB6r+ke0e\/Otc8P19nCZOaCntfuIh5c3M84y7JOytXm0fnOMHo9NcPva5zurn9d19DRl+zr6dpUHcy\/j86PaWX+8yGpnbdT5jfiq\/iPa9fvVcxx7D+1z9oR2vscczvKwer6Z2i1cpD2z7swj9ke99WTdqPY2+k3PY8jr5\/m2+h5j+VfkhZ7n9s4yytd6nvU61iFv3a0ap7hsT8t87\/mO1VNZ\/cIRr7PqlqW915NW9nxFu4Xzvj\/i8z3\/7v3PoKed9fCo9tln2OibkXbOfXbdN4w\/or3qddWw\/InnK6tWez15pkccjdm\/y5Bz9szHefpvv8tEuOpZ\/J20ezjGX\/Jo2p8XjNvF4xs+ru+w",
         "encoding":"base64",
         "height":34,
         "id":2,
         "name":"back",
         "opacity":0.5,
         "type":"tilelayer",
         "visible":true,
         "width":63,
         "x":0,
         "y":0
        }, 
        {
         "compression":"zlib",
         "data":"eJztmH0KgzAMR\/UU27G9wP7fObyHdxnCxoL9EmnfL2AeFEIRk0cqDU6Tjocw949l5tZaWWQd1v0srzldV59bM3s9318i3NO4xZ3de5JzJwj3NCYJd55w\/8elu783tdlmFK3Z5v1d5Bkg+15ytPsk9JlX9LeE6nv3QLjreApzK92V3jvqvtMo7neP3M3X4sHdzjZkPXSu1ly3gP5kntpMG\/9px3LMc+y7oo5wH5\/vjDtVSy4m8fLfRkG484R7GpN4cadnG4tytlGxiWv4ANZu35s=",
         "encoding":"base64",
         "height":34,
         "id":3,
         "name":"front",
         "opacity":1,
         "type":"tilelayer",
         "visible":true,
         "width":63,
         "x":0,
         "y":0
        }, 
        {
         "draworder":"topdown",
         "id":4,
         "name":"objects",
         "objects":[
                {
                 "gid":489,
                 "height":14,
                 "id":2,
                 "name":"",
                 "rotation":0,
                 "type":"",
                 "visible":true,
                 "width":8,
                 "x":328,
                 "y":152
                }, 
                {
                 "gid":6,
                 "height":64,
                 "id":5,
                 "name":"",
                 "rotation":0,
                 "type":"",
                 "visible":true,
                 "width":24,
                 "x":8,
                 "y":168
                }, 
                {
                 "gid":6,
                 "height":64,
                 "id":66,
                 "name":"",
                 "rotation":0,
                 "type":"",
                 "visible":true,
                 "width":24,
                 "x":472,
                 "y":168
                }, 
                {
                 "gid":604,
                 "height":24,
                 "id":6,
                 "name":"",
                 "rotation":0,
                 "type":"",
                 "visible":true,
                 "width":24,
                 "x":464,
                 "y":40
                }, 
                {
                 "gid":604,
                 "height":24,
                 "id":7,
                 "name":"",
                 "rotation":0,
                 "type":"",
                 "visible":true,
                 "width":24,
                 "x":464,
                 "y":216
                }, 
                {
                 "gid":603,
                 "height":24,
                 "id":8,
                 "name":"",
                 "rotation":0,
                 "type":"",
                 "visible":true,
                 "width":24,
                 "x":16,
                 "y":216
                }, 
                {
                 "gid":603,
                 "height":24,
                 "id":9,
                 "name":"",
                 "rotation":0,
                 "type":"",
                 "visible":true,
                 "width":24,
                 "x":16,
                 "y":40
                }, 
                {
                 "gid":860,
                 "height":40,
                 "id":37,
                 "name":"",
                 "rotation":0,
                 "type":"",
                 "visible":true,
                 "width":48,
                 "x":264,
                 "y":256
                }, 
                {
                 "gid":860,
                 "height":40,
                 "id":42,
                 "name":"",
                 "rotation":0,
                 "type":"",
                 "visible":true,
                 "width":48,
                 "x":192,
                 "y":256
                }, 
                {
                 "gid":489,
                 "height":14,
                 "id":50,
                 "name":"",
                 "rotation":0,
                 "type":"",
                 "visible":true,
                 "width":8,
                 "x":440,
                 "y":128
                }, 
                {
                 "gid":489,
                 "height":14,
                 "id":51,
                 "name":"",
                 "rotation":0,
                 "type":"",
                 "visible":true,
                 "width":8,
                 "x":328,
                 "y":128
                }, 
                {
                 "gid":489,
                 "height":14,
                 "id":52,
                 "name":"",
                 "properties":
                    {
                     "imagePositionX":"-8"
                    },
                 "propertytypes":
                    {
                     "imagePositionX":"string"
                    },
                 "rotation":0,
                 "type":"",
                 "visible":true,
                 "width":8,
                 "x":168,
                 "y":128
                }, 
                {
                 "gid":489,
                 "height":14,
                 "id":53,
                 "name":"",
                 "rotation":0,
                 "type":"",
                 "visible":true,
                 "width":8,
                 "x":56,
                 "y":128
                }, 
                {
                 "gid":489,
                 "height":14,
                 "id":54,
                 "name":"",
                 "rotation":0,
                 "type":"",
                 "visible":true,
                 "width":8,
                 "x":56,
                 "y":56
                }, 
                {
                 "gid":489,
                 "height":14,
                 "id":55,
                 "name":"",
                 "rotation":0,
                 "type":"",
                 "visible":true,
                 "width":8,
                 "x":440,
                 "y":232
                }, 
                {
                 "gid":489,
                 "height":14,
                 "id":56,
                 "name":"",
                 "rotation":0,
                 "type":"",
                 "visible":true,
                 "width":8,
                 "x":56,
                 "y":232
                }, 
                {
                 "gid":489,
                 "height":14,
                 "id":57,
                 "name":"",
                 "rotation":0,
                 "type":"",
                 "visible":true,
                 "width":8,
                 "x":328,
                 "y":56
                }, 
                {
                 "gid":489,
                 "height":14,
                 "id":58,
                 "name":"",
                 "rotation":0,
                 "type":"",
                 "visible":true,
                 "width":8,
                 "x":168,
                 "y":56
                }, 
                {
                 "gid":489,
                 "height":14,
                 "id":59,
                 "name":"",
                 "rotation":0,
                 "type":"",
                 "visible":true,
                 "width":8,
                 "x":256,
                 "y":80
                }, 
                {
                 "gid":489,
                 "height":14,
                 "id":60,
                 "name":"",
                 "rotation":0,
                 "type":"",
                 "visible":true,
                 "width":8,
                 "x":240,
                 "y":80
                }, 
                {
                 "gid":489,
                 "height":14,
                 "id":61,
                 "name":"",
                 "rotation":0,
                 "type":"",
                 "visible":true,
                 "width":8,
                 "x":240,
                 "y":184
                }, 
                {
                 "gid":489,
                 "height":14,
                 "id":62,
                 "name":"",
                 "rotation":0,
                 "type":"",
                 "visible":true,
                 "width":8,
                 "x":256,
                 "y":184
                }, 
                {
                 "gid":489,
                 "height":14,
                 "id":64,
                 "name":"",
                 "rotation":0,
                 "type":"",
                 "visible":true,
                 "width":8,
                 "x":112,
                 "y":56
                }, 
                {
                 "gid":489,
                 "height":14,
                 "id":65,
                 "name":"",
                 "rotation":0,
                 "type":"",
                 "visible":true,
                 "width":8,
                 "x":384,
                 "y":56
                }, 
                {
                 "gid":491,
                 "height":32,
                 "id":69,
                 "name":"",
                 "properties":
                    {
                     "imagePositionX":"-16",
                     "imagePositionY":"-16"
                    },
                 "propertytypes":
                    {
                     "imagePositionX":"string",
                     "imagePositionY":"string"
                    },
                 "rotation":0,
                 "type":"",
                 "visible":true,
                 "width":32,
                 "x":184,
                 "y":88
                }, 
                {
                 "gid":491,
                 "height":32,
                 "id":78,
                 "name":"",
                 "properties":
                    {
                     "imagePositionX":"-16",
                     "imagePositionY":"-16"
                    },
                 "propertytypes":
                    {
                     "imagePositionX":"string",
                     "imagePositionY":"string"
                    },
                 "rotation":0,
                 "type":"",
                 "visible":true,
                 "width":32,
                 "x":288,
                 "y":88
                }, 
                {
                 "gid":696,
                 "height":40,
                 "id":87,
                 "name":"",
                 "rotation":0,
                 "type":"",
                 "visible":true,
                 "width":32,
                 "x":176,
                 "y":152
                }, 
                {
                 "gid":1109,
                 "height":48,
                 "id":88,
                 "name":"",
                 "rotation":0,
                 "type":"",
                 "visible":true,
                 "width":48,
                 "x":312,
                 "y":256
                }, 
                {
                 "gid":1109,
                 "height":48,
                 "id":89,
                 "name":"",
                 "rotation":0,
                 "type":"",
                 "visible":true,
                 "width":48,
                 "x":64,
                 "y":256
                }, 
                {
                 "gid":1109,
                 "height":48,
                 "id":90,
                 "name":"",
                 "rotation":0,
                 "type":"",
                 "visible":true,
                 "width":48,
                 "x":48,
                 "y":184
                }, 
                {
                 "gid":1109,
                 "height":48,
                 "id":91,
                 "name":"",
                 "rotation":0,
                 "type":"",
                 "visible":true,
                 "width":48,
                 "x":120,
                 "y":256
                }, 
                {
                 "gid":1108,
                 "height":40,
                 "id":92,
                 "name":"",
                 "rotation":0,
                 "type":"",
                 "visible":true,
                 "width":32,
                 "x":24,
                 "y":256
                }, 
                {
                 "gid":1108,
                 "height":40,
                 "id":94,
                 "name":"",
                 "rotation":0,
                 "type":"",
                 "visible":true,
                 "width":32,
                 "x":368,
                 "y":256
                }, 
                {
                 "gid":1102,
                 "height":24,
                 "id":95,
                 "name":"",
                 "rotation":0,
                 "type":"",
                 "visible":true,
                 "width":16,
                 "x":344,
                 "y":168
                }, 
                {
                 "gid":1110,
                 "height":8,
                 "id":96,
                 "name":"",
                 "rotation":0,
                 "type":"",
                 "visible":true,
                 "width":8,
                 "x":360,
                 "y":168
                }, 
                {
                 "gid":601,
                 "height":16,
                 "id":97,
                 "name":"",
                 "rotation":0,
                 "type":"",
                 "visible":true,
                 "width":32,
                 "x":336,
                 "y":184
                }, 
                {
                 "gid":623,
                 "height":24,
                 "id":98,
                 "name":"",
                 "rotation":0,
                 "type":"",
                 "visible":true,
                 "width":32,
                 "x":416,
                 "y":184
                }, 
                {
                 "gid":641,
                 "height":40,
                 "id":99,
                 "name":"",
                 "rotation":0,
                 "type":"",
                 "visible":true,
                 "width":24,
                 "x":296,
                 "y":184
                }, 
                {
                 "gid":654,
                 "height":16,
                 "id":100,
                 "name":"",
                 "rotation":0,
                 "type":"",
                 "visible":true,
                 "width":24,
                 "x":416,
                 "y":256
                }, 
                {
                 "gid":532,
                 "height":40,
                 "id":101,
                 "name":"",
                 "rotation":0,
                 "type":"",
                 "visible":true,
                 "width":32,
                 "x":136,
                 "y":152
                }, 
                {
                 "gid":537,
                 "height":24,
                 "id":102,
                 "name":"",
                 "rotation":0,
                 "type":"",
                 "visible":true,
                 "width":40,
                 "x":136,
                 "y":184
                }, 
                {
                 "gid":539,
                 "height":32,
                 "id":103,
                 "name":"",
                 "rotation":0,
                 "type":"",
                 "visible":true,
                 "width":18,
                 "x":112,
                 "y":184
                }, 
                {
                 "gid":538,
                 "height":32,
                 "id":104,
                 "name":"",
                 "rotation":0,
                 "type":"",
                 "visible":true,
                 "width":30,
                 "x":176,
                 "y":184
                }, 
                {
                 "gid":572,
                 "height":40,
                 "id":105,
                 "name":"",
                 "rotation":0,
                 "type":"",
                 "visible":true,
                 "width":32,
                 "x":376,
                 "y":184
                }, 
                {
                 "gid":591,
                 "height":40,
                 "id":106,
                 "name":"",
                 "rotation":0,
                 "type":"",
                 "visible":true,
                 "width":8,
                 "x":384,
                 "y":120
                }, 
                {
                 "gid":591,
                 "height":40,
                 "id":107,
                 "name":"",
                 "rotation":0,
                 "type":"",
                 "visible":true,
                 "width":8,
                 "x":112,
                 "y":120
                }, 
                {
                 "gid":722,
                 "height":16,
                 "id":108,
                 "name":"",
                 "rotation":0,
                 "type":"",
                 "visible":true,
                 "width":16,
                 "x":40,
                 "y":32
                }, 
                {
                 "gid":723,
                 "height":16,
                 "id":109,
                 "name":"",
                 "rotation":0,
                 "type":"",
                 "visible":true,
                 "width":16,
                 "x":448,
                 "y":32
                }, 
                {
                 "height":8,
                 "id":113,
                 "name":"",
                 "properties":
                    {
                     "npc":"human",
                     "typeName":"cultistmage"
                    },
                 "propertytypes":
                    {
                     "npc":"string",
                     "typeName":"string"
                    },
                 "rotation":0,
                 "type":"",
                 "visible":true,
                 "width":8,
                 "x":144,
                 "y":104
                }, 
                {
                 "height":8,
                 "id":114,
                 "name":"",
                 "properties":
                    {
                     "npc":"human",
                     "typeName":"buster"
                    },
                 "propertytypes":
                    {
                     "npc":"string",
                     "typeName":"string"
                    },
                 "rotation":0,
                 "type":"",
                 "visible":true,
                 "width":8,
                 "x":232,
                 "y":136
                }],
         "opacity":1,
         "type":"objectgroup",
         "visible":true,
         "x":0,
         "y":0
        }],
 "nextlayerid":5,
 "nextobjectid":115,
 "orientation":"orthogonal",
 "renderorder":"right-down",
 "tiledversion":"1.11.2",
 "tileheight":8,
 "tilesets":[
        {
         "firstgid":1,
         "source":"..\/..\/..\/..\/..\/Program Files (x86)\/Steam\/steamapps\/common\/Packed\/tilesets\/packed\/objects-by-colonytag\/cultist.json"
        }, 
        {
         "firstgid":10,
         "source":"..\/..\/..\/..\/..\/Program Files (x86)\/Steam\/steamapps\/common\/Packed\/tilesets\/packed\/miscellaneous.json"
        }, 
        {
         "firstgid":34,
         "source":"..\/..\/..\/..\/..\/Program Files (x86)\/Steam\/steamapps\/common\/Packed\/tilesets\/packed\/materials.json"
        }, 
        {
         "firstgid":231,
         "source":"..\/..\/..\/..\/..\/Program Files (x86)\/Steam\/steamapps\/common\/Starbound\/assets\/Packed\/tilesets\/packed\/materials.json"
        }, 
        {
         "firstgid":428,
         "source":"..\/..\/..\/..\/..\/Program Files (x86)\/Steam\/steamapps\/common\/Starbound\/assets\/Packed\/tilesets\/packed\/supports.json"
        }, 
        {
         "firstgid":465,
         "source":"..\/..\/..\/..\/..\/Program Files (x86)\/Steam\/steamapps\/common\/Starbound\/assets\/Packed\/tilesets\/packed\/miscellaneous.json"
        }, 
        {
         "firstgid":489,
         "source":"..\/..\/..\/..\/..\/Program Files (x86)\/Steam\/steamapps\/common\/Starbound\/mods\/againandagain\/tilesets\/occasus\/occasus.json"
        }, 
        {
         "firstgid":495,
         "source":"..\/..\/..\/..\/..\/Program Files (x86)\/Steam\/steamapps\/common\/Packed\/tilesets\/packed\/objects-by-colonytag\/human.json"
        }, 
        {
         "firstgid":742,
         "source":"..\/..\/..\/..\/..\/Program Files (x86)\/Steam\/steamapps\/common\/Packed\/tilesets\/packed\/objects-by-colonytag\/door.json"
        }, 
        {
         "firstgid":865,
         "source":"..\/..\/..\/..\/..\/Program Files (x86)\/Steam\/steamapps\/common\/Starbound\/assets\/Packed\/tilesets\/packed\/objects-by-category\/storage.json"
        }, 
        {
         "firstgid":1099,
         "source":"..\/..\/..\/..\/..\/Program Files (x86)\/Steam\/steamapps\/common\/Packed\/tilesets\/packed\/objects-by-colonytag\/science.json"
        }],
 "tilewidth":8,
 "type":"map",
 "version":1.1,
 "width":63
}