{ "compressionlevel":-1,
 "height":34,
 "infinite":false,
 "layers":[
        {
         "compression":"zlib",
         "data":"eJztljsKgDAQRDd1Kq9tFfAS3sVL2QSUxexqfggzxYMUQ5xHyJooIhGYFESWjF5rSrlDLqzcZtCjx9vck\/sSyl175yz30T3oTvcSeq\/WXC29e9zd94xe671ac6vBzB50tzP63+XlkvPNWvevPbwcz52zDvnc6Y7pjnzfkd+0dMd0L6HfSV5uxF2v6eHlOOfpTndM91kzhrPuX+dOd7qjuaPB9zzdUd0PQCI4J08ZAiU=",
         "encoding":"base64",
         "height":34,
         "id":2,
         "name":"back",
         "opacity":0.5,
         "type":"tilelayer",
         "visible":true,
         "width":63,
         "x":0,
         "y":0
        }, 
        {
         "compression":"zlib",
         "data":"eJztmNEJwzAMBdMpmrEzRufIHtklBFoq4tjOR31P0HcgEPmRDjlYeJp0PIW1PywPLtZGkH1EdwWrqK7dy5zE7jx2L3MSu\/PY\/ZvX7v5f09ptRtHbbV7vIM8AOfeaY\/xOQp95xXxrqP73DNhdxyysrXRXeh+o506juN8z8m++kQzucbch+6Fr9fa6BfQn67R2Wr\/TjuVc5zx3RR92H1\/vjjvVy1VOkuXdRoHdeexe5iRZ3OndJqLcbVRs4h52fUK6kw==",
         "encoding":"base64",
         "height":34,
         "id":3,
         "name":"front",
         "opacity":1,
         "type":"tilelayer",
         "visible":true,
         "width":63,
         "x":0,
         "y":0
        }, 
        {
         "draworder":"topdown",
         "id":4,
         "name":"objects",
         "objects":[
                {
                 "gid":489,
                 "height":14,
                 "id":2,
                 "name":"",
                 "rotation":0,
                 "type":"",
                 "visible":true,
                 "width":8,
                 "x":328,
                 "y":152
                }, 
                {
                 "gid":6,
                 "height":64,
                 "id":5,
                 "name":"",
                 "rotation":0,
                 "type":"",
                 "visible":true,
                 "width":24,
                 "x":8,
                 "y":168
                }, 
                {
                 "gid":6,
                 "height":64,
                 "id":66,
                 "name":"",
                 "rotation":0,
                 "type":"",
                 "visible":true,
                 "width":24,
                 "x":472,
                 "y":168
                }, 
                {
                 "gid":601,
                 "height":24,
                 "id":6,
                 "name":"",
                 "rotation":0,
                 "type":"",
                 "visible":true,
                 "width":24,
                 "x":464,
                 "y":40
                }, 
                {
                 "gid":601,
                 "height":24,
                 "id":7,
                 "name":"",
                 "rotation":0,
                 "type":"",
                 "visible":true,
                 "width":24,
                 "x":464,
                 "y":216
                }, 
                {
                 "gid":600,
                 "height":24,
                 "id":8,
                 "name":"",
                 "rotation":0,
                 "type":"",
                 "visible":true,
                 "width":24,
                 "x":16,
                 "y":216
                }, 
                {
                 "gid":600,
                 "height":24,
                 "id":9,
                 "name":"",
                 "rotation":0,
                 "type":"",
                 "visible":true,
                 "width":24,
                 "x":16,
                 "y":40
                }, 
                {
                 "gid":857,
                 "height":40,
                 "id":37,
                 "name":"",
                 "rotation":0,
                 "type":"",
                 "visible":true,
                 "width":48,
                 "x":264,
                 "y":256
                }, 
                {
                 "gid":857,
                 "height":40,
                 "id":42,
                 "name":"",
                 "rotation":0,
                 "type":"",
                 "visible":true,
                 "width":48,
                 "x":192,
                 "y":256
                }, 
                {
                 "gid":489,
                 "height":14,
                 "id":50,
                 "name":"",
                 "rotation":0,
                 "type":"",
                 "visible":true,
                 "width":8,
                 "x":440,
                 "y":128
                }, 
                {
                 "gid":489,
                 "height":14,
                 "id":51,
                 "name":"",
                 "rotation":0,
                 "type":"",
                 "visible":true,
                 "width":8,
                 "x":328,
                 "y":128
                }, 
                {
                 "gid":489,
                 "height":14,
                 "id":52,
                 "name":"",
                 "properties":
                    {
                     "imagePositionX":"-8"
                    },
                 "propertytypes":
                    {
                     "imagePositionX":"string"
                    },
                 "rotation":0,
                 "type":"",
                 "visible":true,
                 "width":8,
                 "x":168,
                 "y":128
                }, 
                {
                 "gid":489,
                 "height":14,
                 "id":53,
                 "name":"",
                 "rotation":0,
                 "type":"",
                 "visible":true,
                 "width":8,
                 "x":56,
                 "y":128
                }, 
                {
                 "gid":489,
                 "height":14,
                 "id":54,
                 "name":"",
                 "rotation":0,
                 "type":"",
                 "visible":true,
                 "width":8,
                 "x":56,
                 "y":56
                }, 
                {
                 "gid":489,
                 "height":14,
                 "id":55,
                 "name":"",
                 "rotation":0,
                 "type":"",
                 "visible":true,
                 "width":8,
                 "x":440,
                 "y":232
                }, 
                {
                 "gid":489,
                 "height":14,
                 "id":56,
                 "name":"",
                 "rotation":0,
                 "type":"",
                 "visible":true,
                 "width":8,
                 "x":56,
                 "y":232
                }, 
                {
                 "gid":489,
                 "height":14,
                 "id":57,
                 "name":"",
                 "rotation":0,
                 "type":"",
                 "visible":true,
                 "width":8,
                 "x":328,
                 "y":56
                }, 
                {
                 "gid":489,
                 "height":14,
                 "id":58,
                 "name":"",
                 "rotation":0,
                 "type":"",
                 "visible":true,
                 "width":8,
                 "x":168,
                 "y":56
                }, 
                {
                 "gid":489,
                 "height":14,
                 "id":59,
                 "name":"",
                 "rotation":0,
                 "type":"",
                 "visible":true,
                 "width":8,
                 "x":256,
                 "y":80
                }, 
                {
                 "gid":489,
                 "height":14,
                 "id":60,
                 "name":"",
                 "rotation":0,
                 "type":"",
                 "visible":true,
                 "width":8,
                 "x":240,
                 "y":80
                }, 
                {
                 "gid":489,
                 "height":14,
                 "id":61,
                 "name":"",
                 "rotation":0,
                 "type":"",
                 "visible":true,
                 "width":8,
                 "x":240,
                 "y":184
                }, 
                {
                 "gid":489,
                 "height":14,
                 "id":62,
                 "name":"",
                 "rotation":0,
                 "type":"",
                 "visible":true,
                 "width":8,
                 "x":256,
                 "y":184
                }, 
                {
                 "gid":489,
                 "height":14,
                 "id":64,
                 "name":"",
                 "rotation":0,
                 "type":"",
                 "visible":true,
                 "width":8,
                 "x":112,
                 "y":56
                }, 
                {
                 "gid":489,
                 "height":14,
                 "id":65,
                 "name":"",
                 "rotation":0,
                 "type":"",
                 "visible":true,
                 "width":8,
                 "x":384,
                 "y":56
                }, 
                {
                 "gid":491,
                 "height":32,
                 "id":69,
                 "name":"",
                 "properties":
                    {
                     "imagePositionX":"-16",
                     "imagePositionY":"-16"
                    },
                 "propertytypes":
                    {
                     "imagePositionX":"string",
                     "imagePositionY":"string"
                    },
                 "rotation":0,
                 "type":"",
                 "visible":true,
                 "width":32,
                 "x":184,
                 "y":88
                }, 
                {
                 "gid":491,
                 "height":32,
                 "id":78,
                 "name":"",
                 "properties":
                    {
                     "imagePositionX":"-16",
                     "imagePositionY":"-16"
                    },
                 "propertytypes":
                    {
                     "imagePositionX":"string",
                     "imagePositionY":"string"
                    },
                 "rotation":0,
                 "type":"",
                 "visible":true,
                 "width":32,
                 "x":288,
                 "y":88
                }, 
                {
                 "gid":693,
                 "height":40,
                 "id":87,
                 "name":"",
                 "rotation":0,
                 "type":"",
                 "visible":true,
                 "width":32,
                 "x":176,
                 "y":152
                }, 
                {
                 "gid":1106,
                 "height":48,
                 "id":88,
                 "name":"",
                 "rotation":0,
                 "type":"",
                 "visible":true,
                 "width":48,
                 "x":312,
                 "y":256
                }, 
                {
                 "gid":1106,
                 "height":48,
                 "id":89,
                 "name":"",
                 "rotation":0,
                 "type":"",
                 "visible":true,
                 "width":48,
                 "x":64,
                 "y":256
                }, 
                {
                 "gid":1106,
                 "height":48,
                 "id":90,
                 "name":"",
                 "rotation":0,
                 "type":"",
                 "visible":true,
                 "width":48,
                 "x":48,
                 "y":184
                }, 
                {
                 "gid":1106,
                 "height":48,
                 "id":91,
                 "name":"",
                 "rotation":0,
                 "type":"",
                 "visible":true,
                 "width":48,
                 "x":120,
                 "y":256
                }, 
                {
                 "gid":1105,
                 "height":40,
                 "id":92,
                 "name":"",
                 "rotation":0,
                 "type":"",
                 "visible":true,
                 "width":32,
                 "x":24,
                 "y":256
                }, 
                {
                 "gid":1105,
                 "height":40,
                 "id":94,
                 "name":"",
                 "rotation":0,
                 "type":"",
                 "visible":true,
                 "width":32,
                 "x":368,
                 "y":256
                }, 
                {
                 "gid":1099,
                 "height":24,
                 "id":95,
                 "name":"",
                 "rotation":0,
                 "type":"",
                 "visible":true,
                 "width":16,
                 "x":344,
                 "y":168
                }, 
                {
                 "gid":1107,
                 "height":8,
                 "id":96,
                 "name":"",
                 "rotation":0,
                 "type":"",
                 "visible":true,
                 "width":8,
                 "x":360,
                 "y":168
                }, 
                {
                 "gid":598,
                 "height":16,
                 "id":97,
                 "name":"",
                 "rotation":0,
                 "type":"",
                 "visible":true,
                 "width":32,
                 "x":336,
                 "y":184
                }, 
                {
                 "gid":620,
                 "height":24,
                 "id":98,
                 "name":"",
                 "rotation":0,
                 "type":"",
                 "visible":true,
                 "width":32,
                 "x":416,
                 "y":184
                }, 
                {
                 "gid":638,
                 "height":40,
                 "id":99,
                 "name":"",
                 "rotation":0,
                 "type":"",
                 "visible":true,
                 "width":24,
                 "x":296,
                 "y":184
                }, 
                {
                 "gid":651,
                 "height":16,
                 "id":100,
                 "name":"",
                 "rotation":0,
                 "type":"",
                 "visible":true,
                 "width":24,
                 "x":416,
                 "y":256
                }, 
                {
                 "gid":529,
                 "height":40,
                 "id":101,
                 "name":"",
                 "rotation":0,
                 "type":"",
                 "visible":true,
                 "width":32,
                 "x":136,
                 "y":152
                }, 
                {
                 "gid":534,
                 "height":24,
                 "id":102,
                 "name":"",
                 "rotation":0,
                 "type":"",
                 "visible":true,
                 "width":40,
                 "x":136,
                 "y":184
                }, 
                {
                 "gid":536,
                 "height":32,
                 "id":103,
                 "name":"",
                 "rotation":0,
                 "type":"",
                 "visible":true,
                 "width":18,
                 "x":112,
                 "y":184
                }, 
                {
                 "gid":535,
                 "height":32,
                 "id":104,
                 "name":"",
                 "rotation":0,
                 "type":"",
                 "visible":true,
                 "width":30,
                 "x":176,
                 "y":184
                }, 
                {
                 "gid":569,
                 "height":40,
                 "id":105,
                 "name":"",
                 "rotation":0,
                 "type":"",
                 "visible":true,
                 "width":32,
                 "x":376,
                 "y":184
                }, 
                {
                 "gid":588,
                 "height":40,
                 "id":106,
                 "name":"",
                 "rotation":0,
                 "type":"",
                 "visible":true,
                 "width":8,
                 "x":384,
                 "y":120
                }, 
                {
                 "gid":588,
                 "height":40,
                 "id":107,
                 "name":"",
                 "rotation":0,
                 "type":"",
                 "visible":true,
                 "width":8,
                 "x":112,
                 "y":120
                }, 
                {
                 "gid":719,
                 "height":16,
                 "id":108,
                 "name":"",
                 "rotation":0,
                 "type":"",
                 "visible":true,
                 "width":16,
                 "x":40,
                 "y":32
                }, 
                {
                 "gid":720,
                 "height":16,
                 "id":109,
                 "name":"",
                 "rotation":0,
                 "type":"",
                 "visible":true,
                 "width":16,
                 "x":448,
                 "y":32
                }, 
                {
                 "height":8,
                 "id":113,
                 "name":"",
                 "properties":
                    {
                     "npc":"human",
                     "typeName":"cultistmage"
                    },
                 "propertytypes":
                    {
                     "npc":"string",
                     "typeName":"string"
                    },
                 "rotation":0,
                 "type":"",
                 "visible":true,
                 "width":8,
                 "x":144,
                 "y":104
                }],
         "opacity":1,
         "type":"objectgroup",
         "visible":true,
         "x":0,
         "y":0
        }],
 "nextlayerid":5,
 "nextobjectid":114,
 "orientation":"orthogonal",
 "renderorder":"right-down",
 "tiledversion":"1.10.2",
 "tileheight":8,
 "tilesets":[
        {
         "firstgid":1,
         "source":"..\/..\/..\/..\/..\/Program Files (x86)\/Steam\/steamapps\/common\/Packed\/tilesets\/packed\/objects-by-colonytag\/cultist.json"
        }, 
        {
         "firstgid":10,
         "source":"..\/..\/..\/..\/..\/Program Files (x86)\/Steam\/steamapps\/common\/Packed\/tilesets\/packed\/miscellaneous.json"
        }, 
        {
         "firstgid":34,
         "source":"..\/..\/..\/..\/..\/Program Files (x86)\/Steam\/steamapps\/common\/Packed\/tilesets\/packed\/materials.json"
        }, 
        {
         "firstgid":231,
         "source":"..\/..\/..\/..\/..\/Program Files (x86)\/Steam\/steamapps\/common\/Starbound\/assets\/Packed\/tilesets\/packed\/materials.json"
        }, 
        {
         "firstgid":428,
         "source":"..\/..\/..\/..\/..\/Program Files (x86)\/Steam\/steamapps\/common\/Starbound\/assets\/Packed\/tilesets\/packed\/supports.json"
        }, 
        {
         "firstgid":465,
         "source":"..\/..\/..\/..\/..\/Program Files (x86)\/Steam\/steamapps\/common\/Starbound\/assets\/Packed\/tilesets\/packed\/miscellaneous.json"
        }, 
        {
         "firstgid":489,
         "source":"..\/..\/..\/..\/..\/Program Files (x86)\/Steam\/steamapps\/common\/Starbound\/mods\/againandagain\/tilesets\/occasus\/occasus.json"
        }, 
        {
         "firstgid":492,
         "source":"..\/..\/..\/..\/..\/Program Files (x86)\/Steam\/steamapps\/common\/Packed\/tilesets\/packed\/objects-by-colonytag\/human.json"
        }, 
        {
         "firstgid":739,
         "source":"..\/..\/..\/..\/..\/Program Files (x86)\/Steam\/steamapps\/common\/Packed\/tilesets\/packed\/objects-by-colonytag\/door.json"
        }, 
        {
         "firstgid":862,
         "source":"..\/..\/..\/..\/..\/Program Files (x86)\/Steam\/steamapps\/common\/Starbound\/assets\/Packed\/tilesets\/packed\/objects-by-category\/storage.json"
        }, 
        {
         "firstgid":1096,
         "source":"..\/..\/..\/..\/..\/Program Files (x86)\/Steam\/steamapps\/common\/Packed\/tilesets\/packed\/objects-by-colonytag\/science.json"
        }],
 "tilewidth":8,
 "type":"map",
 "version":1.1,
 "width":63
}