{ "compressionlevel":-1,
 "height":34,
 "infinite":false,
 "layers":[
        {
         "compression":"zlib",
         "data":"eJztljsKgDAQRDd1Kq9tFfAS3sVL2QSUxexqfggzxYMUQ5xHyJooIhGYFESWjF5rSrlDLqzcZtCjx9vck\/sSyl175yz30T3oTvcSeq\/WXC29e9zd94xe671ac6vBzB50tzP63+XlkvPNWvevPbwcz52zDvnc6Y7pjnzfkd+0dMd0L6HfSV5uxF2v6eHlOOfpTndM91kzhrPuX+dOd7qjuaPB9zzdUd0PQCI4J08ZAiU=",
         "encoding":"base64",
         "height":34,
         "id":2,
         "name":"back",
         "opacity":0.5,
         "type":"tilelayer",
         "visible":true,
         "width":63,
         "x":0,
         "y":0
        }, 
        {
         "compression":"zlib",
         "data":"eJztl9EJwzAMBZMp2rEzRufwHt2lFBoiMHH\/7gx+BwLhH+mQQ+Rt83iItU+OnYuTtl9h9lFzkibVjXufk8SdJ+59ThJ3nrhfORVtENZu8\/oFeQfIud851nMS+s4b873D+t5nIO4eT7G26W56f7HnTjP6v6\/Ear6VGdzrbkP2Q9f6t9cdoD9ZZ7TTrvyWMZjlDWsQd5649zlJ3Hni3ucks7jTu03F3G0s3nIPH\/awy+s=",
         "encoding":"base64",
         "height":34,
         "id":3,
         "name":"front",
         "opacity":1,
         "type":"tilelayer",
         "visible":true,
         "width":63,
         "x":0,
         "y":0
        }, 
        {
         "draworder":"topdown",
         "id":4,
         "name":"objects",
         "objects":[
                {
                 "gid":9,
                 "height":64,
                 "id":4,
                 "name":"",
                 "rotation":0,
                 "type":"",
                 "visible":true,
                 "width":24,
                 "x":472,
                 "y":168
                }, 
                {
                 "gid":6,
                 "height":64,
                 "id":5,
                 "name":"",
                 "rotation":0,
                 "type":"",
                 "visible":true,
                 "width":24,
                 "x":8,
                 "y":168
                }, 
                {
                 "gid":601,
                 "height":24,
                 "id":6,
                 "name":"",
                 "rotation":0,
                 "type":"",
                 "visible":true,
                 "width":24,
                 "x":464,
                 "y":216
                }, 
                {
                 "gid":601,
                 "height":24,
                 "id":7,
                 "name":"",
                 "rotation":0,
                 "type":"",
                 "visible":true,
                 "width":24,
                 "x":464,
                 "y":40
                }, 
                {
                 "gid":600,
                 "height":24,
                 "id":8,
                 "name":"",
                 "rotation":0,
                 "type":"",
                 "visible":true,
                 "width":24,
                 "x":16,
                 "y":40
                }, 
                {
                 "gid":600,
                 "height":24,
                 "id":9,
                 "name":"",
                 "rotation":0,
                 "type":"",
                 "visible":true,
                 "width":24,
                 "x":16,
                 "y":216
                }, 
                {
                 "gid":489,
                 "height":14,
                 "id":53,
                 "name":"",
                 "rotation":0,
                 "type":"",
                 "visible":true,
                 "width":8,
                 "x":384,
                 "y":56
                }, 
                {
                 "gid":489,
                 "height":14,
                 "id":54,
                 "name":"",
                 "rotation":0,
                 "type":"",
                 "visible":true,
                 "width":8,
                 "x":384,
                 "y":232
                }, 
                {
                 "gid":489,
                 "height":14,
                 "id":55,
                 "name":"",
                 "rotation":0,
                 "type":"",
                 "visible":true,
                 "width":8,
                 "x":112,
                 "y":56
                }, 
                {
                 "gid":489,
                 "height":14,
                 "id":56,
                 "name":"",
                 "rotation":0,
                 "type":"",
                 "visible":true,
                 "width":8,
                 "x":112,
                 "y":232
                }],
         "opacity":1,
         "type":"objectgroup",
         "visible":true,
         "x":0,
         "y":0
        }],
 "nextlayerid":5,
 "nextobjectid":57,
 "orientation":"orthogonal",
 "renderorder":"right-down",
 "tiledversion":"1.10.2",
 "tileheight":8,
 "tilesets":[
        {
         "firstgid":1,
         "source":"..\/..\/..\/..\/..\/Program Files (x86)\/Steam\/steamapps\/common\/Packed\/tilesets\/packed\/objects-by-colonytag\/cultist.json"
        }, 
        {
         "firstgid":10,
         "source":"..\/..\/..\/..\/..\/Program Files (x86)\/Steam\/steamapps\/common\/Packed\/tilesets\/packed\/miscellaneous.json"
        }, 
        {
         "firstgid":34,
         "source":"..\/..\/..\/..\/..\/Program Files (x86)\/Steam\/steamapps\/common\/Packed\/tilesets\/packed\/materials.json"
        }, 
        {
         "firstgid":231,
         "source":"..\/..\/..\/..\/..\/Program Files (x86)\/Steam\/steamapps\/common\/Starbound\/assets\/Packed\/tilesets\/packed\/materials.json"
        }, 
        {
         "firstgid":428,
         "source":"..\/..\/..\/..\/..\/Program Files (x86)\/Steam\/steamapps\/common\/Starbound\/assets\/Packed\/tilesets\/packed\/supports.json"
        }, 
        {
         "firstgid":465,
         "source":"..\/..\/..\/..\/..\/Program Files (x86)\/Steam\/steamapps\/common\/Starbound\/assets\/Packed\/tilesets\/packed\/miscellaneous.json"
        }, 
        {
         "firstgid":489,
         "source":"..\/..\/..\/..\/..\/Program Files (x86)\/Steam\/steamapps\/common\/Starbound\/mods\/againandagain\/tilesets\/occasus\/occasus.json"
        }, 
        {
         "firstgid":492,
         "source":"..\/..\/..\/..\/..\/Program Files (x86)\/Steam\/steamapps\/common\/Packed\/tilesets\/packed\/objects-by-colonytag\/human.json"
        }, 
        {
         "firstgid":739,
         "source":"..\/..\/..\/..\/..\/Program Files (x86)\/Steam\/steamapps\/common\/Packed\/tilesets\/packed\/objects-by-colonytag\/science.json"
        }, 
        {
         "firstgid":757,
         "source":"..\/..\/..\/..\/..\/Program Files (x86)\/Steam\/steamapps\/common\/Packed\/tilesets\/packed\/objects-by-colonytag\/office.json"
        }],
 "tilewidth":8,
 "type":"map",
 "version":1.1,
 "width":63
}