{ "compressionlevel":-1,
 "height":32,
 "infinite":false,
 "layers":[
        {
         "compression":"zlib",
         "data":"eJzdmUGuwyAMRPNv8Y\/abTY5yd\/2BFyumyJZo\/F4CET57cJKlcDgZ4MD6eNn2x5fbM\/t+4yxtff1EDYyxl06V7MpjZVaI2xN6DSwT2KLfH\/EmFblf6Yzwqh0RtkyLSdfyKzYMDZXssX5lmkpvpm8KcZVbP06osX8mpmTjHvFnDyjFe9jvcnmNuZL6c6w7WBKC9vu4X7n6feqdbtD20x7xJ\/VbBmX0mmkz39lY\/5U6y3GBO2sP6vZMF9OvFFLxW0lm6oBGNMY+zjWLJtTk1aysXWCuUPfFJtab\/jMjTVja5vnE2NB5phHly3jquYkts3YHJ\/QB8Xrsq2oJb3PqlrC2PAcUa03p\/beUSeRjfE5taTim2FjZ4FMi+0\/s7NExcb2bKN7QDxPtoTNqbnZPnKGreKr2ND\/6puCw6Z8cdhU7tz3G5s71TcF9T5R3xWObYwt7vXRj9G8VWec6h3AYpHNLWTI8qW4FFsW3ypvWMu7\/YL1Png\/muqPbZiWE6OMjY2FYzgMyu94rdo58cv8cdmY3hmug\/x2TcWUPXPYWN+Z3DFWl22E\/Szb2dzNmDOeYvt0w3p59\/9HV9sL4kjDpw==",
         "encoding":"base64",
         "height":32,
         "id":1,
         "name":"back",
         "opacity":0.54,
         "type":"tilelayer",
         "visible":true,
         "width":55,
         "x":0,
         "y":0
        }, 
        {
         "compression":"zlib",
         "data":"eJzt2cEKAiEUhWHb9trBvEmblq0Co2eLAQORK6n3eGTqfHA3QdqPBcaEwLOdiJslN8DEytqPc30sEfR58rZWr2xiMd\/cG86tXDNm+7UabQtpn2cxyDZr\/R6etlEtbQhqw1Kbn9qw1Ga7Vt5rvX60th5qw1Kbz34\/W9FWu\/sj\/Vtb7117hNp8mG29\/7u9rLYtzUyzz+3TYJ3bL7axMH5vq7DuJSuo7ZjYbRfifsw2ZtdO30ks6xnBDLPbWB0W9jOqN3Qldq8=",
         "encoding":"base64",
         "height":32,
         "id":2,
         "name":"front",
         "opacity":1,
         "type":"tilelayer",
         "visible":true,
         "width":55,
         "x":0,
         "y":0
        }, 
        {
         "draworder":"topdown",
         "id":3,
         "name":"objects",
         "objects":[
                {
                 "gid":655,
                 "height":24,
                 "id":3,
                 "name":"",
                 "rotation":0,
                 "type":"",
                 "visible":true,
                 "width":48,
                 "x":104,
                 "y":56
                }, 
                {
                 "gid":655,
                 "height":24,
                 "id":4,
                 "name":"",
                 "rotation":0,
                 "type":"",
                 "visible":true,
                 "width":48,
                 "x":288,
                 "y":56
                }, 
                {
                 "gid":203,
                 "height":64,
                 "id":7,
                 "name":"",
                 "rotation":0,
                 "type":"",
                 "visible":true,
                 "width":24,
                 "x":8,
                 "y":240
                }, 
                {
                 "gid":203,
                 "height":64,
                 "id":8,
                 "name":"",
                 "properties":
                    {
                     "tilesetDirection":"left"
                    },
                 "propertytypes":
                    {
                     "tilesetDirection":"string"
                    },
                 "rotation":0,
                 "type":"",
                 "visible":true,
                 "width":24,
                 "x":408,
                 "y":240
                }, 
                {
                 "gid":715,
                 "height":32,
                 "id":15,
                 "name":"",
                 "rotation":0,
                 "type":"",
                 "visible":true,
                 "width":32,
                 "x":16,
                 "y":48
                }, 
                {
                 "gid":716,
                 "height":32,
                 "id":16,
                 "name":"",
                 "rotation":0,
                 "type":"",
                 "visible":true,
                 "width":32,
                 "x":392,
                 "y":48
                }, 
                {
                 "gid":436,
                 "height":14,
                 "id":17,
                 "name":"",
                 "rotation":0,
                 "type":"",
                 "visible":true,
                 "width":8,
                 "x":96,
                 "y":56
                }, 
                {
                 "gid":436,
                 "height":14,
                 "id":18,
                 "name":"",
                 "rotation":0,
                 "type":"",
                 "visible":true,
                 "width":8,
                 "x":48,
                 "y":56
                }, 
                {
                 "gid":436,
                 "height":14,
                 "id":19,
                 "name":"",
                 "rotation":0,
                 "type":"",
                 "visible":true,
                 "width":8,
                 "x":336,
                 "y":56
                }, 
                {
                 "gid":436,
                 "height":14,
                 "id":20,
                 "name":"",
                 "rotation":0,
                 "type":"",
                 "visible":true,
                 "width":8,
                 "x":384,
                 "y":56
                }, 
                {
                 "gid":436,
                 "height":14,
                 "id":21,
                 "name":"",
                 "rotation":0,
                 "type":"",
                 "visible":true,
                 "width":8,
                 "x":384,
                 "y":184
                }, 
                {
                 "gid":436,
                 "height":14,
                 "id":22,
                 "name":"",
                 "rotation":0,
                 "type":"",
                 "visible":true,
                 "width":8,
                 "x":336,
                 "y":184
                }, 
                {
                 "gid":436,
                 "height":14,
                 "id":23,
                 "name":"",
                 "rotation":0,
                 "type":"",
                 "visible":true,
                 "width":8,
                 "x":240,
                 "y":184
                }, 
                {
                 "gid":436,
                 "height":14,
                 "id":24,
                 "name":"",
                 "rotation":0,
                 "type":"",
                 "visible":true,
                 "width":8,
                 "x":192,
                 "y":184
                }, 
                {
                 "gid":436,
                 "height":14,
                 "id":25,
                 "name":"",
                 "rotation":0,
                 "type":"",
                 "visible":true,
                 "width":8,
                 "x":96,
                 "y":184
                }, 
                {
                 "gid":436,
                 "height":14,
                 "id":26,
                 "name":"",
                 "rotation":0,
                 "type":"",
                 "visible":true,
                 "width":8,
                 "x":48,
                 "y":184
                }, 
                {
                 "gid":436,
                 "height":14,
                 "id":27,
                 "name":"",
                 "rotation":0,
                 "type":"",
                 "visible":true,
                 "width":8,
                 "x":96,
                 "y":128
                }, 
                {
                 "gid":436,
                 "height":14,
                 "id":28,
                 "name":"",
                 "rotation":0,
                 "type":"",
                 "visible":true,
                 "width":8,
                 "x":48,
                 "y":128
                }, 
                {
                 "gid":436,
                 "height":14,
                 "id":29,
                 "name":"",
                 "rotation":0,
                 "type":"",
                 "visible":true,
                 "width":8,
                 "x":336,
                 "y":128
                }, 
                {
                 "gid":436,
                 "height":14,
                 "id":30,
                 "name":"",
                 "rotation":0,
                 "type":"",
                 "visible":true,
                 "width":8,
                 "x":384,
                 "y":128
                }],
         "opacity":1,
         "type":"objectgroup",
         "visible":true,
         "x":0,
         "y":0
        }, 
        {
         "color":"#ffff00",
         "draworder":"topdown",
         "id":4,
         "name":"wiring - lights & guns",
         "objects":[],
         "opacity":1,
         "type":"objectgroup",
         "visible":true,
         "x":0,
         "y":0
        }],
 "nextlayerid":5,
 "nextobjectid":31,
 "orientation":"orthogonal",
 "renderorder":"right-down",
 "tiledversion":"1.10.2",
 "tileheight":8,
 "tilesets":[
        {
         "firstgid":1,
         "source":"..\/..\/..\/..\/..\/Program Files (x86)\/Steam\/steamapps\/common\/Starbound\/assets\/Packed\/tilesets\/packed\/materials.json"
        }, 
        {
         "firstgid":198,
         "source":"..\/..\/..\/..\/..\/Program Files (x86)\/Steam\/steamapps\/common\/Starbound\/assets\/Packed\/tilesets\/packed\/objects-by-colonytag\/cultist.json"
        }, 
        {
         "firstgid":207,
         "source":"..\/..\/..\/..\/..\/Program Files (x86)\/Steam\/steamapps\/common\/Starbound\/assets\/Packed\/tilesets\/packed\/objects-by-colonytag\/evil.json"
        }, 
        {
         "firstgid":375,
         "source":"..\/..\/..\/..\/..\/Program Files (x86)\/Steam\/steamapps\/common\/Starbound\/assets\/Packed\/tilesets\/packed\/miscellaneous.json"
        }, 
        {
         "firstgid":399,
         "source":"..\/..\/..\/..\/..\/Program Files (x86)\/Steam\/steamapps\/common\/Starbound\/assets\/Packed\/tilesets\/packed\/supports.json"
        }, 
        {
         "firstgid":436,
         "source":"..\/..\/..\/..\/..\/Program Files (x86)\/Steam\/steamapps\/common\/Starbound\/mods\/againandagain\/tilesets\/occasus\/occasus.json"
        }, 
        {
         "firstgid":439,
         "source":"..\/..\/..\/..\/..\/Program Files (x86)\/Steam\/steamapps\/common\/Starbound\/assets\/Packed\/tilesets\/packed\/objects-by-colonytag\/human.json"
        }, 
        {
         "firstgid":686,
         "source":"..\/..\/..\/..\/..\/Program Files (x86)\/Steam\/steamapps\/common\/Starbound\/assets\/Packed\/tilesets\/packed\/objects-by-colonytag\/foundry.json"
        }, 
        {
         "firstgid":725,
         "source":"..\/..\/..\/..\/..\/Program Files (x86)\/Steam\/steamapps\/common\/Starbound\/assets\/Packed\/tilesets\/packed\/objects-by-race\/generic.json"
        }, 
        {
         "firstgid":2709,
         "source":"..\/..\/..\/..\/..\/Program Files (x86)\/Steam\/steamapps\/common\/Packed\/tilesets\/packed\/supports.json"
        }],
 "tilewidth":8,
 "type":"map",
 "version":1.1,
 "width":55
}