{ "compressionlevel":-1,
 "height":32,
 "infinite":false,
 "layers":[
        {
         "compression":"zlib",
         "data":"eJzdmUFuwzAMBN1rX5Cn5upLXpJrXmA46NMKoyCwmCwpWXZQtAciQUBROyJFSe31Y5qu\/9ge0\/8zx7bI52a3hrXm+Pr8sZGx1JXZEbYsVktfMKzTcT6u8yibmmNrxVW2VdgcXw+X47k1NGT7jfV4F3N6qHcV0\/HBdzdjerio4z7IpuuiMXvyFUa24FO28FunV0b1OYPN1Z1jy2Iyf2QLPpe38H8aO4uNjGRrMWne1oSNfK14yhlxIv6emozY1FTtE\/1e5Z18rD2nQ\/U8sWbZOGWbYRnbAp+bfJ+FR79rD9E4228ultNCPZG\/1fgfYcs0OC5lU0bmdi7isvfSzmKr1peM5HI9if7kDXP79p5oGWGruDKdPWw6Z7ZeR9lUu+u5euZVucp6SeyRjbOHLXyyfjvCxnuA7uWqbkbYqv3Ww+Z0ODadI1jYoxbMrWt+lC3rS2TTM87VUsamd0k9\/x3bLL6ONxjcuVbVcFavPLtZkzHmjPMtY4s6cj2EbKxF9ivevd7VJ3vY4reoI3d2u15CPuVyvW0Pm3sLZGzu\/unGrxJH+ZTN3dncHaxi0zoO39Y7wOWOLNU9kL2E95MqFvlabNRfvQOqXuJYetiyPZetE3PSw9Z64zBnPPdorh4rTa5XZm8JvgOOsD2mVzbyOQ3ZHtS+qePjfeNiON6qt43kjetPPubzkpj+zSC+b78\/4VfFquZuvd+cJs6xJPNWFhw3+XTvlAv8nJZl8qz07WVzfHu4VmhwerJ3WYsr09jD5saO5C6rr17\/1nzUNMq2N3dnWM98FdtfN\/bL3\/7\/0bvtG95y9vw=",
         "encoding":"base64",
         "height":32,
         "id":1,
         "name":"back",
         "opacity":0.54,
         "type":"tilelayer",
         "visible":true,
         "width":55,
         "x":0,
         "y":0
        }, 
        {
         "compression":"zlib",
         "data":"eJztmcEKwjAMhrvrfGxhZ32IXTx6rfhsWuiwhnRL1iQdmg\/+U0eTb6WlYyHYMQ2GxTI3gURk3vntEsd6ZsQ1CvVTulF5FokgmNtX3+P6eEDmjEU9KnvdQq7zAKG43Yf18RA+LnB+Di1uVPa4SeBubbibPO7WxlHdanU5\/Ui6cfr553WTwN3k+VW3dD9ztzaO4sa9a1NwN1lqbqlWGQz4zFa2vrs5ofSDuU05kliv2+KArZu0GwS6SYO5WaHt1hN304N7dnHOuMVNs0YvrNftcrKrZel2Nn6PvfebJj3csH8EGmi7WXlgXA33duIFn+nB5g==",
         "encoding":"base64",
         "height":32,
         "id":2,
         "name":"front",
         "opacity":1,
         "type":"tilelayer",
         "visible":true,
         "width":55,
         "x":0,
         "y":0
        }, 
        {
         "draworder":"topdown",
         "id":3,
         "name":"objects",
         "objects":[
                {
                 "gid":662,
                 "height":32,
                 "id":1,
                 "name":"",
                 "rotation":0,
                 "type":"",
                 "visible":true,
                 "width":160,
                 "x":48,
                 "y":200
                }, 
                {
                 "gid":662,
                 "height":32,
                 "id":2,
                 "name":"",
                 "properties":
                    {
                     "tilesetDirection":"left"
                    },
                 "propertytypes":
                    {
                     "tilesetDirection":"string"
                    },
                 "rotation":0,
                 "type":"",
                 "visible":true,
                 "width":160,
                 "x":232,
                 "y":200
                }, 
                {
                 "gid":658,
                 "height":24,
                 "id":3,
                 "name":"",
                 "rotation":0,
                 "type":"",
                 "visible":true,
                 "width":48,
                 "x":104,
                 "y":56
                }, 
                {
                 "gid":658,
                 "height":24,
                 "id":4,
                 "name":"",
                 "rotation":0,
                 "type":"",
                 "visible":true,
                 "width":48,
                 "x":288,
                 "y":56
                }, 
                {
                 "gid":203,
                 "height":64,
                 "id":7,
                 "name":"",
                 "rotation":0,
                 "type":"",
                 "visible":true,
                 "width":24,
                 "x":8,
                 "y":240
                }, 
                {
                 "gid":203,
                 "height":64,
                 "id":8,
                 "name":"",
                 "properties":
                    {
                     "tilesetDirection":"left"
                    },
                 "propertytypes":
                    {
                     "tilesetDirection":"string"
                    },
                 "rotation":0,
                 "type":"",
                 "visible":true,
                 "width":24,
                 "x":408,
                 "y":240
                }, 
                {
                 "gid":207,
                 "height":24,
                 "id":9,
                 "name":"",
                 "rotation":0,
                 "type":"",
                 "visible":true,
                 "width":24,
                 "x":24,
                 "y":152
                }, 
                {
                 "gid":207,
                 "height":24,
                 "id":10,
                 "name":"",
                 "properties":
                    {
                     "tilesetDirection":"left"
                    },
                 "propertytypes":
                    {
                     "tilesetDirection":"string"
                    },
                 "rotation":0,
                 "type":"",
                 "visible":true,
                 "width":24,
                 "x":392,
                 "y":152
                }, 
                {
                 "gid":690,
                 "height":24,
                 "id":13,
                 "name":"",
                 "rotation":0,
                 "type":"",
                 "visible":true,
                 "width":48,
                 "x":288,
                 "y":152
                }, 
                {
                 "gid":696,
                 "height":74,
                 "id":14,
                 "name":"",
                 "rotation":0,
                 "type":"",
                 "visible":true,
                 "width":56,
                 "x":104,
                 "y":152
                }, 
                {
                 "gid":718,
                 "height":32,
                 "id":15,
                 "name":"",
                 "rotation":0,
                 "type":"",
                 "visible":true,
                 "width":32,
                 "x":16,
                 "y":48
                }, 
                {
                 "gid":719,
                 "height":32,
                 "id":16,
                 "name":"",
                 "rotation":0,
                 "type":"",
                 "visible":true,
                 "width":32,
                 "x":392,
                 "y":48
                }, 
                {
                 "gid":436,
                 "height":14,
                 "id":17,
                 "name":"",
                 "rotation":0,
                 "type":"",
                 "visible":true,
                 "width":8,
                 "x":336,
                 "y":56
                }, 
                {
                 "gid":436,
                 "height":14,
                 "id":18,
                 "name":"",
                 "rotation":0,
                 "type":"",
                 "visible":true,
                 "width":8,
                 "x":384,
                 "y":56
                }, 
                {
                 "gid":436,
                 "height":14,
                 "id":19,
                 "name":"",
                 "rotation":0,
                 "type":"",
                 "visible":true,
                 "width":8,
                 "x":48,
                 "y":56
                }, 
                {
                 "gid":436,
                 "height":14,
                 "id":20,
                 "name":"",
                 "rotation":0,
                 "type":"",
                 "visible":true,
                 "width":8,
                 "x":96,
                 "y":56
                }, 
                {
                 "gid":436,
                 "height":14,
                 "id":23,
                 "name":"",
                 "rotation":0,
                 "type":"",
                 "visible":true,
                 "width":8,
                 "x":48,
                 "y":128
                }, 
                {
                 "gid":436,
                 "height":14,
                 "id":24,
                 "name":"",
                 "rotation":0,
                 "type":"",
                 "visible":true,
                 "width":8,
                 "x":96,
                 "y":128
                }, 
                {
                 "gid":436,
                 "height":14,
                 "id":25,
                 "name":"",
                 "rotation":0,
                 "type":"",
                 "visible":true,
                 "width":8,
                 "x":336,
                 "y":128
                }, 
                {
                 "gid":436,
                 "height":14,
                 "id":26,
                 "name":"",
                 "rotation":0,
                 "type":"",
                 "visible":true,
                 "width":8,
                 "x":384,
                 "y":128
                }, 
                {
                 "height":8,
                 "id":50,
                 "name":"",
                 "properties":
                    {
                     "monster":"pugziod"
                    },
                 "propertytypes":
                    {
                     "monster":"string"
                    },
                 "rotation":0,
                 "type":"",
                 "visible":true,
                 "width":8,
                 "x":56,
                 "y":112
                }],
         "opacity":1,
         "type":"objectgroup",
         "visible":true,
         "x":0,
         "y":0
        }, 
        {
         "color":"#ffff00",
         "draworder":"topdown",
         "id":4,
         "name":"wiring - lights & guns",
         "objects":[
                {
                 "height":0,
                 "id":11,
                 "name":"",
                 "polyline":[
                        {
                         "x":0,
                         "y":0
                        }, 
                        {
                         "x":-96,
                         "y":-32
                        }, 
                        {
                         "x":0,
                         "y":0
                        }],
                 "rotation":0,
                 "type":"",
                 "visible":true,
                 "width":0,
                 "x":128,
                 "y":176
                }, 
                {
                 "height":0,
                 "id":12,
                 "name":"",
                 "polyline":[
                        {
                         "x":0,
                         "y":0
                        }, 
                        {
                         "x":-88,
                         "y":32
                        }, 
                        {
                         "x":0,
                         "y":0
                        }],
                 "rotation":0,
                 "type":"",
                 "visible":true,
                 "width":0,
                 "x":400,
                 "y":144
                }],
         "opacity":1,
         "type":"objectgroup",
         "visible":true,
         "x":0,
         "y":0
        }],
 "nextlayerid":5,
 "nextobjectid":51,
 "orientation":"orthogonal",
 "renderorder":"right-down",
 "tiledversion":"1.11.2",
 "tileheight":8,
 "tilesets":[
        {
         "firstgid":1,
         "source":"..\/..\/..\/..\/..\/Program Files (x86)\/Steam\/steamapps\/common\/Starbound\/assets\/Packed\/tilesets\/packed\/materials.json"
        }, 
        {
         "firstgid":198,
         "source":"..\/..\/..\/..\/..\/Program Files (x86)\/Steam\/steamapps\/common\/Starbound\/assets\/Packed\/tilesets\/packed\/objects-by-colonytag\/cultist.json"
        }, 
        {
         "firstgid":207,
         "source":"..\/..\/..\/..\/..\/Program Files (x86)\/Steam\/steamapps\/common\/Starbound\/assets\/Packed\/tilesets\/packed\/objects-by-colonytag\/evil.json"
        }, 
        {
         "firstgid":375,
         "source":"..\/..\/..\/..\/..\/Program Files (x86)\/Steam\/steamapps\/common\/Starbound\/assets\/Packed\/tilesets\/packed\/miscellaneous.json"
        }, 
        {
         "firstgid":399,
         "source":"..\/..\/..\/..\/..\/Program Files (x86)\/Steam\/steamapps\/common\/Starbound\/assets\/Packed\/tilesets\/packed\/supports.json"
        }, 
        {
         "firstgid":436,
         "source":"..\/..\/..\/..\/..\/Program Files (x86)\/Steam\/steamapps\/common\/Starbound\/mods\/againandagain\/tilesets\/occasus\/occasus.json"
        }, 
        {
         "firstgid":442,
         "source":"..\/..\/..\/..\/..\/Program Files (x86)\/Steam\/steamapps\/common\/Starbound\/assets\/Packed\/tilesets\/packed\/objects-by-colonytag\/human.json"
        }, 
        {
         "firstgid":689,
         "source":"..\/..\/..\/..\/..\/Program Files (x86)\/Steam\/steamapps\/common\/Starbound\/assets\/Packed\/tilesets\/packed\/objects-by-colonytag\/foundry.json"
        }, 
        {
         "firstgid":728,
         "source":"..\/..\/..\/..\/..\/Program Files (x86)\/Steam\/steamapps\/common\/Starbound\/assets\/Packed\/tilesets\/packed\/objects-by-race\/generic.json"
        }, 
        {
         "firstgid":2712,
         "source":"..\/..\/..\/..\/..\/Program Files (x86)\/Steam\/steamapps\/common\/Packed\/tilesets\/packed\/supports.json"
        }, 
        {
         "firstgid":2749,
         "source":"..\/..\/..\/..\/..\/Program Files (x86)\/Steam\/steamapps\/common\/Packed\/tilesets\/packed\/materials.json"
        }, 
        {
         "firstgid":2946,
         "source":"..\/..\/..\/..\/..\/Program Files (x86)\/Steam\/steamapps\/common\/Packed\/tilesets\/packed\/miscellaneous.json"
        }],
 "tilewidth":8,
 "type":"map",
 "version":1.1,
 "width":55
}