{ "compressionlevel":-1,
 "height":33,
 "infinite":false,
 "layers":[
        {
         "compression":"zlib",
         "data":"eJw7ycjA8JqB\/vgkIwSP2j1q96jdo3aP2j1q96jdo3aP2j1q96jdo3aP2o0f6zIyOKwC0uuBNAxj44PU0cLfq5D0gDA2\/lDx9xsG4tRS298gewcSAwCLa6VW",
         "encoding":"base64",
         "height":33,
         "id":2,
         "name":"back",
         "opacity":0.53,
         "type":"tilelayer",
         "visible":true,
         "width":31,
         "x":0,
         "y":0
        }, 
        {
         "compression":"zlib",
         "data":"eJztz7EJwCAQQNHLZs57pE+hbuIGLpAyCgoiiQloui+8ytOvUUQiAAAAAOATN\/BHLyT7JibfbwdcmQsLu5r4Ru4cDdvtazm3oqvlP1nbdN0b6oxO9kPXrPxD29\/MvvVn1iliZs5fNkOF2Q==",
         "encoding":"base64",
         "height":33,
         "id":3,
         "name":"front",
         "opacity":1,
         "type":"tilelayer",
         "visible":true,
         "width":31,
         "x":0,
         "y":0
        }, 
        {
         "draworder":"topdown",
         "id":4,
         "name":"objects",
         "objects":[
                {
                 "height":8,
                 "id":1,
                 "name":"",
                 "properties":
                    {
                     "monster":"ruintezan"
                    },
                 "propertytypes":
                    {
                     "monster":"string"
                    },
                 "rotation":0,
                 "type":"",
                 "visible":true,
                 "width":8,
                 "x":120,
                 "y":160
                }, 
                {
                 "height":8,
                 "id":2,
                 "name":"",
                 "properties":
                    {
                     "npc":"human",
                     "typeName":"cultistscientist"
                    },
                 "propertytypes":
                    {
                     "npc":"string",
                     "typeName":"string"
                    },
                 "rotation":0,
                 "type":"",
                 "visible":true,
                 "width":8,
                 "x":176,
                 "y":192
                }, 
                {
                 "height":8,
                 "id":4,
                 "name":"",
                 "properties":
                    {
                     "npc":"human",
                     "typeName":"cultistscientist"
                    },
                 "propertytypes":
                    {
                     "npc":"string",
                     "typeName":"string"
                    },
                 "rotation":0,
                 "type":"",
                 "visible":true,
                 "width":8,
                 "x":64,
                 "y":192
                }, 
                {
                 "height":8,
                 "id":5,
                 "name":"",
                 "properties":
                    {
                     "npc":"human",
                     "typeName":"cultistgeneral"
                    },
                 "propertytypes":
                    {
                     "npc":"string",
                     "typeName":"string"
                    },
                 "rotation":0,
                 "type":"",
                 "visible":true,
                 "width":8,
                 "x":8,
                 "y":216
                }, 
                {
                 "height":8,
                 "id":6,
                 "name":"",
                 "properties":
                    {
                     "npc":"human",
                     "typeName":"cultistgeneral"
                    },
                 "propertytypes":
                    {
                     "npc":"string",
                     "typeName":"string"
                    },
                 "rotation":0,
                 "type":"",
                 "visible":true,
                 "width":8,
                 "x":232,
                 "y":216
                }, 
                {
                 "gid":537,
                 "height":48,
                 "id":9,
                 "name":"",
                 "properties":
                    {
                     "parameters":"{\"treasurePools\": [\"occasusbarracksAltar\"]}"
                    },
                 "propertytypes":
                    {
                     "parameters":"string"
                    },
                 "rotation":0,
                 "type":"",
                 "visible":true,
                 "width":32,
                 "x":112,
                 "y":216
                }],
         "opacity":1,
         "type":"objectgroup",
         "visible":true,
         "x":0,
         "y":0
        }],
 "nextlayerid":5,
 "nextobjectid":10,
 "orientation":"orthogonal",
 "renderorder":"right-down",
 "tiledversion":"1.10.2",
 "tileheight":8,
 "tilesets":[
        {
         "firstgid":1,
         "source":"..\/..\/..\/..\/..\/Program Files (x86)\/Steam\/steamapps\/common\/Packed\/tilesets\/packed\/materials.json"
        }, 
        {
         "firstgid":198,
         "source":"..\/..\/..\/..\/..\/Program Files (x86)\/Steam\/steamapps\/common\/Starbound\/assets\/Packed\/tilesets\/packed\/supports.json"
        }, 
        {
         "firstgid":235,
         "source":"..\/..\/..\/..\/..\/Program Files (x86)\/Steam\/steamapps\/common\/Packed\/tilesets\/packed\/miscellaneous.json"
        }, 
        {
         "firstgid":259,
         "source":"..\/..\/..\/..\/..\/Program Files (x86)\/Steam\/steamapps\/common\/Starbound\/assets\/Packed\/tilesets\/packed\/materials.json"
        }, 
        {
         "firstgid":456,
         "source":"..\/..\/..\/..\/..\/Program Files (x86)\/Steam\/steamapps\/common\/Starbound\/assets\/Packed\/tilesets\/packed\/miscellaneous.json"
        }, 
        {
         "firstgid":480,
         "source":"..\/..\/..\/..\/..\/Program Files (x86)\/Steam\/steamapps\/common\/Starbound\/assets\/Packed\/tilesets\/packed\/objects-by-colonytag\/aviantomb.json"
        }, 
        {
         "firstgid":536,
         "source":"..\/..\/..\/..\/..\/Program Files (x86)\/Steam\/steamapps\/common\/Starbound\/mods\/againandagain\/tilesets\/occasus\/occasus.json"
        }],
 "tilewidth":8,
 "type":"map",
 "version":1.1,
 "width":31
}