{ "compressionlevel":-1,
 "height":32,
 "infinite":false,
 "layers":[
        {
         "compression":"zlib",
         "data":"eJzVl80NgzAMRpsRunHH4cIkXDtBCNfOUCER9esn27FNq6oHX0DPLybOD9dyuV1PxONk7DnuyfiGvx4RGUeE8fglrg38XsbyW3U0CG\/tErM71yPQPx95JojO4DPMl2HQzf4FgnPhu5Zk2D3yVwh8NycZdnv80ruRX2Msfy3v45\/g+SxElJG+ffdj\/1YlrDXnYdairz8c7wZRKT\/2cpTx+HG+tiL3ciuvdRdhLL\/ULxvkw7qt\/rMYa\/5HaxnzjPrfYrz+Vuy9RPJ7mH\/yNyPXlmQ0P8\/V4siVYaz6pVx9nfNePiUZ6\/zpLJ+bfL5O5I8ymp\/vK70G7d6RZTQ\/jh33b8zF50+GGX1\/nsueQ9p\/Mkwt8v1HytO\/mXb+ZxjNr+0xWp1Zxqpfmi\/ucbxnRJlm+LlvvHftCIN+vn9L68nKk2Fa0fc\/rke6V0mOKBP5\/xx5P\/X\/+cv\/7yftcCb2",
         "encoding":"base64",
         "height":32,
         "id":2,
         "name":"back",
         "opacity":0.63,
         "type":"tilelayer",
         "visible":true,
         "width":32,
         "x":0,
         "y":0
        }, 
        {
         "compression":"zlib",
         "data":"eJztl8EJwCAMRdMpum5H6wbSFTpGT80lIMGYQINC\/YF3EfX9FhFDNL+ujY6androeVEsn5dLvJnfJmORtRl+L4vltMjKEqkZTvjX9uP8ww8\/\/PCP89\/8FhG8+7ee6\/E11yr\/H\/55\/ked0z+\/P7jnOGtG+FtO3fsUdgi9\/rMo9N4WjUyh\/nNEvfbTnCk=",
         "encoding":"base64",
         "height":32,
         "id":3,
         "name":"front",
         "opacity":1,
         "type":"tilelayer",
         "visible":true,
         "width":32,
         "x":0,
         "y":0
        }, 
        {
         "draworder":"topdown",
         "id":4,
         "name":"objects",
         "objects":[
                {
                 "gid":521,
                 "height":45,
                 "id":1,
                 "name":"",
                 "rotation":0,
                 "type":"",
                 "visible":true,
                 "width":40,
                 "x":96,
                 "y":240
                }, 
                {
                 "gid":522,
                 "height":53,
                 "id":2,
                 "name":"",
                 "rotation":0,
                 "type":"",
                 "visible":true,
                 "width":46,
                 "x":136,
                 "y":240
                }, 
                {
                 "gid":522,
                 "height":53,
                 "id":3,
                 "name":"",
                 "rotation":0,
                 "type":"",
                 "visible":true,
                 "width":46,
                 "x":136,
                 "y":168
                }, 
                {
                 "height":8,
                 "id":6,
                 "name":"",
                 "properties":
                    {
                     "monster":"glitchspider"
                    },
                 "propertytypes":
                    {
                     "monster":"string"
                    },
                 "rotation":0,
                 "type":"",
                 "visible":true,
                 "width":8,
                 "x":208,
                 "y":120
                }, 
                {
                 "gid":506,
                 "height":8,
                 "id":7,
                 "name":"",
                 "rotation":0,
                 "type":"",
                 "visible":true,
                 "width":8,
                 "x":0,
                 "y":224
                }],
         "opacity":1,
         "type":"objectgroup",
         "visible":true,
         "x":0,
         "y":0
        }],
 "nextlayerid":5,
 "nextobjectid":8,
 "orientation":"orthogonal",
 "renderorder":"right-down",
 "tiledversion":"1.11.2",
 "tileheight":8,
 "tilesets":[
        {
         "firstgid":1,
         "source":"..\/..\/..\/..\/..\/Program Files (x86)\/Steam\/steamapps\/common\/Starbound\/assets\/Packed\/tilesets\/packed\/supports.json"
        }, 
        {
         "firstgid":38,
         "source":"..\/..\/..\/..\/..\/Program Files (x86)\/Steam\/steamapps\/common\/Packed\/tilesets\/packed\/materials.json"
        }, 
        {
         "firstgid":235,
         "source":"..\/..\/..\/..\/..\/Program Files (x86)\/Steam\/steamapps\/common\/Packed\/tilesets\/packed\/supports.json"
        }, 
        {
         "firstgid":272,
         "source":"..\/..\/..\/..\/..\/Program Files (x86)\/Steam\/steamapps\/common\/Starbound\/assets\/Packed\/tilesets\/packed\/miscellaneous.json"
        }, 
        {
         "firstgid":296,
         "source":"..\/..\/..\/..\/..\/Program Files (x86)\/Steam\/steamapps\/common\/Starbound\/assets\/Packed\/tilesets\/packed\/materials.json"
        }, 
        {
         "firstgid":493,
         "source":"..\/..\/..\/..\/..\/Program Files (x86)\/Steam\/steamapps\/common\/Packed\/tilesets\/packed\/miscellaneous.json"
        }, 
        {
         "firstgid":517,
         "source":"..\/..\/..\/..\/..\/Program Files (x86)\/Steam\/steamapps\/common\/Starbound\/assets\/Packed\/tilesets\/packed\/objects-by-colonytag\/dark.json"
        }],
 "tilewidth":8,
 "type":"map",
 "version":1.1,
 "width":32
}