{ "compressionlevel":-1,
 "height":32,
 "infinite":false,
 "layers":[
        {
         "compression":"zlib",
         "data":"eJzdmU2uwjAMhMMtOCrbbrhNTpDLwaaSNYydcX5UIJL1EK915vO4Vioet1Iefxz\/uBhbe0e9RM34quVTc8T2DOKq5enJsLUgT4OoheceXdWJqNYqWxX4on13cK1m6\/nmaZhZrG4r2Wy\/jfBlPbT61N6YYet512PKeKiwrOxJNRdqOT\/jvPG8R91R3lm2w0SU6yBxfn\/y9HLY6w4ht6pnB1uGC\/nsPd\/KltFjc2EPo6cZPTvY0C+Vj\/V1tlZZtmgGYE1t7e1es2zKTFrJxp4T9I7xKjPFY4vqhDo8tlY0TYwFmRUupQ+UHrDXRmyKJuavx6uyrZglLWAbeXYZm+IXzpyZubtrTiJblk+ZkTNs7Kyjnie9M7PKxs5s2fcAfJ9sDpvyzHnnyBm2Hl+PDfV7bCNn5YwW1Tt15rLeiXxT\/Pfe4zJcls+yYW7Vt4hN6SdWC6+3VL8iriiPV9+ebx7jHeK8B7+3Ed2P17Bc2WfEsrG9cA+FIdJt\/\/auU+rn6VHZWL4Rrif5rEZUU\/Y\/hY3dO+MdY1XZMuyjbKPezYSyX8T264Hz8urfj3bHC1xM9JA=",
         "encoding":"base64",
         "height":32,
         "id":1,
         "name":"back",
         "opacity":0.54,
         "type":"tilelayer",
         "visible":true,
         "width":55,
         "x":0,
         "y":0
        }, 
        {
         "compression":"zlib",
         "data":"eJzt1jEKgDAQRUFtvbbgTWwsLLyGl7K1sAmYLyszsE26l4SQYQAAoMU6tq0DAPXtU9350vHj\/5G2mrTVlG47g29nsm0O76M7+a7tNj31bkt1PFnC53YBx2Yv7w==",
         "encoding":"base64",
         "height":32,
         "id":2,
         "name":"front",
         "opacity":1,
         "type":"tilelayer",
         "visible":true,
         "width":55,
         "x":0,
         "y":0
        }, 
        {
         "draworder":"topdown",
         "id":3,
         "name":"objects",
         "objects":[
                {
                 "gid":199,
                 "height":39,
                 "id":27,
                 "name":"",
                 "rotation":0,
                 "type":"",
                 "visible":true,
                 "width":32,
                 "x":256,
                 "y":160
                }, 
                {
                 "gid":199,
                 "height":39,
                 "id":28,
                 "name":"",
                 "rotation":0,
                 "type":"",
                 "visible":true,
                 "width":32,
                 "x":152,
                 "y":160
                }, 
                {
                 "gid":205,
                 "height":16,
                 "id":29,
                 "name":"",
                 "properties":
                    {
                     "parameters":"{\"treasurePools\": [\"humanbunkertreasure\"]}"
                    },
                 "propertytypes":
                    {
                     "parameters":"string"
                    },
                 "rotation":0,
                 "type":"",
                 "visible":true,
                 "width":32,
                 "x":288,
                 "y":160
                }, 
                {
                 "gid":205,
                 "height":16,
                 "id":30,
                 "name":"",
                 "properties":
                    {
                     "parameters":"{\"treasurePools\": [\"humanbunkertreasure\"]}",
                     "tilesetDirection":"left"
                    },
                 "propertytypes":
                    {
                     "parameters":"string",
                     "tilesetDirection":"string"
                    },
                 "rotation":0,
                 "type":"",
                 "visible":true,
                 "width":32,
                 "x":120,
                 "y":160
                }, 
                {
                 "height":8,
                 "id":34,
                 "name":"",
                 "properties":
                    {
                     "monster":"glitchspider"
                    },
                 "propertytypes":
                    {
                     "monster":"string"
                    },
                 "rotation":0,
                 "type":"",
                 "visible":true,
                 "width":8,
                 "x":232,
                 "y":80
                }, 
                {
                 "height":8,
                 "id":35,
                 "name":"",
                 "properties":
                    {
                     "npc":"human",
                     "typeName":"buster"
                    },
                 "propertytypes":
                    {
                     "npc":"string",
                     "typeName":"string"
                    },
                 "rotation":0,
                 "type":"",
                 "visible":true,
                 "width":8,
                 "x":160,
                 "y":104
                }, 
                {
                 "height":8,
                 "id":36,
                 "name":"",
                 "properties":
                    {
                     "npc":"human",
                     "typeName":"buster"
                    },
                 "propertytypes":
                    {
                     "npc":"string",
                     "typeName":"string"
                    },
                 "rotation":0,
                 "type":"",
                 "visible":true,
                 "width":8,
                 "x":224,
                 "y":104
                }, 
                {
                 "height":8,
                 "id":39,
                 "name":"",
                 "properties":
                    {
                     "monster":"glitchspider"
                    },
                 "propertytypes":
                    {
                     "monster":"string"
                    },
                 "rotation":0,
                 "type":"",
                 "visible":true,
                 "width":8,
                 "x":216,
                 "y":80
                }, 
                {
                 "height":8,
                 "id":40,
                 "name":"",
                 "properties":
                    {
                     "monster":"glitchspider"
                    },
                 "propertytypes":
                    {
                     "monster":"string"
                    },
                 "rotation":0,
                 "type":"",
                 "visible":true,
                 "width":8,
                 "x":104,
                 "y":80
                }, 
                {
                 "height":8,
                 "id":41,
                 "name":"",
                 "properties":
                    {
                     "monster":"glitchspider"
                    },
                 "propertytypes":
                    {
                     "monster":"string"
                    },
                 "rotation":0,
                 "type":"",
                 "visible":true,
                 "width":8,
                 "x":352,
                 "y":88
                }, 
                {
                 "height":8,
                 "id":42,
                 "name":"",
                 "properties":
                    {
                     "npc":"human",
                     "typeName":"khornate"
                    },
                 "propertytypes":
                    {
                     "npc":"string",
                     "typeName":"string"
                    },
                 "rotation":0,
                 "type":"",
                 "visible":true,
                 "width":8,
                 "x":280,
                 "y":96
                }, 
                {
                 "gid":2971,
                 "height":16,
                 "id":43,
                 "name":"",
                 "rotation":0,
                 "type":"",
                 "visible":true,
                 "width":40,
                 "x":200,
                 "y":160
                }],
         "opacity":1,
         "type":"objectgroup",
         "visible":true,
         "x":0,
         "y":0
        }, 
        {
         "color":"#ffff00",
         "draworder":"topdown",
         "id":4,
         "name":"wiring - lights & guns",
         "objects":[],
         "opacity":1,
         "type":"objectgroup",
         "visible":true,
         "x":0,
         "y":0
        }],
 "nextlayerid":5,
 "nextobjectid":44,
 "orientation":"orthogonal",
 "renderorder":"right-down",
 "tiledversion":"1.11.2",
 "tileheight":8,
 "tilesets":[
        {
         "firstgid":1,
         "source":"..\/..\/..\/..\/..\/Program Files (x86)\/Steam\/steamapps\/common\/Starbound\/assets\/Packed\/tilesets\/packed\/materials.json"
        }, 
        {
         "firstgid":198,
         "source":"..\/..\/..\/..\/..\/Program Files (x86)\/Steam\/steamapps\/common\/Starbound\/assets\/Packed\/tilesets\/packed\/objects-by-colonytag\/cultist.json"
        }, 
        {
         "firstgid":207,
         "source":"..\/..\/..\/..\/..\/Program Files (x86)\/Steam\/steamapps\/common\/Starbound\/assets\/Packed\/tilesets\/packed\/objects-by-colonytag\/evil.json"
        }, 
        {
         "firstgid":375,
         "source":"..\/..\/..\/..\/..\/Program Files (x86)\/Steam\/steamapps\/common\/Starbound\/assets\/Packed\/tilesets\/packed\/miscellaneous.json"
        }, 
        {
         "firstgid":399,
         "source":"..\/..\/..\/..\/..\/Program Files (x86)\/Steam\/steamapps\/common\/Starbound\/assets\/Packed\/tilesets\/packed\/supports.json"
        }, 
        {
         "firstgid":436,
         "source":"..\/..\/..\/..\/..\/Program Files (x86)\/Steam\/steamapps\/common\/Starbound\/mods\/againandagain\/tilesets\/occasus\/occasus.json"
        }, 
        {
         "firstgid":442,
         "source":"..\/..\/..\/..\/..\/Program Files (x86)\/Steam\/steamapps\/common\/Starbound\/assets\/Packed\/tilesets\/packed\/objects-by-colonytag\/human.json"
        }, 
        {
         "firstgid":689,
         "source":"..\/..\/..\/..\/..\/Program Files (x86)\/Steam\/steamapps\/common\/Starbound\/assets\/Packed\/tilesets\/packed\/objects-by-colonytag\/foundry.json"
        }, 
        {
         "firstgid":728,
         "source":"..\/..\/..\/..\/..\/Program Files (x86)\/Steam\/steamapps\/common\/Starbound\/assets\/Packed\/tilesets\/packed\/objects-by-race\/generic.json"
        }, 
        {
         "firstgid":2712,
         "source":"..\/..\/..\/..\/..\/Program Files (x86)\/Steam\/steamapps\/common\/Packed\/tilesets\/packed\/supports.json"
        }, 
        {
         "firstgid":2749,
         "source":"..\/..\/..\/..\/..\/Program Files (x86)\/Steam\/steamapps\/common\/Packed\/tilesets\/packed\/miscellaneous.json"
        }, 
        {
         "firstgid":2773,
         "source":"..\/..\/..\/..\/..\/Program Files (x86)\/Steam\/steamapps\/common\/Packed\/tilesets\/packed\/materials.json"
        }, 
        {
         "firstgid":2970,
         "source":"..\/..\/..\/..\/..\/Program Files (x86)\/Steam\/steamapps\/common\/Starbound\/assets\/Packed\/tilesets\/packed\/objects-by-colonytag\/doom.json"
        }],
 "tilewidth":8,
 "type":"map",
 "version":1.1,
 "width":55
}