{ "compressionlevel":-1,
 "height":123,
 "infinite":false,
 "layers":[
        {
         "compression":"zlib",
         "data":"eJztl02OwyAMhZMemg2buUa2nADRA81VRpWC5unNswM0i47khVU15MP4Bzt+bNvX4z3Zyr5t+ZQyIS\/2Ln5F7uTvOH+e3Af5CsL7JBB8zvwBUkFPoj3rJN85XrviUZ\/a27K\/s10\/r3k8nrkYeyj\/N3qnCdbzfztt635i\/oD1bt8s39dW+Er87PnRhhl+NP7I5\/N\/FrrR\/m\/BH8Crs1\/5rwvnwwjPUve\/uVcNXkk1nhfBJyGdT0I3+z8JG5FH347yxeBV\/D0+E2vxbHsm8eoH+xbttOq54lfr\/3\/vn1fCtdfjm7OHx+PdGzmDur+YQ5i\/nFeKx\/xlHtcUn3d9\/+oi39+Z4dV94fqBdcWLv6p5ldYt\/+O7r98nCJ6Nz48xQP8\/hf2KP+gcBfTO+J9zcCV+nD\/c3+7klY3ItwH9Vzz31ka81X9YN35bjPQ\/vtPN4Ln+YA+vtKbqB94brkP8XZkMHu3jfVRujdx\/FT\/FWzq83Oo83lvlZ+Ub5q0eob6r2P\/K16omcV+w4q9qluorn9R\/Y371vx9jfo351YtfzK8xv3r1h\/N\/ho\/5dVz\/p\/Ixv87NHzG\/\/r4X82vMr8yz\/phfdY6p+MX86sf\/rvnVOwvy78gP9gkhaQ==",
         "encoding":"base64",
         "height":123,
         "id":2,
         "name":"back",
         "opacity":0.52,
         "type":"tilelayer",
         "visible":true,
         "width":16,
         "x":0,
         "y":0
        }, 
        {
         "compression":"zlib",
         "data":"eJzt170NgCAQhmEYwP1LV3AGNnAN7a0tCNGG4M9H8OQ1+RrDk8OL4YJz9Z7Nx+Dvm1xq1+\/d03+8NT\/5I6X\/97z2K\/u37NeMuXJ+LIL6Ch8y72cfUzKjjyl9e0par9q\/0nP+t\/X0H2\/NM3\/b+TfzdxDUV3jmp65+757+46155mc7z\/2V+aus37un\/3hrnvnbzv\/h\/hoeRvHsogSGKg==",
         "encoding":"base64",
         "height":123,
         "id":3,
         "name":"front",
         "opacity":1,
         "type":"tilelayer",
         "visible":true,
         "width":16,
         "x":0,
         "y":0
        }, 
        {
         "draworder":"topdown",
         "id":4,
         "name":"objects",
         "objects":[
                {
                 "gid":517,
                 "height":14,
                 "id":1,
                 "name":"",
                 "rotation":0,
                 "type":"",
                 "visible":true,
                 "width":8,
                 "x":16,
                 "y":184
                }, 
                {
                 "gid":517,
                 "height":14,
                 "id":2,
                 "name":"",
                 "rotation":0,
                 "type":"",
                 "visible":true,
                 "width":8,
                 "x":104,
                 "y":184
                }, 
                {
                 "gid":517,
                 "height":14,
                 "id":3,
                 "name":"",
                 "rotation":0,
                 "type":"",
                 "visible":true,
                 "width":8,
                 "x":16,
                 "y":208
                }, 
                {
                 "gid":517,
                 "height":14,
                 "id":4,
                 "name":"",
                 "rotation":0,
                 "type":"",
                 "visible":true,
                 "width":8,
                 "x":104,
                 "y":208
                }, 
                {
                 "gid":517,
                 "height":14,
                 "id":5,
                 "name":"",
                 "rotation":0,
                 "type":"",
                 "visible":true,
                 "width":8,
                 "x":104,
                 "y":72
                }, 
                {
                 "gid":517,
                 "height":14,
                 "id":6,
                 "name":"",
                 "rotation":0,
                 "type":"",
                 "visible":true,
                 "width":8,
                 "x":16,
                 "y":72
                }, 
                {
                 "gid":517,
                 "height":14,
                 "id":7,
                 "name":"",
                 "rotation":0,
                 "type":"",
                 "visible":true,
                 "width":8,
                 "x":16,
                 "y":304
                }, 
                {
                 "gid":517,
                 "height":14,
                 "id":8,
                 "name":"",
                 "rotation":0,
                 "type":"",
                 "visible":true,
                 "width":8,
                 "x":104,
                 "y":304
                }, 
                {
                 "gid":517,
                 "height":14,
                 "id":9,
                 "name":"",
                 "rotation":0,
                 "type":"",
                 "visible":true,
                 "width":8,
                 "x":16,
                 "y":448
                }, 
                {
                 "gid":517,
                 "height":14,
                 "id":10,
                 "name":"",
                 "rotation":0,
                 "type":"",
                 "visible":true,
                 "width":8,
                 "x":104,
                 "y":448
                }, 
                {
                 "gid":517,
                 "height":14,
                 "id":11,
                 "name":"",
                 "rotation":0,
                 "type":"",
                 "visible":true,
                 "width":8,
                 "x":16,
                 "y":360
                }, 
                {
                 "gid":517,
                 "height":14,
                 "id":12,
                 "name":"",
                 "rotation":0,
                 "type":"",
                 "visible":true,
                 "width":8,
                 "x":104,
                 "y":360
                }, 
                {
                 "gid":517,
                 "height":14,
                 "id":13,
                 "name":"",
                 "rotation":0,
                 "type":"",
                 "visible":true,
                 "width":8,
                 "x":16,
                 "y":656
                }, 
                {
                 "gid":517,
                 "height":14,
                 "id":14,
                 "name":"",
                 "rotation":0,
                 "type":"",
                 "visible":true,
                 "width":8,
                 "x":104,
                 "y":656
                }, 
                {
                 "gid":517,
                 "height":14,
                 "id":15,
                 "name":"",
                 "rotation":0,
                 "type":"",
                 "visible":true,
                 "width":8,
                 "x":16,
                 "y":680
                }, 
                {
                 "gid":517,
                 "height":14,
                 "id":16,
                 "name":"",
                 "rotation":0,
                 "type":"",
                 "visible":true,
                 "width":8,
                 "x":104,
                 "y":680
                },
            
                {
                 "gid":517,
                 "height":14,
                 "id":17,
                 "name":"",
                 "rotation":0,
                 "type":"",
                 "visible":true,
                 "width":8,
                 "x":104,
                 "y":544
                }, 
                {
                 "gid":517,
                 "height":14,
                 "id":18,
                 "name":"",
                 "rotation":0,
                 "type":"",
                 "visible":true,
                 "width":8,
                 "x":16,
                 "y":544
                }, 
                {
                 "gid":517,
                 "height":14,
                 "id":19,
                 "name":"",
                 "rotation":0,
                 "type":"",
                 "visible":true,
                 "width":8,
                 "x":16,
                 "y":776
                }, 
                {
                 "gid":517,
                 "height":14,
                 "id":20,
                 "name":"",
                 "rotation":0,
                 "type":"",
                 "visible":true,
                 "width":8,
                 "x":104,
                 "y":776
                }, 
                {
                 "gid":517,
                 "height":14,
                 "id":21,
                 "name":"",
                 "rotation":0,
                 "type":"",
                 "visible":true,
                 "width":8,
                 "x":16,
                 "y":920
                }, 
                {
                 "gid":517,
                 "height":14,
                 "id":22,
                 "name":"",
                 "rotation":0,
                 "type":"",
                 "visible":true,
                 "width":8,
                 "x":104,
                 "y":920
                }, 
                {
                 "gid":517,
                 "height":14,
                 "id":23,
                 "name":"",
                 "rotation":0,
                 "type":"",
                 "visible":true,
                 "width":8,
                 "x":16,
                 "y":832
                }, 
                {
                 "gid":517,
                 "height":14,
                 "id":24,
                 "name":"",
                 "rotation":0,
                 "type":"",
                 "visible":true,
                 "width":8,
                 "x":104,
                 "y":832
                }],
         "opacity":1,
         "type":"objectgroup",
         "visible":true,
         "x":0,
         "y":0
        }],
 "nextlayerid":5,
 "nextobjectid":25,
 "orientation":"orthogonal",
 "renderorder":"right-down",
 "tiledversion":"1.10.2",
 "tileheight":8,
 "tilesets":[
        {
         "firstgid":1,
         "source":"..\/..\/..\/..\/..\/Program Files (x86)\/Steam\/steamapps\/common\/Starbound\/assets\/Packed\/tilesets\/packed\/miscellaneous.json"
        }, 
        {
         "firstgid":25,
         "source":"..\/..\/..\/..\/..\/Program Files (x86)\/Steam\/steamapps\/common\/Packed\/tilesets\/packed\/materials.json"
        }, 
        {
         "firstgid":222,
         "source":"..\/..\/..\/..\/..\/Program Files (x86)\/Steam\/steamapps\/common\/Packed\/tilesets\/packed\/miscellaneous.json"
        }, 
        {
         "firstgid":246,
         "source":"..\/..\/..\/..\/..\/Program Files (x86)\/Steam\/steamapps\/common\/Starbound\/assets\/Packed\/tilesets\/packed\/materials.json"
        }, 
        {
         "firstgid":443,
         "source":"..\/..\/..\/..\/..\/Program Files (x86)\/Steam\/steamapps\/common\/Packed\/tilesets\/packed\/supports.json"
        }, 
        {
         "firstgid":480,
         "source":"..\/..\/..\/..\/..\/Program Files (x86)\/Steam\/steamapps\/common\/Starbound\/assets\/Packed\/tilesets\/packed\/supports.json"
        }, 
        {
         "firstgid":517,
         "source":"..\/..\/..\/..\/..\/Program Files (x86)\/Steam\/steamapps\/common\/Starbound\/mods\/againandagain\/tilesets\/occasus\/occasus.json"
        }],
 "tilewidth":8,
 "type":"map",
 "version":1.1,
 "width":16
}