{ "compressionlevel":-1,
 "height":123,
 "infinite":false,
 "layers":[
        {
         "compression":"zlib",
         "data":"eJztl0tuwzAMRJUc2htveg1tfQJDOZCv0hoxgclkqE\/jBEXBBYEg0pMofs1rSl\/X1yQtl5TmQ5YB2dn9jJ\/f3TIfsv82HUa4Gf4b4ZX8hn+X\/rY2gTC3gjC\/0t4J7tnXMojH2zrrOcpn0qeXZ0HbqTW2v2KN5z01+\/MZhc4uxJt+s3ij8RnWPR73jPAL8Ur\/Xj6fwKP\/W\/yW\/BixMwr4p2U\/9YZyefTNCG\/+zh28ilHjWZj36gbHsle\/WIcJ+EmIF\/\/2RuTZNorn+K\/VH4\/HM2r1p8ZzHTS7eO\/f7v1P1muvbptsA\/1PnfHJ\/tOKn7N4VX9HebW3dPC1uzn3vPzhGFnoP5W\/xqsYNb5WPzweYxrXlP89Xq0pfqU7Mf85n5hHm6s66PkEeTv3BrLSmZ79ufbkg1f2t17Qst8NzsB7R+zPsdfrv9KIn0\/wpcKbbYzn9+UOnu9XPH53teq\/7edc7e1\/XGOw97M9VP3A+\/jbw8TLHxUjzLXiR7GmZ0\/+ezHi6ebpz29kv2Aec\/\/1vpNUfd\/XVP9VflKs3a\/4QoxXw\/5i\/21JzK8xv8b82u\/\/Fh\/za8yveE\/Mr+\/pP634OYuP+fU5\/mN+rfs\/5teYX2N+jfn1v82vrV5o\/CvyDVYV7Ak=",
         "encoding":"base64",
         "height":123,
         "id":2,
         "name":"back",
         "opacity":0.52,
         "type":"tilelayer",
         "visible":true,
         "width":16,
         "x":0,
         "y":0
        }, 
        {
         "compression":"zlib",
         "data":"eJzt100KgCAQhmG7eTfxCp2hG3iOWrfOCEEoSWzEv1eY3Twog\/ihUvnWMd31w89XjeSdCVXu\/Uf3zB\/fml9sj6uv++v31nL+lv0WMDHvxy6wv4Rf1XuPsdYEvG+07dERd8+V65c6v6Tn\/S\/rmT++NU\/+lvM95C\/5Kbf\/6J7541vz5Gc530N+8n99Gt5\/5o\/Hk791+17yN6VSz+WvE+PdVfs=",
         "encoding":"base64",
         "height":123,
         "id":3,
         "name":"front",
         "opacity":1,
         "type":"tilelayer",
         "visible":true,
         "width":16,
         "x":0,
         "y":0
        }, 
        {
         "draworder":"topdown",
         "id":4,
         "name":"objects",
         "objects":[
                {
                 "gid":517,
                 "height":14,
                 "id":1,
                 "name":"",
                 "rotation":0,
                 "type":"",
                 "visible":true,
                 "width":8,
                 "x":16,
                 "y":56
                }, 
                {
                 "gid":517,
                 "height":14,
                 "id":2,
                 "name":"",
                 "rotation":0,
                 "type":"",
                 "visible":true,
                 "width":8,
                 "x":104,
                 "y":56
                }, 
                {
                 "gid":517,
                 "height":14,
                 "id":3,
                 "name":"",
                 "rotation":0,
                 "type":"",
                 "visible":true,
                 "width":8,
                 "x":16,
                 "y":208
                }, 
                {
                 "gid":517,
                 "height":14,
                 "id":4,
                 "name":"",
                 "rotation":0,
                 "type":"",
                 "visible":true,
                 "width":8,
                 "x":104,
                 "y":208
                }, 
                {
                 "gid":517,
                 "height":14,
                 "id":5,
                 "name":"",
                 "rotation":0,
                 "type":"",
                 "visible":true,
                 "width":8,
                 "x":104,
                 "y":288
                }, 
                {
                 "gid":517,
                 "height":14,
                 "id":6,
                 "name":"",
                 "rotation":0,
                 "type":"",
                 "visible":true,
                 "width":8,
                 "x":16,
                 "y":288
                }, 
                {
                 "gid":517,
                 "height":14,
                 "id":7,
                 "name":"",
                 "rotation":0,
                 "type":"",
                 "visible":true,
                 "width":8,
                 "x":16,
                 "y":448
                }, 
                {
                 "gid":517,
                 "height":14,
                 "id":8,
                 "name":"",
                 "rotation":0,
                 "type":"",
                 "visible":true,
                 "width":8,
                 "x":104,
                 "y":448
                }, 
                {
                 "gid":517,
                 "height":14,
                 "id":9,
                 "name":"",
                 "rotation":0,
                 "type":"",
                 "visible":true,
                 "width":8,
                 "x":16,
                 "y":528
                }, 
                {
                 "gid":517,
                 "height":14,
                 "id":10,
                 "name":"",
                 "rotation":0,
                 "type":"",
                 "visible":true,
                 "width":8,
                 "x":104,
                 "y":528
                }, 
                {
                 "gid":517,
                 "height":14,
                 "id":11,
                 "name":"",
                 "rotation":0,
                 "type":"",
                 "visible":true,
                 "width":8,
                 "x":16,
                 "y":680
                }, 
                {
                 "gid":517,
                 "height":14,
                 "id":12,
                 "name":"",
                 "rotation":0,
                 "type":"",
                 "visible":true,
                 "width":8,
                 "x":104,
                 "y":680
                }, 
                {
                 "gid":517,
                 "height":14,
                 "id":13,
                 "name":"",
                 "rotation":0,
                 "type":"",
                 "visible":true,
                 "width":8,
                 "x":104,
                 "y":760
                }, 
                {
                 "gid":517,
                 "height":14,
                 "id":14,
                 "name":"",
                 "rotation":0,
                 "type":"",
                 "visible":true,
                 "width":8,
                 "x":16,
                 "y":760
                }, 
                {
                 "gid":517,
                 "height":14,
                 "id":15,
                 "name":"",
                 "rotation":0,
                 "type":"",
                 "visible":true,
                 "width":8,
                 "x":16,
                 "y":920
                }, 
                {
                 "gid":517,
                 "height":14,
                 "id":16,
                 "name":"",
                 "rotation":0,
                 "type":"",
                 "visible":true,
                 "width":8,
                 "x":104,
                 "y":920
                }],
         "opacity":1,
         "type":"objectgroup",
         "visible":true,
         "x":0,
         "y":0
        }],
 "nextlayerid":5,
 "nextobjectid":17,
 "orientation":"orthogonal",
 "renderorder":"right-down",
 "tiledversion":"1.10.2",
 "tileheight":8,
 "tilesets":[
        {
         "firstgid":1,
         "source":"..\/..\/..\/..\/..\/Program Files (x86)\/Steam\/steamapps\/common\/Starbound\/assets\/Packed\/tilesets\/packed\/miscellaneous.json"
        }, 
        {
         "firstgid":25,
         "source":"..\/..\/..\/..\/..\/Program Files (x86)\/Steam\/steamapps\/common\/Packed\/tilesets\/packed\/materials.json"
        }, 
        {
         "firstgid":222,
         "source":"..\/..\/..\/..\/..\/Program Files (x86)\/Steam\/steamapps\/common\/Packed\/tilesets\/packed\/miscellaneous.json"
        }, 
        {
         "firstgid":246,
         "source":"..\/..\/..\/..\/..\/Program Files (x86)\/Steam\/steamapps\/common\/Starbound\/assets\/Packed\/tilesets\/packed\/materials.json"
        }, 
        {
         "firstgid":443,
         "source":"..\/..\/..\/..\/..\/Program Files (x86)\/Steam\/steamapps\/common\/Packed\/tilesets\/packed\/supports.json"
        }, 
        {
         "firstgid":480,
         "source":"..\/..\/..\/..\/..\/Program Files (x86)\/Steam\/steamapps\/common\/Starbound\/assets\/Packed\/tilesets\/packed\/supports.json"
        }, 
        {
         "firstgid":517,
         "source":"..\/..\/..\/..\/..\/Program Files (x86)\/Steam\/steamapps\/common\/Starbound\/mods\/againandagain\/tilesets\/occasus\/occasus.json"
        }],
 "tilewidth":8,
 "type":"map",
 "version":1.1,
 "width":16
}