{ "compressionlevel":-1,
 "height":32,
 "infinite":false,
 "layers":[
        {
         "compression":"zlib",
         "data":"eJzdmcttxDAMRF1G2vXFleSaClTAtpVLBBCD4XD0MZzdA+GFLY34SImWvK\/jOF4fbD8faIyt\/V0vYSNjPKVzN5vS2Kk1wtaETgN7J7bI902MaVX+ZzojjEpnlC3TcvKFzIoNY3MnW5xvmZbiW8mbYtzF1q8jWsyvlTnJuHfMyRmteB\/rTTa3MV9Kd4XtBFNa2PYM9ztPv1et2xPaZtoj\/uxmy7iUTiN9\/isb86dabzEmaLP+7GbDfDnxRi0Vt51sqgZgTGPs41irbE5N2snG1gnmDn1TbGq94TM31oytHZ5PjAWZYx5dtoyrmpPYNmNzfEIfFK\/LtqOW9D67agljw3NEtd6c2vtEnUQ2xufUkopvhY2dBTIttv\/MzhIVG9uzje4B8TzZEjan5mb7yBW2iq9iQ\/+rbwoOm\/LFYVO5c99vbO5U3xTU+0R9V7iOMba410c\/RvNWnXGqdwCLRTa3kCHLl+JSbFl8q7xhLe\/2Bdb74P1oqj+2YVpOjDI2NhaO4TAov+O1aufEL\/PHZWN6M1wX+e2aiil75rCxviu5Y6wu2wj7LNts7lbMGU+xvbthvXz6\/6O77RepUfdz",
         "encoding":"base64",
         "height":32,
         "id":2,
         "name":"back",
         "opacity":0.51,
         "type":"tilelayer",
         "visible":true,
         "width":55,
         "x":0,
         "y":0
        }, 
        {
         "compression":"zlib",
         "data":"eJztmUEKhDAMRSt48dl4EMGNV9C16NoLieDAMPzatCbV2Dz4G2lNHgEt1Ll8LFXGYgc9QwZCHeoajn5+3WIZQCh7JN77z1U31FOuNSG43Z6EuenE3HRSslvrOUP4nksT00\/Jc9OMueljdOamEeQ23tQLN6W7af13I7fmiGa+Dmhub3QzjCezf3dSUzucDsS39kp9Kc68PiBnflzMDL6hefncJP0mYS\/kdMf8UomdV8z8QlDOiZQ7g5S9XPcVEn1zs2autwHmLpc4",
         "encoding":"base64",
         "height":32,
         "id":1,
         "name":"front",
         "opacity":1,
         "type":"tilelayer",
         "visible":true,
         "width":55,
         "x":0,
         "y":0
        }, 
        {
         "draworder":"topdown",
         "id":3,
         "name":"objects",
         "objects":[
                {
                 "gid":222,
                 "height":14,
                 "id":1,
                 "name":"",
                 "rotation":0,
                 "type":"",
                 "visible":true,
                 "width":8,
                 "x":104,
                 "y":152
                }, 
                {
                 "gid":222,
                 "height":14,
                 "id":2,
                 "name":"",
                 "rotation":0,
                 "type":"",
                 "visible":true,
                 "width":8,
                 "x":184,
                 "y":152
                }, 
                {
                 "gid":222,
                 "height":14,
                 "id":3,
                 "name":"",
                 "rotation":0,
                 "type":"",
                 "visible":true,
                 "width":8,
                 "x":248,
                 "y":152
                }, 
                {
                 "gid":222,
                 "height":14,
                 "id":4,
                 "name":"",
                 "rotation":0,
                 "type":"",
                 "visible":true,
                 "width":8,
                 "x":328,
                 "y":152
                }, 
                {
                 "gid":222,
                 "height":14,
                 "id":5,
                 "name":"",
                 "rotation":0,
                 "type":"",
                 "visible":true,
                 "width":8,
                 "x":392,
                 "y":152
                }, 
                {
                 "gid":222,
                 "height":14,
                 "id":6,
                 "name":"",
                 "rotation":0,
                 "type":"",
                 "visible":true,
                 "width":8,
                 "x":40,
                 "y":152
                }, 
                {
                 "gid":222,
                 "height":14,
                 "id":7,
                 "name":"",
                 "rotation":0,
                 "type":"",
                 "visible":true,
                 "width":8,
                 "x":40,
                 "y":104
                }, 
                {
                 "gid":222,
                 "height":14,
                 "id":8,
                 "name":"",
                 "rotation":0,
                 "type":"",
                 "visible":true,
                 "width":8,
                 "x":104,
                 "y":104
                }, 
                {
                 "gid":222,
                 "height":14,
                 "id":9,
                 "name":"",
                 "rotation":0,
                 "type":"",
                 "visible":true,
                 "width":8,
                 "x":184,
                 "y":104
                }, 
                {
                 "gid":222,
                 "height":14,
                 "id":10,
                 "name":"",
                 "rotation":0,
                 "type":"",
                 "visible":true,
                 "width":8,
                 "x":392,
                 "y":104
                }, 
                {
                 "gid":222,
                 "height":14,
                 "id":11,
                 "name":"",
                 "rotation":0,
                 "type":"",
                 "visible":true,
                 "width":8,
                 "x":328,
                 "y":104
                }, 
                {
                 "gid":222,
                 "height":14,
                 "id":12,
                 "name":"",
                 "rotation":0,
                 "type":"",
                 "visible":true,
                 "width":8,
                 "x":248,
                 "y":104
                }, 
                {
                 "gid":267,
                 "height":24,
                 "id":13,
                 "name":"",
                 "rotation":0,
                 "type":"",
                 "visible":true,
                 "width":24,
                 "x":128,
                 "y":184
                }, 
                {
                 "gid":267,
                 "height":24,
                 "id":14,
                 "name":"",
                 "rotation":0,
                 "type":"",
                 "visible":true,
                 "width":24,
                 "x":288,
                 "y":184
                }, 
                {
                 "gid":223,
                 "height":48,
                 "id":16,
                 "name":"",
                 "properties":
                    {
                     "parameters":"{\"treasurePools\": [\"occasusbarracksAltar\"]}"
                    },
                 "propertytypes":
                    {
                     "parameters":"string"
                    },
                 "rotation":0,
                 "type":"",
                 "visible":true,
                 "width":32,
                 "x":168,
                 "y":200
                }, 
                {
                 "gid":223,
                 "height":48,
                 "id":21,
                 "name":"",
                 "properties":
                    {
                     "parameters":"{\"treasurePools\": [\"occasusbarracksAltar\"]}",
                     "tilesetDirection":"left"
                    },
                 "propertytypes":
                    {
                     "parameters":"string",
                     "tilesetDirection":"string"
                    },
                 "rotation":0,
                 "type":"",
                 "visible":true,
                 "width":32,
                 "x":248,
                 "y":200
                }, 
                {
                 "gid":438,
                 "height":64,
                 "id":17,
                 "name":"",
                 "rotation":0,
                 "type":"",
                 "visible":true,
                 "width":24,
                 "x":8,
                 "y":240
                }, 
                {
                 "gid":438,
                 "height":64,
                 "id":18,
                 "name":"",
                 "rotation":0,
                 "type":"",
                 "visible":true,
                 "width":24,
                 "x":408,
                 "y":240
                }, 
                {
                 "gid":439,
                 "height":24,
                 "id":19,
                 "name":"",
                 "rotation":0,
                 "type":"",
                 "visible":true,
                 "width":64,
                 "x":152,
                 "y":32
                }, 
                {
                 "gid":439,
                 "height":24,
                 "id":20,
                 "name":"",
                 "rotation":0,
                 "type":"",
                 "visible":true,
                 "width":64,
                 "x":224,
                 "y":32
                }, 
                {
                 "gid":225,
                 "height":32,
                 "id":44,
                 "name":"",
                 "rotation":0,
                 "type":"",
                 "visible":true,
                 "width":32,
                 "x":144,
                 "y":120
                }, 
                {
                 "gid":225,
                 "height":32,
                 "id":45,
                 "name":"",
                 "rotation":0,
                 "type":"",
                 "visible":true,
                 "width":32,
                 "x":264,
                 "y":120
                }],
         "opacity":1,
         "type":"objectgroup",
         "visible":true,
         "x":0,
         "y":0
        }, 
        {
         "draworder":"topdown",
         "id":4,
         "name":"monsters and npcs",
         "objects":[
                {
                 "height":8,
                 "id":35,
                 "name":"",
                 "properties":
                    {
                     "npc":"human",
                     "typeName":"khornate"
                    },
                 "propertytypes":
                    {
                     "npc":"string",
                     "typeName":"string"
                    },
                 "rotation":0,
                 "type":"",
                 "visible":true,
                 "width":8,
                 "x":224,
                 "y":160
                }, 
                {
                 "height":8,
                 "id":36,
                 "name":"",
                 "properties":
                    {
                     "monster":"ruinkhorne"
                    },
                 "propertytypes":
                    {
                     "monster":"string"
                    },
                 "rotation":0,
                 "type":"",
                 "visible":true,
                 "width":8,
                 "x":296,
                 "y":120
                }, 
                {
                 "height":8,
                 "id":37,
                 "name":"",
                 "properties":
                    {
                     "npc":"human",
                     "typeName":"buster"
                    },
                 "propertytypes":
                    {
                     "npc":"string",
                     "typeName":"string"
                    },
                 "rotation":0,
                 "type":"",
                 "visible":true,
                 "width":8,
                 "x":120,
                 "y":128
                }, 
                {
                 "height":8,
                 "id":38,
                 "name":"",
                 "properties":
                    {
                     "npc":"human",
                     "typeName":"khornate"
                    },
                 "propertytypes":
                    {
                     "npc":"string",
                     "typeName":"string"
                    },
                 "rotation":0,
                 "type":"",
                 "visible":true,
                 "width":8,
                 "x":344,
                 "y":184
                }, 
                {
                 "height":8,
                 "id":47,
                 "name":"",
                 "properties":
                    {
                     "monster":"pugziod"
                    },
                 "propertytypes":
                    {
                     "monster":"string"
                    },
                 "rotation":0,
                 "type":"",
                 "visible":true,
                 "width":8,
                 "x":104,
                 "y":160
                }, 
                {
                 "height":8,
                 "id":48,
                 "name":"",
                 "properties":
                    {
                     "monster":"pugziod"
                    },
                 "propertytypes":
                    {
                     "monster":"string"
                    },
                 "rotation":0,
                 "type":"",
                 "visible":true,
                 "width":8,
                 "x":336,
                 "y":168
                }],
         "opacity":1,
         "type":"objectgroup",
         "visible":true,
         "x":0,
         "y":0
        }],
 "nextlayerid":5,
 "nextobjectid":49,
 "orientation":"orthogonal",
 "renderorder":"right-down",
 "tiledversion":"1.11.2",
 "tileheight":8,
 "tilesets":[
        {
         "firstgid":1,
         "source":"..\/..\/..\/..\/..\/Program Files (x86)\/Steam\/steamapps\/common\/Starbound\/assets\/Packed\/tilesets\/packed\/materials.json"
        }, 
        {
         "firstgid":198,
         "source":"..\/..\/..\/..\/..\/Program Files (x86)\/Steam\/steamapps\/common\/Starbound\/assets\/Packed\/tilesets\/packed\/miscellaneous.json"
        }, 
        {
         "firstgid":222,
         "source":"..\/..\/..\/..\/..\/Program Files (x86)\/Steam\/steamapps\/common\/Starbound\/mods\/againandagain\/tilesets\/occasus\/occasus.json"
        }, 
        {
         "firstgid":228,
         "source":"..\/..\/..\/..\/..\/Program Files (x86)\/Steam\/steamapps\/common\/Starbound\/assets\/Packed\/tilesets\/packed\/objects-by-colonytag\/evil.json"
        }, 
        {
         "firstgid":396,
         "source":"..\/..\/..\/..\/..\/Program Files (x86)\/Steam\/steamapps\/common\/Starbound\/assets\/Packed\/tilesets\/packed\/supports.json"
        }, 
        {
         "firstgid":433,
         "source":"..\/..\/..\/..\/..\/Program Files (x86)\/Steam\/steamapps\/common\/Starbound\/assets\/Packed\/tilesets\/packed\/objects-by-colonytag\/cultist.json"
        }, 
        {
         "firstgid":442,
         "source":"..\/..\/..\/..\/..\/Program Files (x86)\/Steam\/steamapps\/common\/Packed\/tilesets\/packed\/miscellaneous.json"
        }, 
        {
         "firstgid":466,
         "source":"..\/..\/..\/..\/..\/Program Files\/OpenStarbound\/mods\/againandagain\/tilesets\/occasus\/occasus.json"
        }],
 "tilewidth":8,
 "type":"map",
 "version":1.1,
 "width":55
}