{ "compressionlevel":-1,
 "height":32,
 "infinite":false,
 "layers":[
        {
         "compression":"zlib",
         "data":"eJzdmUGuwyAMRPNv8Y\/abTY5yd\/2BFyumyJZo\/F4CET57cJKlcDgZ4MD6eNn2x5fbM\/t+4yxtff1EDYyxl06V7MpjZVaI2xN6DSwT2KLfH\/EmFblf6Yzwqh0RtkyLSdfyKzYMDZXssX5lmkpvpm8KcZVbP06osX8mpmTjHvFnDyjFe9jvcnmNuZL6c6w7WBKC9vu4X7n6feqdbtD20x7xJ\/VbBmX0mmkz39lY\/5U6y3GBO2sP6vZMF9OvFFLxW0lm6oBGNMY+zjWLJtTk1aysXWCuUPfFJtab\/jMjTVja5vnE2NB5phHly3jquYkts3YHJ\/QB8Xrsq2oJb3PqlrC2PAcUa03p\/beUSeRjfE5taTim2FjZ4FMi+0\/s7NExcb2bKN7QDxPtoTNqbnZPnKGreKr2ND\/6puCw6Z8cdhU7tz3G5s71TcF9T5R3xWObYwt7vXRj9G8VWec6h3AYpHNLWTI8qW4FFsW3ypvWMu7\/YL1Png\/muqPbZiWE6OMjY2FYzgMyu94rdo58cv8cdmY3hmug\/x2TcWUPXPYWN+Z3DFWl22E\/Szb2dzNmDOeYvt0w3p59\/9HV9sL4kjDpw==",
         "encoding":"base64",
         "height":32,
         "id":1,
         "name":"back",
         "opacity":0.54,
         "type":"tilelayer",
         "visible":true,
         "width":55,
         "x":0,
         "y":0
        }, 
        {
         "compression":"zlib",
         "data":"eJztmUEKwjAQRdNtri3kJt3ozpUQce2xVIgQhrEmmZ\/Rwn\/wN22Y6UuySEkIfqTFsVnhCEhW6q5Pl0v8nFVxzaDvqd1auVXJIppbzXnZfh+Umrnq18qoWyh9riJIN61+Dxa3VkbcENDNBt3w0M0G3cZqbT3fm1sPdLNBNyyv8xndbPyLW+9ZuwW6YfF06\/3vtqK5pZJTxKZGrhu619tBW7eEnkSBdEOjuXkx2+2X0G2f0A3HPX4fg8LT7eA8j9yTWLQ7ghnMdvPy0PC+o3oAf\/GrgA==",
         "encoding":"base64",
         "height":32,
         "id":2,
         "name":"front",
         "opacity":1,
         "type":"tilelayer",
         "visible":true,
         "width":55,
         "x":0,
         "y":0
        }, 
        {
         "draworder":"topdown",
         "id":3,
         "name":"objects",
         "objects":[
                {
                 "gid":655,
                 "height":24,
                 "id":3,
                 "name":"",
                 "rotation":0,
                 "type":"",
                 "visible":true,
                 "width":48,
                 "x":104,
                 "y":56
                }, 
                {
                 "gid":655,
                 "height":24,
                 "id":4,
                 "name":"",
                 "rotation":0,
                 "type":"",
                 "visible":true,
                 "width":48,
                 "x":288,
                 "y":56
                }, 
                {
                 "gid":203,
                 "height":64,
                 "id":7,
                 "name":"",
                 "rotation":0,
                 "type":"",
                 "visible":true,
                 "width":24,
                 "x":8,
                 "y":240
                }, 
                {
                 "gid":203,
                 "height":64,
                 "id":8,
                 "name":"",
                 "properties":
                    {
                     "tilesetDirection":"left"
                    },
                 "propertytypes":
                    {
                     "tilesetDirection":"string"
                    },
                 "rotation":0,
                 "type":"",
                 "visible":true,
                 "width":24,
                 "x":408,
                 "y":240
                }, 
                {
                 "gid":715,
                 "height":32,
                 "id":15,
                 "name":"",
                 "rotation":0,
                 "type":"",
                 "visible":true,
                 "width":32,
                 "x":16,
                 "y":48
                }, 
                {
                 "gid":716,
                 "height":32,
                 "id":16,
                 "name":"",
                 "rotation":0,
                 "type":"",
                 "visible":true,
                 "width":32,
                 "x":392,
                 "y":48
                }, 
                {
                 "gid":720,
                 "height":110,
                 "id":17,
                 "name":"",
                 "rotation":0,
                 "type":"",
                 "visible":true,
                 "width":68,
                 "x":24,
                 "y":160
                }, 
                {
                 "gid":693,
                 "height":74,
                 "id":18,
                 "name":"",
                 "rotation":0,
                 "type":"",
                 "visible":true,
                 "width":56,
                 "x":128,
                 "y":160
                }, 
                {
                 "gid":724,
                 "height":38,
                 "id":19,
                 "name":"",
                 "rotation":0,
                 "type":"",
                 "visible":true,
                 "width":40,
                 "x":88,
                 "y":160
                }, 
                {
                 "gid":723,
                 "height":38,
                 "id":20,
                 "name":"",
                 "rotation":0,
                 "type":"",
                 "visible":true,
                 "width":38,
                 "x":256,
                 "y":160
                }, 
                {
                 "gid":702,
                 "height":36,
                 "id":21,
                 "name":"",
                 "rotation":0,
                 "type":"",
                 "visible":true,
                 "width":46,
                 "x":296,
                 "y":160
                }, 
                {
                 "gid":696,
                 "height":32,
                 "id":22,
                 "name":"",
                 "rotation":0,
                 "type":"",
                 "visible":true,
                 "width":56,
                 "x":360,
                 "y":160
                }],
         "opacity":1,
         "type":"objectgroup",
         "visible":true,
         "x":0,
         "y":0
        }, 
        {
         "color":"#ffff00",
         "draworder":"topdown",
         "id":4,
         "name":"wiring - lights & guns",
         "objects":[],
         "opacity":1,
         "type":"objectgroup",
         "visible":true,
         "x":0,
         "y":0
        }],
 "nextlayerid":5,
 "nextobjectid":23,
 "orientation":"orthogonal",
 "renderorder":"right-down",
 "tiledversion":"1.10.2",
 "tileheight":8,
 "tilesets":[
        {
         "firstgid":1,
         "source":"..\/..\/..\/..\/..\/Program Files (x86)\/Steam\/steamapps\/common\/Starbound\/assets\/Packed\/tilesets\/packed\/materials.json"
        }, 
        {
         "firstgid":198,
         "source":"..\/..\/..\/..\/..\/Program Files (x86)\/Steam\/steamapps\/common\/Starbound\/assets\/Packed\/tilesets\/packed\/objects-by-colonytag\/cultist.json"
        }, 
        {
         "firstgid":207,
         "source":"..\/..\/..\/..\/..\/Program Files (x86)\/Steam\/steamapps\/common\/Starbound\/assets\/Packed\/tilesets\/packed\/objects-by-colonytag\/evil.json"
        }, 
        {
         "firstgid":375,
         "source":"..\/..\/..\/..\/..\/Program Files (x86)\/Steam\/steamapps\/common\/Starbound\/assets\/Packed\/tilesets\/packed\/miscellaneous.json"
        }, 
        {
         "firstgid":399,
         "source":"..\/..\/..\/..\/..\/Program Files (x86)\/Steam\/steamapps\/common\/Starbound\/assets\/Packed\/tilesets\/packed\/supports.json"
        }, 
        {
         "firstgid":436,
         "source":"..\/..\/..\/..\/..\/Program Files (x86)\/Steam\/steamapps\/common\/Starbound\/mods\/againandagain\/tilesets\/occasus\/occasus.json"
        }, 
        {
         "firstgid":439,
         "source":"..\/..\/..\/..\/..\/Program Files (x86)\/Steam\/steamapps\/common\/Starbound\/assets\/Packed\/tilesets\/packed\/objects-by-colonytag\/human.json"
        }, 
        {
         "firstgid":686,
         "source":"..\/..\/..\/..\/..\/Program Files (x86)\/Steam\/steamapps\/common\/Starbound\/assets\/Packed\/tilesets\/packed\/objects-by-colonytag\/foundry.json"
        }, 
        {
         "firstgid":725,
         "source":"..\/..\/..\/..\/..\/Program Files (x86)\/Steam\/steamapps\/common\/Starbound\/assets\/Packed\/tilesets\/packed\/objects-by-race\/generic.json"
        }, 
        {
         "firstgid":2709,
         "source":"..\/..\/..\/..\/..\/Program Files (x86)\/Steam\/steamapps\/common\/Packed\/tilesets\/packed\/supports.json"
        }, 
        {
         "firstgid":2746,
         "source":"..\/..\/..\/..\/..\/Program Files (x86)\/Steam\/steamapps\/common\/Packed\/tilesets\/packed\/miscellaneous.json"
        }],
 "tilewidth":8,
 "type":"map",
 "version":1.1,
 "width":55
}