{ "compressionlevel":-1,
 "height":32,
 "infinite":false,
 "layers":[
        {
         "compression":"zlib",
         "data":"eJzdmcttxDAMRF1G2vXFleSaClTAtpVLBBCD4XD0MZzdA+GFLY34SImWvK\/jOF4fbD8faIyt\/V0vYSNjPKVzN5vS2Kk1wtaETgN7J7bI902MaVX+ZzojjEpnlC3TcvKFzIoNY3MnW5xvmZbiW8mbYtzF1q8jWsyvlTnJuHfMyRmteB\/rTTa3MV9Kd4XtBFNa2PYM9ztPv1et2xPaZtoj\/uxmy7iUTiN9\/isb86dabzEmaLP+7GbDfDnxRi0Vt51sqgZgTGPs41irbE5N2snG1gnmDn1TbGq94TM31oytHZ5PjAWZYx5dtoyrmpPYNmNzfEIfFK\/LtqOW9D67agljw3NEtd6c2vtEnUQ2xufUkopvhY2dBTIttv\/MzhIVG9uzje4B8TzZEjan5mb7yBW2iq9iQ\/+rbwoOm\/LFYVO5c99vbO5U3xTU+0R9V7iOMba410c\/RvNWnXGqdwCLRTa3kCHLl+JSbFl8q7xhLe\/2Bdb74P1oqj+2YVpOjDI2NhaO4TAov+O1aufEL\/PHZWN6M1wX+e2aiil75rCxviu5Y6wu2wj7LNts7lbMGU+xvbthvXz6\/6O77RepUfdz",
         "encoding":"base64",
         "height":32,
         "id":2,
         "name":"back",
         "opacity":0.51,
         "type":"tilelayer",
         "visible":true,
         "width":55,
         "x":0,
         "y":0
        }, 
        {
         "compression":"zlib",
         "data":"eJztmU0KhDAMRjvgxWfjNWblxivYW+iBZGAKMnz9yTTpNDYPvo2kaR4BXehcO\/aGdwVWhmwF95TWcMxzdaOygZSckej7Ta0bmqlVTQ5ut54wN52Ym05Gdns98LnYc2ko84y8N82Ymz68MzeNIDf\/p1m4Gd1N67cbuc2faCY4oL3d0c0weub93vk1k8NZQGK1NfdLkfJ6gqT8uDgYeuT2FXOT9JP2Qk7U\/flMakn1pu6Lsr+cV4kbx7+F3nJ3TgqZsZg=",
         "encoding":"base64",
         "height":32,
         "id":1,
         "name":"front",
         "opacity":1,
         "type":"tilelayer",
         "visible":true,
         "width":55,
         "x":0,
         "y":0
        }, 
        {
         "draworder":"topdown",
         "id":3,
         "name":"objects",
         "objects":[
                {
                 "gid":222,
                 "height":14,
                 "id":1,
                 "name":"",
                 "rotation":0,
                 "type":"",
                 "visible":true,
                 "width":8,
                 "x":104,
                 "y":152
                }, 
                {
                 "gid":222,
                 "height":14,
                 "id":2,
                 "name":"",
                 "rotation":0,
                 "type":"",
                 "visible":true,
                 "width":8,
                 "x":184,
                 "y":152
                }, 
                {
                 "gid":222,
                 "height":14,
                 "id":3,
                 "name":"",
                 "rotation":0,
                 "type":"",
                 "visible":true,
                 "width":8,
                 "x":248,
                 "y":152
                }, 
                {
                 "gid":222,
                 "height":14,
                 "id":4,
                 "name":"",
                 "rotation":0,
                 "type":"",
                 "visible":true,
                 "width":8,
                 "x":328,
                 "y":152
                }, 
                {
                 "gid":222,
                 "height":14,
                 "id":5,
                 "name":"",
                 "rotation":0,
                 "type":"",
                 "visible":true,
                 "width":8,
                 "x":392,
                 "y":152
                }, 
                {
                 "gid":222,
                 "height":14,
                 "id":6,
                 "name":"",
                 "rotation":0,
                 "type":"",
                 "visible":true,
                 "width":8,
                 "x":40,
                 "y":152
                }, 
                {
                 "gid":222,
                 "height":14,
                 "id":7,
                 "name":"",
                 "rotation":0,
                 "type":"",
                 "visible":true,
                 "width":8,
                 "x":40,
                 "y":104
                }, 
                {
                 "gid":222,
                 "height":14,
                 "id":8,
                 "name":"",
                 "rotation":0,
                 "type":"",
                 "visible":true,
                 "width":8,
                 "x":104,
                 "y":104
                }, 
                {
                 "gid":222,
                 "height":14,
                 "id":9,
                 "name":"",
                 "rotation":0,
                 "type":"",
                 "visible":true,
                 "width":8,
                 "x":184,
                 "y":104
                }, 
                {
                 "gid":222,
                 "height":14,
                 "id":10,
                 "name":"",
                 "rotation":0,
                 "type":"",
                 "visible":true,
                 "width":8,
                 "x":392,
                 "y":104
                }, 
                {
                 "gid":222,
                 "height":14,
                 "id":11,
                 "name":"",
                 "rotation":0,
                 "type":"",
                 "visible":true,
                 "width":8,
                 "x":328,
                 "y":104
                }, 
                {
                 "gid":222,
                 "height":14,
                 "id":12,
                 "name":"",
                 "rotation":0,
                 "type":"",
                 "visible":true,
                 "width":8,
                 "x":248,
                 "y":104
                }, 
                {
                 "gid":264,
                 "height":24,
                 "id":13,
                 "name":"",
                 "rotation":0,
                 "type":"",
                 "visible":true,
                 "width":24,
                 "x":136,
                 "y":184
                }, 
                {
                 "gid":264,
                 "height":24,
                 "id":14,
                 "name":"",
                 "rotation":0,
                 "type":"",
                 "visible":true,
                 "width":24,
                 "x":280,
                 "y":184
                }, 
                {
                 "gid":223,
                 "height":48,
                 "id":16,
                 "name":"",
                 "rotation":0,
                 "type":"",
                 "visible":true,
                 "width":32,
                 "x":160,
                 "y":200
                }, 
                {
                 "gid":223,
                 "height":48,
                 "id":21,
                 "name":"",
                 "properties":
                    {
                     "tilesetDirection":"left"
                    },
                 "propertytypes":
                    {
                     "tilesetDirection":"string"
                    },
                 "rotation":0,
                 "type":"",
                 "visible":true,
                 "width":32,
                 "x":248,
                 "y":200
                }, 
                {
                 "gid":435,
                 "height":64,
                 "id":17,
                 "name":"",
                 "rotation":0,
                 "type":"",
                 "visible":true,
                 "width":24,
                 "x":8,
                 "y":240
                }, 
                {
                 "gid":435,
                 "height":64,
                 "id":18,
                 "name":"",
                 "rotation":0,
                 "type":"",
                 "visible":true,
                 "width":24,
                 "x":408,
                 "y":240
                }, 
                {
                 "gid":436,
                 "height":24,
                 "id":19,
                 "name":"",
                 "rotation":0,
                 "type":"",
                 "visible":true,
                 "width":64,
                 "x":152,
                 "y":32
                }, 
                {
                 "gid":436,
                 "height":24,
                 "id":20,
                 "name":"",
                 "rotation":0,
                 "type":"",
                 "visible":true,
                 "width":64,
                 "x":224,
                 "y":32
                }],
         "opacity":1,
         "type":"objectgroup",
         "visible":true,
         "x":0,
         "y":0
        }],
 "nextlayerid":4,
 "nextobjectid":22,
 "orientation":"orthogonal",
 "renderorder":"right-down",
 "tiledversion":"1.10.2",
 "tileheight":8,
 "tilesets":[
        {
         "firstgid":1,
         "source":"..\/..\/..\/..\/..\/Program Files (x86)\/Steam\/steamapps\/common\/Starbound\/assets\/Packed\/tilesets\/packed\/materials.json"
        }, 
        {
         "firstgid":198,
         "source":"..\/..\/..\/..\/..\/Program Files (x86)\/Steam\/steamapps\/common\/Starbound\/assets\/Packed\/tilesets\/packed\/miscellaneous.json"
        }, 
        {
         "firstgid":222,
         "source":"..\/..\/..\/..\/..\/Program Files (x86)\/Steam\/steamapps\/common\/Starbound\/mods\/againandagain\/tilesets\/occasus\/occasus.json"
        }, 
        {
         "firstgid":225,
         "source":"..\/..\/..\/..\/..\/Program Files (x86)\/Steam\/steamapps\/common\/Starbound\/assets\/Packed\/tilesets\/packed\/objects-by-colonytag\/evil.json"
        }, 
        {
         "firstgid":393,
         "source":"..\/..\/..\/..\/..\/Program Files (x86)\/Steam\/steamapps\/common\/Starbound\/assets\/Packed\/tilesets\/packed\/supports.json"
        }, 
        {
         "firstgid":430,
         "source":"..\/..\/..\/..\/..\/Program Files (x86)\/Steam\/steamapps\/common\/Starbound\/assets\/Packed\/tilesets\/packed\/objects-by-colonytag\/cultist.json"
        }],
 "tilewidth":8,
 "type":"map",
 "version":1.1,
 "width":55
}