{ "compressionlevel":-1,
 "height":32,
 "infinite":false,
 "layers":[
        {
         "compression":"zlib",
         "data":"eJzNl0GuwjAMRMsRuP8F2HCSbnuCErY9A6pUS6PROLEdkFhYH377ZhLiOM5xW5ZjIu6TMeNt\/lsxlH+E26\/IeCkm4t86ep5XlDH\/1xUHabSBFutlGZy\/jQF1HhDG4P9OrecEw7+\/jeHUWSFYC5+hf5ZR6\/+6nuP7O4SnVWGi\/vZ+xj\/CeP42BgzLG1vDHT5v4v0I4+0\/y0POW47eXowwPX\/LZeTOv28InGcrMCN\/lctvsZa2p7JMb\/1XmpPpKC3MvwwTyX+uZ5H8jzLR\/ce1pA38o8y\/+vN6oVZztCpM1R+fmXaF8c4fzhfbzzwP01I5FmGUP5+XeG7y+drIP8t4\/l5PwTXU6zOijOePZwj3NFjLsc5UGO5\/8CzDtWJNVWcqTMQf94vaS8o\/ynj+3nh7dabCKH88Q1XOqnXeigz33zs8G\/XXqs\/OMqr+qbz19pj6nmEi9x\/VP\/XuGBnm1\/fP0T3xW\/4z8QEqBibY",
         "encoding":"base64",
         "height":32,
         "id":2,
         "name":"back",
         "opacity":0.63,
         "type":"tilelayer",
         "visible":true,
         "width":32,
         "x":0,
         "y":0
        }, 
        {
         "compression":"zlib",
         "data":"eJxjYBh4cJERgnGJk4rFGbBjdHXodmGzkxIAs5cQoKad5NhPTYAr7AfSLQMFRu0fefaPpv9R+0ftH7V\/1H7q2f+IkXhMqPxFVktrMFzCf9T+oWM\/Ke2PX4g+jwMyprZbiAEXaeAWUvtfWMQdiMHngWqRMb7+J7K6wQAAYDlJqQ==",
         "encoding":"base64",
         "height":32,
         "id":3,
         "name":"front",
         "opacity":1,
         "type":"tilelayer",
         "visible":true,
         "width":32,
         "x":0,
         "y":0
        }, 
        {
         "draworder":"topdown",
         "id":4,
         "name":"objects",
         "objects":[
                {
                 "gid":521,
                 "height":45,
                 "id":1,
                 "name":"",
                 "rotation":0,
                 "type":"",
                 "visible":true,
                 "width":40,
                 "x":64,
                 "y":240
                }, 
                {
                 "gid":522,
                 "height":53,
                 "id":2,
                 "name":"",
                 "rotation":0,
                 "type":"",
                 "visible":true,
                 "width":46,
                 "x":104,
                 "y":240
                }, 
                {
                 "gid":522,
                 "height":53,
                 "id":3,
                 "name":"",
                 "rotation":0,
                 "type":"",
                 "visible":true,
                 "width":46,
                 "x":104,
                 "y":168
                }, 
                {
                 "height":8,
                 "id":6,
                 "name":"",
                 "properties":
                    {
                     "monster":"glitchspider"
                    },
                 "propertytypes":
                    {
                     "monster":"string"
                    },
                 "rotation":0,
                 "type":"",
                 "visible":true,
                 "width":8,
                 "x":208,
                 "y":120
                }],
         "opacity":1,
         "type":"objectgroup",
         "visible":true,
         "x":0,
         "y":0
        }],
 "nextlayerid":5,
 "nextobjectid":7,
 "orientation":"orthogonal",
 "renderorder":"right-down",
 "tiledversion":"1.11.2",
 "tileheight":8,
 "tilesets":[
        {
         "firstgid":1,
         "source":"..\/..\/..\/..\/..\/Program Files (x86)\/Steam\/steamapps\/common\/Starbound\/assets\/Packed\/tilesets\/packed\/supports.json"
        }, 
        {
         "firstgid":38,
         "source":"..\/..\/..\/..\/..\/Program Files (x86)\/Steam\/steamapps\/common\/Packed\/tilesets\/packed\/materials.json"
        }, 
        {
         "firstgid":235,
         "source":"..\/..\/..\/..\/..\/Program Files (x86)\/Steam\/steamapps\/common\/Packed\/tilesets\/packed\/supports.json"
        }, 
        {
         "firstgid":272,
         "source":"..\/..\/..\/..\/..\/Program Files (x86)\/Steam\/steamapps\/common\/Starbound\/assets\/Packed\/tilesets\/packed\/miscellaneous.json"
        }, 
        {
         "firstgid":296,
         "source":"..\/..\/..\/..\/..\/Program Files (x86)\/Steam\/steamapps\/common\/Starbound\/assets\/Packed\/tilesets\/packed\/materials.json"
        }, 
        {
         "firstgid":493,
         "source":"..\/..\/..\/..\/..\/Program Files (x86)\/Steam\/steamapps\/common\/Packed\/tilesets\/packed\/miscellaneous.json"
        }, 
        {
         "firstgid":517,
         "source":"..\/..\/..\/..\/..\/Program Files (x86)\/Steam\/steamapps\/common\/Starbound\/assets\/Packed\/tilesets\/packed\/objects-by-colonytag\/dark.json"
        }],
 "tilewidth":8,
 "type":"map",
 "version":1.1,
 "width":32
}