{ "compressionlevel":-1,
 "height":32,
 "infinite":false,
 "layers":[
        {
         "compression":"zlib",
         "data":"eJytlTEOxCAMBLn8\/wM0vISW4mqL\/5xOwtJqsyYhpNgiccb2GgJHSunYVHuoN\/kytFO\/LOZB3kCcJ4PwPfMVZFAnU05b5J3j2BWP9VTuyL+zLYjNeOy5BTnU\/Dt90wU7m38f3nxOzFeIu79V3mNPeCN+tX\/0sMLfXX\/ky3guojb6\/37OfAVe9X41Pxfvhzs8y32q\/cu8kk1izGchg5j6t5hnjyZi0f5XfAt4tf4zvhAb8ey9kGbnB88WfUbnueKfnv9v3D+r2r23\/\/oB+ns7uA==",
         "encoding":"base64",
         "height":32,
         "id":1,
         "name":"back",
         "opacity":0.5,
         "type":"tilelayer",
         "visible":true,
         "width":16,
         "x":0,
         "y":0
        }, 
        {
         "compression":"zlib",
         "data":"eJxjYKAcHILiL0RimHpCAKaeXECOfkJup7X9I13\/aPiP6h9q+i8jYULpF1kttewfyfqvMGLXQ0z5ga6XHPupoX8NDnf8ZIRgUvSQCgDHnWK7",
         "encoding":"base64",
         "height":32,
         "id":2,
         "name":"front",
         "opacity":1,
         "type":"tilelayer",
         "visible":true,
         "width":16,
         "x":0,
         "y":0
        }, 
        {
         "draworder":"topdown",
         "id":3,
         "name":"objects",
         "objects":[
                {
                 "gid":480,
                 "height":14,
                 "id":1,
                 "name":"",
                 "rotation":0,
                 "type":"",
                 "visible":true,
                 "width":8,
                 "x":16,
                 "y":56
                }, 
                {
                 "gid":480,
                 "height":14,
                 "id":2,
                 "name":"",
                 "rotation":0,
                 "type":"",
                 "visible":true,
                 "width":8,
                 "x":104,
                 "y":56
                }, 
                {
                 "gid":480,
                 "height":14,
                 "id":3,
                 "name":"",
                 "rotation":0,
                 "type":"",
                 "visible":true,
                 "width":8,
                 "x":104,
                 "y":104
                }, 
                {
                 "gid":480,
                 "height":14,
                 "id":4,
                 "name":"",
                 "rotation":0,
                 "type":"",
                 "visible":true,
                 "width":8,
                 "x":16,
                 "y":104
                }, 
                {
                 "gid":480,
                 "height":14,
                 "id":5,
                 "name":"",
                 "rotation":0,
                 "type":"",
                 "visible":true,
                 "width":8,
                 "x":16,
                 "y":192
                }, 
                {
                 "gid":480,
                 "height":14,
                 "id":6,
                 "name":"",
                 "rotation":0,
                 "type":"",
                 "visible":true,
                 "width":8,
                 "x":104,
                 "y":192
                }],
         "opacity":1,
         "type":"objectgroup",
         "visible":true,
         "x":0,
         "y":0
        }, 
        {
         "draworder":"topdown",
         "id":4,
         "name":"anchors etc",
         "objects":[],
         "opacity":1,
         "type":"objectgroup",
         "visible":true,
         "x":0,
         "y":0
        }],
 "nextlayerid":5,
 "nextobjectid":7,
 "orientation":"orthogonal",
 "renderorder":"right-down",
 "tiledversion":"1.10.2",
 "tileheight":8,
 "tilesets":[
        {
         "firstgid":1,
         "source":"..\/..\/..\/..\/..\/Program Files (x86)\/Steam\/steamapps\/common\/Starbound\/assets\/Packed\/tilesets\/packed\/miscellaneous.json"
        }, 
        {
         "firstgid":25,
         "source":"..\/..\/..\/..\/..\/Program Files (x86)\/Steam\/steamapps\/common\/Starbound\/assets\/Packed\/tilesets\/packed\/materials.json"
        }, 
        {
         "firstgid":222,
         "source":"..\/..\/..\/..\/..\/Program Files (x86)\/Steam\/steamapps\/common\/Starbound\/assets\/Packed\/tilesets\/packed\/supports.json"
        }, 
        {
         "firstgid":259,
         "source":"..\/..\/..\/..\/..\/Program Files (x86)\/Steam\/steamapps\/common\/Packed\/tilesets\/packed\/materials.json"
        }, 
        {
         "firstgid":456,
         "source":"..\/..\/..\/..\/..\/Program Files (x86)\/Steam\/steamapps\/common\/Packed\/tilesets\/packed\/miscellaneous.json"
        }, 
        {
         "firstgid":480,
         "source":"..\/..\/..\/..\/..\/Program Files (x86)\/Steam\/steamapps\/common\/Starbound\/mods\/againandagain\/tilesets\/occasus\/occasus.json"
        }, 
        {
         "firstgid":483,
         "source":"..\/..\/..\/..\/..\/Program Files (x86)\/Steam\/steamapps\/common\/Packed\/tilesets\/packed\/supports.json"
        }],
 "tilewidth":8,
 "type":"map",
 "version":1.1,
 "width":16
}