{ "compressionlevel":-1,
 "height":32,
 "infinite":false,
 "layers":[
        {
         "compression":"zlib",
         "data":"eJzdmUFuwzAMBNVrXpCn5uqLX+JrXmAobyuClsZ2s0vJsouiORAxDJraESlKam8fpdze2O7l\/UyxrfD7tLlhrTHq5ctGvmVdzo6wuVgtfcFQy3E+nudRNjTF1oqLbBXYFF8Pl+KZGxrceuN6XMCUHtZbwfD74FvENz1crGMZZMN5wZg9+drWmpgbZgu\/Wl4Z0ecMNlV3is3F5PwxW\/CpvIX\/Q9hZbMzIbC0mzFs1bMzXioecW5xv21OTEZs1ZesEn7O8Mx\/XntKBeh40Z+47ZJvIHNtKPjM8T8CDz9hDMM7znYqltLCeyF8V\/kfYnAbFhWzIyLmdkrjce9nOYsvmlxmZS\/Uk9mfeMLVuF6NlhC3jcjp72HBMN19H2VC76rm452W5cr1kWyOXPrZtfk5k43MAruWsbkbYsvXWw6Z0KDYcI1i4R600Ns75UTbXl5gN9zhVS44Nz5K4\/yu2CXwVbzCofS2rYVevvHdzTcY3Z+xvjm2rI9FDmI1rkfsVn71+q0\/2sMW7qCO1d6tewnzIpXrbHjZ1F3Bs6vypvq8QB\/mQTZ3Z1BksY8M6Dt\/WPUDljlmycyD3Ej6fZLGYr8XG+rN7QNZLFEsPm1tzbp44Jz1srTsO54z3PTZVj5km1SvdXYLvAUfY7uWVjfmUBrcGsW\/+uLdefAzFm\/W2kbzx\/DMf5\/NqDP9mEM\/P9w\/yy2JlY7fub0oTj7GacTMLjhl+1T3lSn5Ky1o0K\/v2sim+PVyVNCg97l7W4nIae9jUtyO5c\/XV698ajzWNsu3N3RnWM17G9t+N++Vf\/\/\/ot+0Txrf2Yw==",
         "encoding":"base64",
         "height":32,
         "id":1,
         "name":"back",
         "opacity":0.54,
         "type":"tilelayer",
         "visible":true,
         "width":55,
         "x":0,
         "y":0
        }, 
        {
         "compression":"zlib",
         "data":"eJztmcEKgzAMhuN1r73hm3jZcadBx55tK1RWQtTEJqm4fPCfKk0+gqUigB\/j4FiscFdIIvadvi7Py3ImwjUp9VO7cXlXSSiUW032WVsHYs9U1eOy1w1KnRcKx+0xrK8D\/Fzw\/hJa3LjscdMg3NoIN33CrY2jui3VlfSj6Sbp55\/npkG46XNWt3w\/C7c2juImvWtzCDddltxyrToU+JmtbH13S8Lph3IbSzTxntvsQM1N2w2D3bSh3LywdutJuNkhPbskZ9zsZlmjF95zuzrW83Tz9Mr0ft8s6eFG\/SOwwNrNy4Pi5jy3D95xwYs=",
         "encoding":"base64",
         "height":32,
         "id":2,
         "name":"front",
         "opacity":1,
         "type":"tilelayer",
         "visible":true,
         "width":55,
         "x":0,
         "y":0
        }, 
        {
         "draworder":"topdown",
         "id":3,
         "name":"objects",
         "objects":[
                {
                 "gid":659,
                 "height":32,
                 "id":1,
                 "name":"",
                 "rotation":0,
                 "type":"",
                 "visible":true,
                 "width":160,
                 "x":48,
                 "y":200
                }, 
                {
                 "gid":659,
                 "height":32,
                 "id":2,
                 "name":"",
                 "properties":
                    {
                     "tilesetDirection":"left"
                    },
                 "propertytypes":
                    {
                     "tilesetDirection":"string"
                    },
                 "rotation":0,
                 "type":"",
                 "visible":true,
                 "width":160,
                 "x":232,
                 "y":200
                }, 
                {
                 "gid":655,
                 "height":24,
                 "id":3,
                 "name":"",
                 "rotation":0,
                 "type":"",
                 "visible":true,
                 "width":48,
                 "x":104,
                 "y":56
                }, 
                {
                 "gid":655,
                 "height":24,
                 "id":4,
                 "name":"",
                 "rotation":0,
                 "type":"",
                 "visible":true,
                 "width":48,
                 "x":288,
                 "y":56
                }, 
                {
                 "gid":203,
                 "height":64,
                 "id":7,
                 "name":"",
                 "rotation":0,
                 "type":"",
                 "visible":true,
                 "width":24,
                 "x":8,
                 "y":240
                }, 
                {
                 "gid":203,
                 "height":64,
                 "id":8,
                 "name":"",
                 "properties":
                    {
                     "tilesetDirection":"left"
                    },
                 "propertytypes":
                    {
                     "tilesetDirection":"string"
                    },
                 "rotation":0,
                 "type":"",
                 "visible":true,
                 "width":24,
                 "x":408,
                 "y":240
                }, 
                {
                 "gid":207,
                 "height":24,
                 "id":9,
                 "name":"",
                 "rotation":0,
                 "type":"",
                 "visible":true,
                 "width":24,
                 "x":24,
                 "y":152
                }, 
                {
                 "gid":207,
                 "height":24,
                 "id":10,
                 "name":"",
                 "properties":
                    {
                     "tilesetDirection":"left"
                    },
                 "propertytypes":
                    {
                     "tilesetDirection":"string"
                    },
                 "rotation":0,
                 "type":"",
                 "visible":true,
                 "width":24,
                 "x":392,
                 "y":152
                }, 
                {
                 "gid":687,
                 "height":24,
                 "id":13,
                 "name":"",
                 "rotation":0,
                 "type":"",
                 "visible":true,
                 "width":48,
                 "x":288,
                 "y":152
                }, 
                {
                 "gid":693,
                 "height":74,
                 "id":14,
                 "name":"",
                 "rotation":0,
                 "type":"",
                 "visible":true,
                 "width":56,
                 "x":104,
                 "y":152
                }, 
                {
                 "gid":715,
                 "height":32,
                 "id":15,
                 "name":"",
                 "rotation":0,
                 "type":"",
                 "visible":true,
                 "width":32,
                 "x":16,
                 "y":48
                }, 
                {
                 "gid":716,
                 "height":32,
                 "id":16,
                 "name":"",
                 "rotation":0,
                 "type":"",
                 "visible":true,
                 "width":32,
                 "x":392,
                 "y":48
                }, 
                {
                 "gid":436,
                 "height":14,
                 "id":17,
                 "name":"",
                 "rotation":0,
                 "type":"",
                 "visible":true,
                 "width":8,
                 "x":336,
                 "y":56
                }, 
                {
                 "gid":436,
                 "height":14,
                 "id":18,
                 "name":"",
                 "rotation":0,
                 "type":"",
                 "visible":true,
                 "width":8,
                 "x":384,
                 "y":56
                }, 
                {
                 "gid":436,
                 "height":14,
                 "id":19,
                 "name":"",
                 "rotation":0,
                 "type":"",
                 "visible":true,
                 "width":8,
                 "x":48,
                 "y":56
                }, 
                {
                 "gid":436,
                 "height":14,
                 "id":20,
                 "name":"",
                 "rotation":0,
                 "type":"",
                 "visible":true,
                 "width":8,
                 "x":96,
                 "y":56
                }, 
                {
                 "gid":436,
                 "height":14,
                 "id":23,
                 "name":"",
                 "rotation":0,
                 "type":"",
                 "visible":true,
                 "width":8,
                 "x":48,
                 "y":128
                }, 
                {
                 "gid":436,
                 "height":14,
                 "id":24,
                 "name":"",
                 "rotation":0,
                 "type":"",
                 "visible":true,
                 "width":8,
                 "x":96,
                 "y":128
                }, 
                {
                 "gid":436,
                 "height":14,
                 "id":25,
                 "name":"",
                 "rotation":0,
                 "type":"",
                 "visible":true,
                 "width":8,
                 "x":336,
                 "y":128
                }, 
                {
                 "gid":436,
                 "height":14,
                 "id":26,
                 "name":"",
                 "rotation":0,
                 "type":"",
                 "visible":true,
                 "width":8,
                 "x":384,
                 "y":128
                }],
         "opacity":1,
         "type":"objectgroup",
         "visible":true,
         "x":0,
         "y":0
        }, 
        {
         "color":"#ffff00",
         "draworder":"topdown",
         "id":4,
         "name":"wiring - lights & guns",
         "objects":[
                {
                 "height":0,
                 "id":11,
                 "name":"",
                 "polyline":[
                        {
                         "x":0,
                         "y":0
                        }, 
                        {
                         "x":-96,
                         "y":-32
                        }, 
                        {
                         "x":0,
                         "y":0
                        }],
                 "rotation":0,
                 "type":"",
                 "visible":true,
                 "width":0,
                 "x":128,
                 "y":176
                }, 
                {
                 "height":0,
                 "id":12,
                 "name":"",
                 "polyline":[
                        {
                         "x":0,
                         "y":0
                        }, 
                        {
                         "x":-88,
                         "y":32
                        }, 
                        {
                         "x":0,
                         "y":0
                        }],
                 "rotation":0,
                 "type":"",
                 "visible":true,
                 "width":0,
                 "x":400,
                 "y":144
                }],
         "opacity":1,
         "type":"objectgroup",
         "visible":true,
         "x":0,
         "y":0
        }],
 "nextlayerid":5,
 "nextobjectid":50,
 "orientation":"orthogonal",
 "renderorder":"right-down",
 "tiledversion":"1.10.2",
 "tileheight":8,
 "tilesets":[
        {
         "firstgid":1,
         "source":"..\/..\/..\/..\/..\/Program Files (x86)\/Steam\/steamapps\/common\/Starbound\/assets\/Packed\/tilesets\/packed\/materials.json"
        }, 
        {
         "firstgid":198,
         "source":"..\/..\/..\/..\/..\/Program Files (x86)\/Steam\/steamapps\/common\/Starbound\/assets\/Packed\/tilesets\/packed\/objects-by-colonytag\/cultist.json"
        }, 
        {
         "firstgid":207,
         "source":"..\/..\/..\/..\/..\/Program Files (x86)\/Steam\/steamapps\/common\/Starbound\/assets\/Packed\/tilesets\/packed\/objects-by-colonytag\/evil.json"
        }, 
        {
         "firstgid":375,
         "source":"..\/..\/..\/..\/..\/Program Files (x86)\/Steam\/steamapps\/common\/Starbound\/assets\/Packed\/tilesets\/packed\/miscellaneous.json"
        }, 
        {
         "firstgid":399,
         "source":"..\/..\/..\/..\/..\/Program Files (x86)\/Steam\/steamapps\/common\/Starbound\/assets\/Packed\/tilesets\/packed\/supports.json"
        }, 
        {
         "firstgid":436,
         "source":"..\/..\/..\/..\/..\/Program Files (x86)\/Steam\/steamapps\/common\/Starbound\/mods\/againandagain\/tilesets\/occasus\/occasus.json"
        }, 
        {
         "firstgid":439,
         "source":"..\/..\/..\/..\/..\/Program Files (x86)\/Steam\/steamapps\/common\/Starbound\/assets\/Packed\/tilesets\/packed\/objects-by-colonytag\/human.json"
        }, 
        {
         "firstgid":686,
         "source":"..\/..\/..\/..\/..\/Program Files (x86)\/Steam\/steamapps\/common\/Starbound\/assets\/Packed\/tilesets\/packed\/objects-by-colonytag\/foundry.json"
        }, 
        {
         "firstgid":725,
         "source":"..\/..\/..\/..\/..\/Program Files (x86)\/Steam\/steamapps\/common\/Starbound\/assets\/Packed\/tilesets\/packed\/objects-by-race\/generic.json"
        }, 
        {
         "firstgid":2709,
         "source":"..\/..\/..\/..\/..\/Program Files (x86)\/Steam\/steamapps\/common\/Packed\/tilesets\/packed\/supports.json"
        }, 
        {
         "firstgid":2746,
         "source":"..\/..\/..\/..\/..\/Program Files (x86)\/Steam\/steamapps\/common\/Packed\/tilesets\/packed\/materials.json"
        }],
 "tilewidth":8,
 "type":"map",
 "version":1.1,
 "width":55
}