{ "compressionlevel":-1,
 "height":38,
 "infinite":false,
 "layers":[
        {
         "compression":"zlib",
         "data":"eJzt1dsKwyAMBmB3qS+7J+7doK8xhAUk2JjEQ+Ja4YdRbf1itTtCCIcw5+BI51\/tm12PtVfqt\/Zp\/daunnUPDnw4oWEu7R780LjnsjV+1fuXukfk\/Vo736g6R7kljrJhy4po169seC\/m53L2LHccdc+d3L2eEe7W9+Zx7+eOKHkcvhaduMGSKsnjUsVN1bDCfeXFbgjH3uuG1O6H959+9XHdHDv85\/SYsR1afjY0yXpT9oTcMC\/8\/qBo6qCsGnfZdzXnCDd1FqX7BPdzzBp3a17OuSyv1UzYR\/VpzJEx78zcxW1plbqtjf9gluwRa6fW7a0GjdtDDXd1zwx27mDe2f3EV76HGUfk",
         "encoding":"base64",
         "height":38,
         "id":1,
         "name":"back",
         "opacity":0.5,
         "type":"tilelayer",
         "visible":true,
         "width":46,
         "x":0,
         "y":0
        }, 
        {
         "compression":"zlib",
         "data":"eJztlEEKAyEMRV24qYfpRXru3sRhztBdcSE4IZoYk7GFfHjQUk3eRDtnCOF0HMfZwMeIf3C0epbdvpr+73gvq\/endX9F\/nlIzg3u2f1fdhzHcezJDbtdem71+6Mhh99zh04ZOPfcC2mA1Kfup3pzveH+hKxfdV9x5nr31ifQ\/xmvjM4IOheOBuo5sP2J+B1zL59hqJnVQOcK5Y0B11GzwOY9cp2JxBubA5yHdWa9R86tO5Yyb61gd2bV+9DTm3K38tacN+YdOs6r94Tjwak9eheN3iXSurNIvFt3Tl1NX0kPLFZOmvSiWYsTzV53OXP7adXUjtVsLJ2xHlS\/LxsU0MQ=",
         "encoding":"base64",
         "height":38,
         "id":3,
         "name":"front",
         "opacity":1,
         "type":"tilelayer",
         "visible":true,
         "width":46,
         "x":0,
         "y":0
        }, 
        {
         "draworder":"topdown",
         "id":2,
         "name":"objects",
         "objects":[
                {
                 "gid":5,
                 "height":8,
                 "id":1,
                 "name":"",
                 "rotation":0,
                 "type":"",
                 "visible":true,
                 "width":8,
                 "x":72,
                 "y":112
                }, 
                {
                 "gid":128,
                 "height":32,
                 "id":2,
                 "name":"",
                 "rotation":0,
                 "type":"",
                 "visible":true,
                 "width":32,
                 "x":144,
                 "y":160
                }, 
                {
                 "gid":40,
                 "height":40,
                 "id":3,
                 "name":"",
                 "rotation":0,
                 "type":"",
                 "visible":true,
                 "width":48,
                 "x":272,
                 "y":168
                }, 
                {
                 "gid":133,
                 "height":40,
                 "id":4,
                 "name":"",
                 "rotation":0,
                 "type":"",
                 "visible":true,
                 "width":48,
                 "x":64,
                 "y":168
                }, 
                {
                 "gid":206,
                 "height":40,
                 "id":5,
                 "name":"",
                 "rotation":0,
                 "type":"",
                 "visible":true,
                 "width":48,
                 "x":192,
                 "y":184
                }, 
                {
                 "gid":499,
                 "height":40,
                 "id":6,
                 "name":"",
                 "rotation":0,
                 "type":"",
                 "visible":true,
                 "width":80,
                 "x":104,
                 "y":48
                }, 
                {
                 "gid":499,
                 "height":40,
                 "id":23,
                 "name":"",
                 "rotation":0,
                 "type":"",
                 "visible":true,
                 "width":80,
                 "x":184,
                 "y":48
                }, 
                {
                 "gid":164,
                 "height":16,
                 "id":7,
                 "name":"",
                 "rotation":0,
                 "type":"",
                 "visible":true,
                 "width":16,
                 "x":248,
                 "y":240
                }, 
                {
                 "gid":156,
                 "height":40,
                 "id":8,
                 "name":"",
                 "rotation":0,
                 "type":"",
                 "visible":true,
                 "width":24,
                 "x":184,
                 "y":128
                }, 
                {
                 "gid":154,
                 "height":16,
                 "id":9,
                 "name":"",
                 "rotation":0,
                 "type":"",
                 "visible":true,
                 "width":8,
                 "x":136,
                 "y":104
                }, 
                {
                 "gid":154,
                 "height":16,
                 "id":10,
                 "name":"",
                 "rotation":0,
                 "type":"",
                 "visible":true,
                 "width":8,
                 "x":240,
                 "y":104
                }, 
                {
                 "gid":48,
                 "height":18,
                 "id":11,
                 "name":"",
                 "properties":
                    {
                     "tilesetDirection":"left"
                    },
                 "propertytypes":
                    {
                     "tilesetDirection":"string"
                    },
                 "rotation":0,
                 "type":"",
                 "visible":true,
                 "width":24,
                 "x":200,
                 "y":248
                }, 
                {
                 "gid":858,
                 "height":40,
                 "id":12,
                 "name":"",
                 "rotation":0,
                 "type":"",
                 "visible":true,
                 "width":39,
                 "x":136,
                 "y":248
                }, 
                {
                 "gid":726,
                 "height":24,
                 "id":13,
                 "name":"",
                 "rotation":0,
                 "type":"",
                 "visible":true,
                 "width":8,
                 "x":120,
                 "y":168
                }, 
                {
                 "gid":726,
                 "height":24,
                 "id":14,
                 "name":"",
                 "rotation":0,
                 "type":"",
                 "visible":true,
                 "width":8,
                 "x":320,
                 "y":168
                }, 
                {
                 "gid":726,
                 "height":24,
                 "id":15,
                 "name":"",
                 "rotation":0,
                 "type":"",
                 "visible":true,
                 "width":8,
                 "x":256,
                 "y":168
                }, 
                {
                 "gid":726,
                 "height":24,
                 "id":16,
                 "name":"",
                 "rotation":0,
                 "type":"",
                 "visible":true,
                 "width":8,
                 "x":48,
                 "y":152
                }, 
                {
                 "gid":726,
                 "height":24,
                 "id":17,
                 "name":"",
                 "rotation":0,
                 "type":"",
                 "visible":true,
                 "width":8,
                 "x":184,
                 "y":184
                }, 
                {
                 "gid":726,
                 "height":24,
                 "id":18,
                 "name":"",
                 "rotation":0,
                 "type":"",
                 "visible":true,
                 "width":8,
                 "x":312,
                 "y":240
                }, 
                {
                 "gid":726,
                 "height":24,
                 "id":19,
                 "name":"",
                 "rotation":0,
                 "type":"",
                 "visible":true,
                 "width":8,
                 "x":240,
                 "y":240
                }, 
                {
                 "gid":726,
                 "height":24,
                 "id":20,
                 "name":"",
                 "rotation":0,
                 "type":"",
                 "visible":true,
                 "width":8,
                 "x":264,
                 "y":48
                }, 
                {
                 "gid":726,
                 "height":24,
                 "id":21,
                 "name":"",
                 "rotation":0,
                 "type":"",
                 "visible":true,
                 "width":8,
                 "x":96,
                 "y":48
                }, 
                {
                 "gid":61,
                 "height":24,
                 "id":22,
                 "name":"",
                 "rotation":0,
                 "type":"",
                 "visible":true,
                 "width":48,
                 "x":264,
                 "y":240
                }, 
                {
                 "gid":23,
                 "height":8,
                 "id":24,
                 "name":"",
                 "properties":
                    {
                     "npc":"avian",
                     "typeName":"merchant"
                    },
                 "propertytypes":
                    {
                     "npc":"string",
                     "typeName":"string"
                    },
                 "rotation":0,
                 "type":"",
                 "visible":true,
                 "width":8,
                 "x":208,
                 "y":128
                }, 
                {
                 "gid":23,
                 "height":8,
                 "id":26,
                 "name":"",
                 "properties":
                    {
                     "npc":"avian",
                     "typeName":"merchant"
                    },
                 "propertytypes":
                    {
                     "npc":"string",
                     "typeName":"string"
                    },
                 "rotation":0,
                 "type":"",
                 "visible":true,
                 "width":8,
                 "x":248,
                 "y":216
                }, 
                {
                 "gid":23,
                 "height":8,
                 "id":25,
                 "name":"",
                 "properties":
                    {
                     "npc":"avian",
                     "typeName":"guard"
                    },
                 "propertytypes":
                    {
                     "npc":"string",
                     "typeName":"string"
                    },
                 "rotation":0,
                 "type":"",
                 "visible":true,
                 "width":8,
                 "x":232,
                 "y":136
                }],
         "opacity":1,
         "type":"objectgroup",
         "visible":true,
         "x":0,
         "y":0
        }],
 "nextlayerid":4,
 "nextobjectid":27,
 "orientation":"orthogonal",
 "renderorder":"right-down",
 "tiledversion":"1.10.2",
 "tileheight":8,
 "tilesets":[
        {
         "firstgid":1,
         "source":"..\/..\/..\/..\/..\/Program Files (x86)\/Steam\/steamapps\/common\/Starbound\/assets\/Packed\/tilesets\/packed\/miscellaneous.json"
        }, 
        {
         "firstgid":25,
         "source":"..\/..\/..\/..\/..\/Program Files (x86)\/Steam\/steamapps\/common\/Packed\/tilesets\/packed\/objects-by-colonytag\/avian.json"
        }, 
        {
         "firstgid":220,
         "source":"..\/..\/..\/..\/..\/Program Files (x86)\/Steam\/steamapps\/common\/Packed\/tilesets\/packed\/miscellaneous.json"
        }, 
        {
         "firstgid":244,
         "source":"..\/..\/..\/..\/..\/Program Files (x86)\/Steam\/steamapps\/common\/Packed\/tilesets\/packed\/materials.json"
        }, 
        {
         "firstgid":441,
         "source":"..\/..\/..\/..\/..\/Program Files (x86)\/Steam\/steamapps\/common\/Packed\/tilesets\/packed\/objects-by-colonytag\/human.json"
        }, 
        {
         "firstgid":688,
         "source":"..\/..\/..\/..\/..\/Program Files (x86)\/Steam\/steamapps\/common\/Packed\/tilesets\/packed\/objects-by-colonytag\/light.json"
        }, 
        {
         "firstgid":1057,
         "source":"..\/..\/..\/..\/..\/Program Files (x86)\/Steam\/steamapps\/common\/Packed\/tilesets\/packed\/supports.json"
        }, 
        {
         "firstgid":1094,
         "source":"..\/..\/..\/..\/..\/Program Files (x86)\/Steam\/steamapps\/common\/Starbound\/assets\/Packed\/tilesets\/packed\/materials.json"
        }],
 "tilewidth":8,
 "type":"map",
 "version":1.1,
 "width":46
}