{ "compressionlevel":-1,
 "height":32,
 "infinite":false,
 "layers":[
        {
         "compression":"zlib",
         "data":"eJzt0DERACAMBLC\/zsW\/XcBCh04ZYiCdpAEAAAAAAAAAAAAABs5TrPjXF293hn8=",
         "encoding":"base64",
         "height":32,
         "id":1,
         "name":"back",
         "opacity":0.59,
         "type":"tilelayer",
         "visible":true,
         "width":92,
         "x":0,
         "y":0
        }, 
        {
         "compression":"zlib",
         "data":"eJztwQENAAAAwqD3T20ON6AAAAAAAAAAAAAAAHgwLgAAAQ==",
         "encoding":"base64",
         "height":32,
         "id":2,
         "name":"front",
         "opacity":1,
         "type":"tilelayer",
         "visible":true,
         "width":92,
         "x":0,
         "y":0
        }],
 "nextlayerid":3,
 "nextobjectid":1,
 "orientation":"orthogonal",
 "renderorder":"right-down",
 "tiledversion":"1.11.2",
 "tileheight":8,
 "tilesets":[
        {
         "firstgid":1,
         "source":"..\/..\/..\/..\/..\/Program Files (x86)\/Steam\/steamapps\/common\/Starbound\/assets\/Packed\/tilesets\/packed\/miscellaneous.json"
        }],
 "tilewidth":8,
 "type":"map",
 "version":1.1,
 "width":92
}