{ "compressionlevel":-1,
 "height":45,
 "infinite":false,
 "layers":[
        {
         "compression":"zlib",
         "data":"eJztmE0KhDAMRoNX89jOquAl3PQqgzCBEO2PHacmnW\/xQDCxfdakxUhE0yBEQSl2mdIE6stdTvuz1gSlca7yzVhwghOc4ASnNL33ptx+iHWCE5zsOfU+w6JHwAlO\/pxy3O3UOhbWCU6WnOR1bt+zQslp+8D3Z0Hp3cm4mpyWPBnD8Fx57v\/gpL89T0619TSiU3DAVadNsOe\/EgQVV5PTkidjdO3DCU7WnZ6uf\/QIOMHJttPT9f+LHjHieQ9O9pwiHZ08oV3O0P3FMnpNav8beYF93hqLGxU=",
         "encoding":"base64",
         "height":45,
         "id":1,
         "name":"back",
         "opacity":0.5,
         "type":"tilelayer",
         "visible":true,
         "width":53,
         "x":0,
         "y":0
        }, 
        {
         "compression":"zlib",
         "data":"eJztl7sNwzAMRAVnAe8\/TsZImRnsPjDcuKBp+iDJOuYecB31eWBBqZQ+zJ3OifIG85rOg+45EptHNuTEgZw4kNO4ePMpAy08vvW3vEWW3hyRU3v0hrUZrU81kBMHcuJAThz0dvoYQWdi65l7jHVvzwnBm\/Nen9D3wdW9Mzhd1SA86WSxlv2Pxei03Xs9qVkKp9MSrEN4yqlWnYWcYus85IQhp9g6DzlhZHTyaPHXkFN95BRDTly548+Qf+EH9Xj6sg==",
         "encoding":"base64",
         "height":45,
         "id":2,
         "name":"front",
         "opacity":1,
         "type":"tilelayer",
         "visible":true,
         "width":53,
         "x":0,
         "y":0
        }, 
        {
         "draworder":"topdown",
         "id":3,
         "name":"objects",
         "objects":[
                {
                 "gid":354,
                 "height":24,
                 "id":1,
                 "name":"",
                 "rotation":0,
                 "type":"",
                 "visible":true,
                 "width":24,
                 "x":48,
                 "y":216
                }, 
                {
                 "gid":355,
                 "height":24,
                 "id":4,
                 "name":"",
                 "rotation":0,
                 "type":"",
                 "visible":true,
                 "width":24,
                 "x":352,
                 "y":216
                }, 
                {
                 "gid":354,
                 "height":24,
                 "id":5,
                 "name":"",
                 "rotation":0,
                 "type":"",
                 "visible":true,
                 "width":24,
                 "x":272,
                 "y":216
                }, 
                {
                 "gid":355,
                 "height":24,
                 "id":6,
                 "name":"",
                 "rotation":0,
                 "type":"",
                 "visible":true,
                 "width":24,
                 "x":240,
                 "y":216
                }, 
                {
                 "gid":354,
                 "height":24,
                 "id":7,
                 "name":"",
                 "rotation":0,
                 "type":"",
                 "visible":true,
                 "width":24,
                 "x":160,
                 "y":216
                }, 
                {
                 "gid":355,
                 "height":24,
                 "id":8,
                 "name":"",
                 "rotation":0,
                 "type":"",
                 "visible":true,
                 "width":24,
                 "x":128,
                 "y":216
                }, 
                {
                 "gid":301,
                 "height":40,
                 "id":9,
                 "name":"",
                 "rotation":0,
                 "type":"",
                 "visible":true,
                 "width":40,
                 "x":136,
                 "y":336
                }, 
                {
                 "gid":301,
                 "height":40,
                 "id":10,
                 "name":"",
                 "rotation":0,
                 "type":"",
                 "visible":true,
                 "width":40,
                 "x":248,
                 "y":336
                }, 
                {
                 "gid":774,
                 "height":40,
                 "id":11,
                 "name":"",
                 "rotation":0,
                 "type":"",
                 "visible":true,
                 "width":32,
                 "x":336,
                 "y":336
                }, 
                {
                 "gid":774,
                 "height":40,
                 "id":12,
                 "name":"",
                 "rotation":0,
                 "type":"",
                 "visible":true,
                 "width":32,
                 "x":296,
                 "y":336
                }, 
                {
                 "gid":756,
                 "height":32,
                 "id":13,
                 "name":"",
                 "rotation":0,
                 "type":"",
                 "visible":true,
                 "width":40,
                 "x":96,
                 "y":336
                }, 
                {
                 "gid":774,
                 "height":40,
                 "id":14,
                 "name":"",
                 "rotation":0,
                 "type":"",
                 "visible":true,
                 "width":32,
                 "x":56,
                 "y":336
                }, 
                {
                 "gid":767,
                 "height":24,
                 "id":15,
                 "name":"",
                 "rotation":0,
                 "type":"",
                 "visible":true,
                 "width":32,
                 "x":216,
                 "y":336
                }, 
                {
                 "gid":877,
                 "height":24,
                 "id":16,
                 "name":"",
                 "rotation":0,
                 "type":"",
                 "visible":true,
                 "width":48,
                 "x":80,
                 "y":144
                }, 
                {
                 "gid":877,
                 "height":24,
                 "id":17,
                 "name":"",
                 "rotation":0,
                 "type":"",
                 "visible":true,
                 "width":48,
                 "x":296,
                 "y":144
                }, 
                {
                 "gid":841,
                 "height":32,
                 "id":18,
                 "name":"",
                 "rotation":0,
                 "type":"",
                 "visible":true,
                 "width":16,
                 "x":312,
                 "y":112
                }, 
                {
                 "gid":841,
                 "height":32,
                 "id":19,
                 "name":"",
                 "rotation":0,
                 "type":"",
                 "visible":true,
                 "width":16,
                 "x":96,
                 "y":112
                }, 
                {
                 "gid":812,
                 "height":16,
                 "id":20,
                 "name":"",
                 "rotation":0,
                 "type":"",
                 "visible":true,
                 "width":48,
                 "x":248,
                 "y":112
                }, 
                {
                 "gid":812,
                 "height":16,
                 "id":21,
                 "name":"",
                 "rotation":0,
                 "type":"",
                 "visible":true,
                 "width":48,
                 "x":128,
                 "y":112
                }, 
                {
                 "gid":996,
                 "height":24,
                 "id":22,
                 "name":"",
                 "rotation":0,
                 "type":"",
                 "visible":true,
                 "width":40,
                 "x":136,
                 "y":184
                }, 
                {
                 "gid":996,
                 "height":24,
                 "id":42,
                 "name":"",
                 "rotation":0,
                 "type":"",
                 "visible":true,
                 "width":40,
                 "x":32,
                 "y":184
                }, 
                {
                 "gid":996,
                 "height":24,
                 "id":23,
                 "name":"",
                 "rotation":0,
                 "type":"",
                 "visible":true,
                 "width":40,
                 "x":248,
                 "y":184
                }, 
                {
                 "gid":996,
                 "height":24,
                 "id":41,
                 "name":"",
                 "rotation":0,
                 "type":"",
                 "visible":true,
                 "width":40,
                 "x":352,
                 "y":184
                }, 
                {
                 "gid":1181,
                 "height":14,
                 "id":32,
                 "name":"",
                 "rotation":0,
                 "type":"",
                 "visible":true,
                 "width":8,
                 "x":288,
                 "y":240
                }, 
                {
                 "gid":1181,
                 "height":14,
                 "id":33,
                 "name":"",
                 "rotation":0,
                 "type":"",
                 "visible":true,
                 "width":8,
                 "x":336,
                 "y":240
                }, 
                {
                 "gid":1181,
                 "height":14,
                 "id":34,
                 "name":"",
                 "rotation":0,
                 "type":"",
                 "visible":true,
                 "width":8,
                 "x":128,
                 "y":240
                }, 
                {
                 "gid":1181,
                 "height":14,
                 "id":35,
                 "name":"",
                 "rotation":0,
                 "type":"",
                 "visible":true,
                 "width":8,
                 "x":72,
                 "y":240
                }, 
                {
                 "gid":1181,
                 "height":14,
                 "id":37,
                 "name":"",
                 "rotation":0,
                 "type":"",
                 "visible":true,
                 "width":8,
                 "x":288,
                 "y":136
                }, 
                {
                 "gid":1181,
                 "height":14,
                 "id":38,
                 "name":"",
                 "rotation":0,
                 "type":"",
                 "visible":true,
                 "width":8,
                 "x":344,
                 "y":136
                }, 
                {
                 "gid":1181,
                 "height":14,
                 "id":39,
                 "name":"",
                 "rotation":0,
                 "type":"",
                 "visible":true,
                 "width":8,
                 "x":128,
                 "y":136
                }, 
                {
                 "gid":1181,
                 "height":14,
                 "id":40,
                 "name":"",
                 "rotation":0,
                 "type":"",
                 "visible":true,
                 "width":8,
                 "x":72,
                 "y":136
                }, 
                {
                 "gid":2147484835,
                 "height":16,
                 "id":43,
                 "name":"",
                 "rotation":0,
                 "type":"",
                 "visible":true,
                 "width":16,
                 "x":400,
                 "y":184
                }, 
                {
                 "gid":2147484835,
                 "height":16,
                 "id":44,
                 "name":"",
                 "rotation":0,
                 "type":"",
                 "visible":true,
                 "width":16,
                 "x":8,
                 "y":184
                }],
         "opacity":1,
         "type":"objectgroup",
         "visible":true,
         "x":0,
         "y":0
        }],
 "nextlayerid":4,
 "nextobjectid":45,
 "orientation":"orthogonal",
 "renderorder":"right-down",
 "tiledversion":"1.10.2",
 "tileheight":8,
 "tilesets":[
        {
         "firstgid":1,
         "source":"..\/..\/..\/..\/..\/Program Files (x86)\/Steam\/steamapps\/common\/Starbound\/assets\/Packed\/tilesets\/packed\/miscellaneous.json"
        }, 
        {
         "firstgid":25,
         "source":"..\/..\/..\/..\/..\/Program Files (x86)\/Steam\/steamapps\/common\/Starbound\/assets\/Packed\/tilesets\/packed\/materials.json"
        }, 
        {
         "firstgid":222,
         "source":"..\/..\/..\/..\/..\/Program Files (x86)\/Steam\/steamapps\/common\/Packed\/tilesets\/packed\/miscellaneous.json"
        }, 
        {
         "firstgid":246,
         "source":"..\/..\/..\/..\/..\/Program Files (x86)\/Steam\/steamapps\/common\/Packed\/tilesets\/packed\/objects-by-colonytag\/human.json"
        }, 
        {
         "firstgid":493,
         "source":"..\/..\/..\/..\/..\/Program Files (x86)\/Steam\/steamapps\/common\/Starbound\/assets\/Packed\/tilesets\/packed\/supports.json"
        }, 
        {
         "firstgid":530,
         "source":"..\/..\/..\/..\/..\/Program Files (x86)\/Steam\/steamapps\/common\/Packed\/tilesets\/packed\/materials.json"
        }, 
        {
         "firstgid":727,
         "source":"..\/..\/..\/..\/..\/Program Files (x86)\/Steam\/steamapps\/common\/Packed\/tilesets\/packed\/objects-by-colonytag\/humanbunker.json"
        }, 
        {
         "firstgid":799,
         "source":"..\/..\/..\/..\/..\/Program Files (x86)\/Steam\/steamapps\/common\/Packed\/tilesets\/packed\/objects-by-colonytag\/humanprison.json"
        }, 
        {
         "firstgid":893,
         "source":"..\/..\/..\/..\/..\/Program Files (x86)\/Steam\/steamapps\/common\/Starbound\/assets\/Packed\/tilesets\/packed\/objects-by-race\/human.json"
        }, 
        {
         "firstgid":1181,
         "source":"..\/..\/..\/..\/..\/Program Files (x86)\/Steam\/steamapps\/common\/Starbound\/mods\/againandagain\/tilesets\/occasus\/occasus.json"
        }, 
        {
         "firstgid":1184,
         "source":"..\/..\/..\/..\/..\/Program Files (x86)\/Steam\/steamapps\/common\/Starbound\/assets\/Packed\/tilesets\/packed\/objects-by-colonytag\/wreck.json"
        }],
 "tilewidth":8,
 "type":"map",
 "version":1.1,
 "width":53
}