{ "backgroundcolor":"#000000",
 "height":37,
 "layers":[
        {
         "compression":"zlib",
         "data":"eJztzKEKwlAYhuH\/CLKgF7Co0VtwWWxewWBNbIKYFRmWBYs3YBSZxlXTrsrgTjmctywJhp8\/POGDj7cVkfZPjjCAJaxhAQVoah8ghwns4QVX0NTO4AwXmEENJWhqr6ARuQVzv4MTbCAFTe3Kd4Kp38EW7vCAN2hq72Dkoo9EXxi7KAFNbRq6KIW+\/xO0to0xxvymA+JMG10=",
         "encoding":"base64",
         "height":37,
         "name":"back",
         "opacity":0.5,
         "type":"tilelayer",
         "visible":true,
         "width":23,
         "x":0,
         "y":0
        }, 
        {
         "compression":"zlib",
         "data":"eJztzqEKgjEUhuEzQQya5Y8avQCLZrF5BaJNbIKYFRGLweINGEXUaPXCDLrg2Bv+01w4sA+eMMZeJpJ2G0UFhjCDAUzBenutGEMLVvCAE5S1uz8p2v\/+d1+xhyN04AY7sN4eKZ4i56Dnz8EW5lCA9fbBvy3T9nfBAi5whRdYby8VdRe9JfpAw0U1sN5uKqouKoCbwB2st\/Py8vLy0uwLlZq69Q==",
         "encoding":"base64",
         "height":37,
         "name":"front",
         "opacity":1,
         "type":"tilelayer",
         "visible":true,
         "width":23,
         "x":0,
         "y":0
        }, 
        {
         "color":"#5555ff",
         "draworder":"topdown",
         "height":0,
         "name":"mods",
         "objects":[
                {
                 "height":8,
                 "id":1038,
                 "name":"",
                 "properties":
                    {
                     "back":"heavypipe",
                     "colorVariant":"8",
                     "front":"heavypipe"
                    },
                 "propertytypes":
                    {
                     "back":"string",
                     "colorVariant":"string",
                     "front":"string"
                    },
                 "rotation":0,
                 "type":"",
                 "visible":true,
                 "width":24,
                 "x":152,
                 "y":152
                }, 
                {
                 "height":8,
                 "id":1172,
                 "name":"",
                 "properties":
                    {
                     "material":"meteoriterock",
                     "mod":"meteordust"
                    },
                 "propertytypes":
                    {
                     "material":"string",
                     "mod":"string"
                    },
                 "rotation":0,
                 "type":"",
                 "visible":true,
                 "width":24,
                 "x":32,
                 "y":8
                }, 
                {
                 "height":8,
                 "id":1186,
                 "name":"",
                 "properties":
                    {
                     "material":"meteoriterock",
                     "mod":"gold"
                    },
                 "propertytypes":
                    {
                     "material":"string",
                     "mod":"string"
                    },
                 "rotation":0,
                 "type":"",
                 "visible":true,
                 "width":24,
                 "x":8,
                 "y":8
                }, 
                {
                 "height":8,
                 "id":1187,
                 "name":"",
                 "properties":
                    {
                     "material":"meteoriterock",
                     "mod":"silver"
                    },
                 "propertytypes":
                    {
                     "material":"string",
                     "mod":"string"
                    },
                 "rotation":0,
                 "type":"",
                 "visible":true,
                 "width":24,
                 "x":8,
                 "y":16
                }, 
                {
                 "height":8,
                 "id":1188,
                 "name":"",
                 "properties":
                    {
                     "material":"rock01",
                     "mod":"gold"
                    },
                 "propertytypes":
                    {
                     "material":"string",
                     "mod":"string"
                    },
                 "rotation":0,
                 "type":"",
                 "visible":true,
                 "width":24,
                 "x":8,
                 "y":128
                }, 
                {
                 "height":8,
                 "id":1189,
                 "name":"",
                 "properties":
                    {
                     "material":"rock01",
                     "mod":"silver"
                    },
                 "propertytypes":
                    {
                     "material":"string",
                     "mod":"string"
                    },
                 "rotation":0,
                 "type":"",
                 "visible":true,
                 "width":24,
                 "x":8,
                 "y":136
                }, 
                {
                 "height":8,
                 "id":1190,
                 "name":"",
                 "properties":
                    {
                     "material":"rock01",
                     "mod":"copper"
                    },
                 "propertytypes":
                    {
                     "material":"string",
                     "mod":"string"
                    },
                 "rotation":0,
                 "type":"",
                 "visible":true,
                 "width":24,
                 "x":8,
                 "y":144
                }, 
                {
                 "height":8,
                 "id":1191,
                 "name":"",
                 "properties":
                    {
                     "material":"blaststone",
                     "mod":"gold"
                    },
                 "propertytypes":
                    {
                     "material":"string",
                     "mod":"string"
                    },
                 "rotation":0,
                 "type":"",
                 "visible":true,
                 "width":24,
                 "x":8,
                 "y":56
                }, 
                {
                 "height":8,
                 "id":1192,
                 "name":"",
                 "properties":
                    {
                     "material":"blaststone",
                     "mod":"silver"
                    },
                 "propertytypes":
                    {
                     "material":"string",
                     "mod":"string"
                    },
                 "rotation":0,
                 "type":"",
                 "visible":true,
                 "width":24,
                 "x":8,
                 "y":64
                }, 
                {
                 "height":8,
                 "id":1193,
                 "name":"",
                 "properties":
                    {
                     "material":"blaststone",
                     "mod":"copper"
                    },
                 "propertytypes":
                    {
                     "material":"string",
                     "mod":"string"
                    },
                 "rotation":0,
                 "type":"",
                 "visible":true,
                 "width":24,
                 "x":8,
                 "y":72
                }, 
                {
                 "height":8,
                 "id":1194,
                 "name":"",
                 "properties":
                    {
                     "material":"obsidian",
                     "mod":"silver"
                    },
                 "propertytypes":
                    {
                     "material":"string",
                     "mod":"string"
                    },
                 "rotation":0,
                 "type":"",
                 "visible":true,
                 "width":24,
                 "x":8,
                 "y":88
                }, 
                {
                 "height":8,
                 "id":1195,
                 "name":"",
                 "properties":
                    {
                     "material":"obsidian",
                     "mod":"gold"
                    },
                 "propertytypes":
                    {
                     "material":"string",
                     "mod":"string"
                    },
                 "rotation":0,
                 "type":"",
                 "visible":true,
                 "width":24,
                 "x":8,
                 "y":80
                }, 
                {
                 "height":8,
                 "id":1196,
                 "name":"",
                 "properties":
                    {
                     "material":"obsidian",
                     "mod":"copper"
                    },
                 "propertytypes":
                    {
                     "material":"string",
                     "mod":"string"
                    },
                 "rotation":0,
                 "type":"",
                 "visible":true,
                 "width":24,
                 "x":8,
                 "y":96
                }, 
                {
                 "height":8,
                 "id":1197,
                 "name":"",
                 "properties":
                    {
                     "material":"rock17",
                     "mod":"gold"
                    },
                 "propertytypes":
                    {
                     "material":"string",
                     "mod":"string"
                    },
                 "rotation":0,
                 "type":"",
                 "visible":true,
                 "width":24,
                 "x":8,
                 "y":152
                }, 
                {
                 "height":8,
                 "id":1198,
                 "name":"",
                 "properties":
                    {
                     "material":"rock17",
                     "mod":"silver"
                    },
                 "propertytypes":
                    {
                     "material":"string",
                     "mod":"string"
                    },
                 "rotation":0,
                 "type":"",
                 "visible":true,
                 "width":24,
                 "x":8,
                 "y":160
                }, 
                {
                 "height":8,
                 "id":1199,
                 "name":"",
                 "properties":
                    {
                     "material":"rock17",
                     "mod":"copper"
                    },
                 "propertytypes":
                    {
                     "material":"string",
                     "mod":"string"
                    },
                 "rotation":0,
                 "type":"",
                 "visible":true,
                 "width":24,
                 "x":8,
                 "y":168
                }, 
                {
                 "height":8,
                 "id":1200,
                 "name":"",
                 "properties":
                    {
                     "material":"moonrock",
                     "mod":"copper"
                    },
                 "propertytypes":
                    {
                     "material":"string",
                     "mod":"string"
                    },
                 "rotation":0,
                 "type":"",
                 "visible":true,
                 "width":24,
                 "x":8,
                 "y":48
                }, 
                {
                 "height":8,
                 "id":1201,
                 "name":"",
                 "properties":
                    {
                     "material":"moonrock",
                     "mod":"gold"
                    },
                 "propertytypes":
                    {
                     "material":"string",
                     "mod":"string"
                    },
                 "rotation":0,
                 "type":"",
                 "visible":true,
                 "width":24,
                 "x":8,
                 "y":32
                }, 
                {
                 "height":8,
                 "id":1202,
                 "name":"",
                 "properties":
                    {
                     "material":"moonrock",
                     "mod":"silver"
                    },
                 "propertytypes":
                    {
                     "material":"string",
                     "mod":"string"
                    },
                 "rotation":0,
                 "type":"",
                 "visible":true,
                 "width":24,
                 "x":8,
                 "y":40
                }, 
                {
                 "height":8,
                 "id":1203,
                 "name":"",
                 "properties":
                    {
                     "material":"meteoriterock",
                     "mod":"copper"
                    },
                 "propertytypes":
                    {
                     "material":"string",
                     "mod":"string"
                    },
                 "rotation":0,
                 "type":"",
                 "visible":true,
                 "width":24,
                 "x":8,
                 "y":24
                }, 
                {
                 "height":8,
                 "id":1214,
                 "name":"",
                 "properties":
                    {
                     "back":"pressurisedgirder",
                     "colorVariant":"8",
                     "front":"pressurisedgirder"
                    },
                 "propertytypes":
                    {
                     "back":"string",
                     "colorVariant":"string",
                     "front":"string"
                    },
                 "rotation":0,
                 "type":"",
                 "visible":true,
                 "width":24,
                 "x":104,
                 "y":104
                }, 
                {
                 "height":8,
                 "id":1215,
                 "name":"",
                 "properties":
                    {
                     "back":"pressurisedbeam",
                     "colorVariant":"7",
                     "front":"pressurisedbeam"
                    },
                 "propertytypes":
                    {
                     "back":"string",
                     "colorVariant":"string",
                     "front":"string"
                    },
                 "rotation":0,
                 "type":"",
                 "visible":true,
                 "width":24,
                 "x":80,
                 "y":104
                }, 
                {
                 "height":8,
                 "id":1216,
                 "name":"",
                 "properties":
                    {
                     "back":"pressuriseddurasteel",
                     "colorVariant":"7",
                     "front":"pressuriseddurasteel"
                    },
                 "propertytypes":
                    {
                     "back":"string",
                     "colorVariant":"string",
                     "front":"string"
                    },
                 "rotation":0,
                 "type":"",
                 "visible":true,
                 "width":24,
                 "x":56,
                 "y":104
                }, 
                {
                 "height":8,
                 "id":1217,
                 "name":"",
                 "properties":
                    {
                     "back":"outpostwall2",
                     "colorVariant":"7",
                     "front":"outpostwall2"
                    },
                 "propertytypes":
                    {
                     "back":"string",
                     "colorVariant":"string",
                     "front":"string"
                    },
                 "rotation":0,
                 "type":"",
                 "visible":true,
                 "width":24,
                 "x":104,
                 "y":32
                }, 
                {
                 "height":8,
                 "id":1218,
                 "name":"",
                 "properties":
                    {
                     "back":"outpostsupport",
                     "colorVariant":"1",
                     "front":"outpostsupport"
                    },
                 "propertytypes":
                    {
                     "back":"string",
                     "colorVariant":"string",
                     "front":"string"
                    },
                 "rotation":0,
                 "type":"",
                 "visible":true,
                 "width":24,
                 "x":128,
                 "y":32
                }, 
                {
                 "height":8,
                 "id":1219,
                 "name":"",
                 "properties":
                    {
                     "back":"slopedrustypanel",
                     "colorVariant":"7",
                     "front":"slopedrustypanel"
                    },
                 "propertytypes":
                    {
                     "back":"string",
                     "colorVariant":"string",
                     "front":"string"
                    },
                 "rotation":0,
                 "type":"",
                 "visible":true,
                 "width":24,
                 "x":152,
                 "y":104
                }, 
                {
                 "height":8,
                 "id":1220,
                 "name":"",
                 "properties":
                    {
                     "back":"lightmetal",
                     "colorVariant":"8",
                     "front":"lightmetal"
                    },
                 "propertytypes":
                    {
                     "back":"string",
                     "colorVariant":"string",
                     "front":"string"
                    },
                 "rotation":0,
                 "type":"",
                 "visible":true,
                 "width":24,
                 "x":56,
                 "y":8
                }, 
                {
                 "height":8,
                 "id":1221,
                 "name":"",
                 "properties":
                    {
                     "back":"lightmetal",
                     "colorVariant":"3",
                     "front":"lightmetal"
                    },
                 "propertytypes":
                    {
                     "back":"string",
                     "colorVariant":"string",
                     "front":"string"
                    },
                 "rotation":0,
                 "type":"",
                 "visible":true,
                 "width":24,
                 "x":56,
                 "y":16
                }, 
                {
                 "height":8,
                 "id":1222,
                 "name":"",
                 "properties":
                    {
                     "back":"slopedhullpanel",
                     "colorVariant":"8",
                     "front":"slopedhullpanel"
                    },
                 "propertytypes":
                    {
                     "back":"string",
                     "colorVariant":"string",
                     "front":"string"
                    },
                 "rotation":0,
                 "type":"",
                 "visible":true,
                 "width":24,
                 "x":152,
                 "y":112
                }],
         "opacity":1,
         "type":"objectgroup",
         "visible":true,
         "width":0,
         "x":0,
         "y":0
        }, 
        {
         "color":"#ff0000",
         "draworder":"topdown",
         "height":0,
         "name":"objects",
         "objects":[
                {
                 "gid":7728,
                 "height":8,
                 "id":729,
                 "name":"",
                 "properties":
                    {
                     "parameters":"{ \"detectArea\" : [ [-2, 0], [2, 4] ], \"detectDuration\" : 3.5, \"detectEntityTypes\" : [ \"player\" ] }"
                    },
                 "propertytypes":
                    {
                     "parameters":"string"
                    },
                 "rotation":0,
                 "type":"",
                 "visible":true,
                 "width":16,
                 "x":128,
                 "y":200
                }, 
                {
                 "gid":7823,
                 "height":16,
                 "id":755,
                 "name":"",
                 "properties":
                    {
                     "parameters":"{ \"duration\" : 5 }"
                    },
                 "propertytypes":
                    {
                     "parameters":"string"
                    },
                 "rotation":0,
                 "type":"",
                 "visible":true,
                 "width":16,
                 "x":56,
                 "y":200
                }, 
                {
                 "gid":7824,
                 "height":16,
                 "id":756,
                 "name":"",
                 "properties":
                    {
                     "parameters":"{ \"delay\" : 0.5 }"
                    },
                 "propertytypes":
                    {
                     "parameters":"string"
                    },
                 "rotation":0,
                 "type":"",
                 "visible":true,
                 "width":16,
                 "x":80,
                 "y":200
                }, 
                {
                 "gid":7820,
                 "height":16,
                 "id":786,
                 "name":"",
                 "rotation":0,
                 "type":"",
                 "visible":true,
                 "width":16,
                 "x":104,
                 "y":200
                }, 
                {
                 "gid":2172,
                 "height":16,
                 "id":1402,
                 "name":"",
                 "rotation":0,
                 "type":"",
                 "visible":true,
                 "width":24,
                 "x":144,
                 "y":264
                }, 
                {
                 "gid":2174,
                 "height":24,
                 "id":1403,
                 "name":"",
                 "rotation":0,
                 "type":"",
                 "visible":true,
                 "width":16,
                 "x":144,
                 "y":240
                }, 
                {
                 "gid":2173,
                 "height":24,
                 "id":1404,
                 "name":"",
                 "rotation":0,
                 "type":"",
                 "visible":true,
                 "width":16,
                 "x":120,
                 "y":240
                }, 
                {
                 "gid":2171,
                 "height":16,
                 "id":1405,
                 "name":"",
                 "rotation":0,
                 "type":"",
                 "visible":true,
                 "width":24,
                 "x":112,
                 "y":264
                }],
         "opacity":1,
         "type":"objectgroup",
         "visible":true,
         "width":0,
         "x":0,
         "y":0
        }, 
        {
         "color":"#ffff00",
         "draworder":"topdown",
         "height":0,
         "name":"wiring - lights & guns",
         "objects":[],
         "opacity":1,
         "type":"objectgroup",
         "visible":true,
         "width":0,
         "x":0,
         "y":0
        }, 
        {
         "color":"#ff0000",
         "draworder":"topdown",
         "height":0,
         "name":"monsters & npcs",
          "objects": [
            {
              "height": 8,
              "id": 1260,
              "name": "",
              "properties": {
                "npc": "apex, avian, human, hylotl",
                "typeName": "researchcrewmate"
              },
              "propertytypes": {
                "npc": "string",
                "typeName": "string"
              },
              "rotation": 0,
              "type": "",
              "visible": true,
              "width": 8,
              "x": 24,
              "y": 184
            },
            {
              "height": 8,
              "id": 1390,
              "name": "cosmostache",
              "properties": {
                "monster": "cosmostache"
              },
              "propertytypes": {
                "monster": "string"
              },
              "rotation": 0,
              "type": "",
              "visible": true,
              "width": 8,
              "x": 16,
              "y": 232
            },
            {
              "height": 8,
              "id": 1392,
              "name": "masteroidlarge",
              "properties": {
                "monster": "masteroidlarge"
              },
              "propertytypes": {
                "monster": "string"
              },
              "rotation": 0,
              "type": "",
              "visible": true,
              "width": 8,
              "x": 16,
              "y": 216
            },
            {
              "height": 8,
              "id": 1393,
              "name": "masteroidmid",
              "properties": {
                "monster": "masteroidmid"
              },
              "propertytypes": {
                "monster": "string"
              },
              "rotation": 0,
              "type": "",
              "visible": true,
              "width": 8,
              "x": 40,
              "y": 216
            },
            {
              "height": 8,
              "id": 1394,
              "name": "masteroid",
              "properties": {
                "monster": "masteroid"
              },
              "propertytypes": {
                "monster": "string"
              },
              "rotation": 0,
              "type": "",
              "visible": true,
              "width": 8,
              "x": 64,
              "y": 216
            },
            {
              "height": 8,
              "id": 1395,
              "name": "omnicannon",
              "properties": {
                "monster": "omnicannon"
              },
              "propertytypes": {
                "monster": "string"
              },
              "rotation": 0,
              "type": "",
              "visible": true,
              "width": 8,
              "x": 16,
              "y": 280
            },
            {
              "height": 8,
              "id": 1395,
              "name": "texentry",
              "properties": {
                "monster": "texentry"
              },
              "propertytypes": {
                "monster": "string"
              },
              "rotation": 0,
              "type": "",
              "visible": true,
              "width": 8,
              "x": 16,
              "y": 280
            },
            {
              "height": 8,
              "id": 1396,
              "name": "twigun",
              "properties": {
                "monster": "twigun"
              },
              "propertytypes": {
                "monster": "string"
              },
              "rotation": 0,
              "type": "",
              "visible": true,
              "width": 8,
              "x": 40,
              "y": 280
            },
            {
              "height": 8,
              "id": 1397,
              "name": "trifangle",
              "properties": {
                "monster": "trifangle"
              },
              "propertytypes": {
                "monster": "string"
              },
              "rotation": 0,
              "type": "",
              "visible": true,
              "width": 8,
              "x": 40,
              "y": 232
            },
            {
              "height": 8,
              "id": 1398,
              "name": "rustick",
              "properties": {
                "monster": "rustick"
              },
              "propertytypes": {
                "monster": "string"
              },
              "rotation": 0,
              "type": "",
              "visible": true,
              "width": 8,
              "x": 16,
              "y": 264
            },
            {
              "height": 8,
              "id": 1399,
              "name": "spinemine",
              "properties": {
                "monster": "spinemine"
              },
              "propertytypes": {
                "monster": "string"
              },
              "rotation": 0,
              "type": "",
              "visible": true,
              "width": 8,
              "x": 16,
              "y": 248
            },
            {
              "height": 8,
              "id": 1406,
              "name": "heavydrone",
              "properties": {
                "monster": "heavydrone"
              },
              "propertytypes": {
                "monster": "string"
              },
              "rotation": 0,
              "type": "",
              "visible": true,
              "width": 8,
              "x": 88,
              "y": 232
            },
            {
              "height": 8,
              "id": 1412,
              "name": "chiropterror",
              "properties": {
                "monster": "chiropterror"
              },
              "propertytypes": {
                "monster": "string"
              },
              "rotation": 0,
              "type": "",
              "visible": true,
              "width": 8,
              "x": 64,
              "y": 232
            }
          ],
         "opacity":1,
         "type":"objectgroup",
         "visible":true,
         "width":0,
         "x":0,
         "y":0
        }, 
        {
         "color":"#00ffff",
         "draworder":"topdown",
         "height":0,
         "name":"wiring - locked door",
         "objects":[],
         "opacity":1,
         "type":"objectgroup",
         "visible":true,
         "width":0,
         "x":0,
         "y":0
        }, 
        {
         "draworder":"topdown",
         "height":0,
         "name":"outside the map",
         "objects":[],
         "opacity":1,
         "type":"objectgroup",
         "visible":true,
         "width":0,
         "x":0,
         "y":0
        }, 
        {
         "draworder":"topdown",
         "height":0,
         "name":"anchors etc",
         "objects":[
                {
                 "height":8,
                 "id":1263,
                 "name":"",
                 "properties":
                    {
                     "connector":"hazard"
                    },
                 "propertytypes":
                    {
                     "connector":"string"
                    },
                 "rotation":0,
                 "type":"",
                 "visible":true,
                 "width":8,
                 "x":8,
                 "y":184
                }, 
                {
                 "height":8,
                 "id":1407,
                 "name":"Small Group (hazard)",
                 "properties":
                    {
                     "connectDirection":"any",
                     "connectForwardOnly":"true",
                     "connector":"spacegroup_small"
                    },
                 "propertytypes":
                    {
                     "connectDirection":"string",
                     "connectForwardOnly":"string",
                     "connector":"string"
                    },
                 "rotation":0,
                 "type":"",
                 "visible":true,
                 "width":8,
                 "x":64,
                 "y":256
                }, 
                {
                 "height":8,
                 "id":1408,
                 "name":"Large Group (hazard)",
                 "properties":
                    {
                     "connectDirection":"any",
                     "connectForwardOnly":"true",
                     "connector":"spacegroup_large"
                    },
                 "propertytypes":
                    {
                     "connectDirection":"string",
                     "connectForwardOnly":"string",
                     "connector":"string"
                    },
                 "rotation":0,
                 "type":"",
                 "visible":true,
                 "width":8,
                 "x":64,
                 "y":280
                }, 
                {
                 "height":8,
                 "id":1409,
                 "name":"Small Group",
                 "properties":
                    {
                     "connector":"spacegroup_small"
                    },
                 "propertytypes":
                    {
                     "connector":"string"
                    },
                 "rotation":0,
                 "type":"",
                 "visible":true,
                 "width":8,
                 "x":96,
                 "y":256
                }, 
                {
                 "height":8,
                 "id":1410,
                 "name":"Large Group",
                 "properties":
                    {
                     "connector":"spacegroup_large"
                    },
                 "propertytypes":
                    {
                     "connector":"string"
                    },
                 "rotation":0,
                 "type":"",
                 "visible":true,
                 "width":8,
                 "x":96,
                 "y":280
                }],
         "opacity":1,
         "type":"objectgroup",
         "visible":true,
         "width":0,
         "x":0,
         "y":0
        }, 
        {
         "draworder":"topdown",
         "height":0,
         "name":"items",
         "objects":[],
         "opacity":1,
         "type":"objectgroup",
         "visible":true,
         "width":0,
         "x":0,
         "y":0
        }],
 "nextobjectid":1413,
 "orientation":"orthogonal",
 "renderorder":"right-down",
 "tileheight":8,
 "tilesets":[
        {
         "firstgid":1,
         "source":"..\/..\/..\/tilesets\/packed\/materials.json"
        }, 
        {
         "firstgid":196,
         "source":"..\/..\/..\/tilesets\/packed\/miscellaneous.json"
        }, 
        {
         "firstgid":218,
         "source":"..\/..\/..\/tilesets\/packed\/liquids.json"
        }, 
        {
         "firstgid":246,
         "source":"..\/..\/..\/tilesets\/packed\/supports.json"
        }, 
        {
         "firstgid":282,
         "source":"..\/..\/..\/tilesets\/packed\/objects-by-race\/generic.json"
        }, 
        {
         "firstgid":2206,
         "source":"..\/..\/..\/tilesets\/packed\/objects-by-race\/ancient.json"
        }, 
        {
         "firstgid":2368,
         "source":"..\/..\/..\/tilesets\/packed\/objects-by-race\/apex.json"
        }, 
        {
         "firstgid":2739,
         "source":"..\/..\/..\/tilesets\/packed\/objects-by-race\/avian.json"
        }, 
        {
         "firstgid":3044,
         "source":"..\/..\/..\/tilesets\/packed\/objects-by-race\/floran.json"
        }, 
        {
         "firstgid":3239,
         "source":"..\/..\/..\/tilesets\/packed\/objects-by-race\/glitch.json"
        }, 
        {
         "firstgid":3465,
         "source":"..\/..\/..\/tilesets\/packed\/objects-by-race\/human.json"
        }, 
        {
         "firstgid":3746,
         "source":"..\/..\/..\/tilesets\/packed\/objects-by-race\/hylotl.json"
        }, 
        {
         "firstgid":3978,
         "source":"..\/..\/..\/tilesets\/packed\/objects-by-race\/novakid.json"
        }, 
        {
         "firstgid":4041,
         "source":"..\/..\/..\/tilesets\/packed\/objects-by-category\/crafting.json"
        }, 
        {
         "firstgid":4121,
         "source":"..\/..\/..\/tilesets\/packed\/objects-by-category\/decorative.json"
        }, 
        {
         "firstgid":5536,
         "source":"..\/..\/..\/tilesets\/packed\/objects-by-category\/door.json"
        }, 
        {
         "firstgid":5664,
         "source":"..\/..\/..\/tilesets\/packed\/objects-by-category\/farmable.json"
        }, 
        {
         "firstgid":5739,
         "source":"..\/..\/..\/tilesets\/packed\/objects-by-category\/furniture.json"
        }, 
        {
         "firstgid":6085,
         "source":"..\/..\/..\/tilesets\/packed\/objects-by-category\/light.json"
        }, 
        {
         "firstgid":6527,
         "source":"..\/..\/..\/tilesets\/packed\/objects-by-category\/other.json"
        }, 
        {
         "firstgid":6830,
         "source":"..\/..\/..\/tilesets\/packed\/objects-by-category\/pot.json"
        }, 
        {
         "firstgid":7127,
         "source":"..\/..\/..\/tilesets\/packed\/objects-by-category\/sapling.json"
        }, 
        {
         "firstgid":7128,
         "source":"..\/..\/..\/tilesets\/packed\/objects-by-category\/spawner.json"
        }, 
        {
         "firstgid":7144,
         "source":"..\/..\/..\/tilesets\/packed\/objects-by-category\/storage.json"
        }, 
        {
         "firstgid":7375,
         "source":"..\/..\/..\/tilesets\/packed\/objects-by-category\/teleporter.json"
        }, 
        {
         "firstgid":7415,
         "source":"..\/..\/..\/tilesets\/packed\/objects-by-category\/tools.json"
        }, 
        {
         "firstgid":7420,
         "source":"..\/..\/..\/tilesets\/packed\/objects-by-category\/trap.json"
        }, 
        {
         "firstgid":7624,
         "source":"..\/..\/..\/tilesets\/packed\/objects-by-category\/wire.json"
        }, 
        {
         "firstgid":7841,
         "source":"..\/..\/..\/tilesets\/packed\/objects-by-type\/container.json"
        }, 
        {
         "firstgid":8123,
         "source":"..\/..\/..\/tilesets\/packed\/objects-by-type\/farmable.json"
        }, 
        {
         "firstgid":8201,
         "source":"..\/..\/..\/tilesets\/packed\/objects-by-type\/loungeable.json"
        }, 
        {
         "firstgid":8479,
         "source":"..\/..\/..\/tilesets\/packed\/objects-by-type\/noisy.json"
        }, 
        {
         "firstgid":8520,
         "source":"..\/..\/..\/tilesets\/packed\/objects-by-type\/teleporter.json"
        }, 
        {
         "firstgid":8546,
         "source":"..\/..\/..\/tilesets\/packed\/objects-by-category\/railpoint.json"
        }, 
        {
         "firstgid":8551,
         "source":"..\/..\/..\/tilesets\/packed\/objects-by-colonytag\/outpost.json"
        }, 
        {
         "firstgid":8655,
         "source":"..\/..\/..\/tilesets\/packed\/objects-by-colonytag\/industrial.json"
        }, 
        {
         "firstgid":8666,
         "source":"..\/..\/..\/tilesets\/packed\/objects-by-colonytag\/pretty.json"
        }, 
        {
         "firstgid":9139,
         "source":"..\/..\/..\/tilesets\/packed\/objects-by-colonytag\/cooking.json"
        }, 
        {
         "firstgid":9175,
         "source":"..\/..\/..\/tilesets\/packed\/objects-by-colonytag\/science.json"
        }, 
        {
         "firstgid":9193,
         "source":"..\/..\/..\/tilesets\/packed\/objects-by-colonytag\/station.json"
        }, 
        {
         "firstgid":9223,
         "source":"..\/..\/..\/tilesets\/packed\/objects-by-colonytag\/astro.json"
        }, 
        {
         "firstgid":9237,
         "source":"..\/..\/..\/tilesets\/packed\/objects-by-colonytag\/mining.json"
        }, 
        {
         "firstgid":9247,
         "source":"..\/..\/..\/tilesets\/packed\/objects-by-colonytag\/apexresearchlab.json"
        }, 
        {
         "firstgid":9298,
         "source":"..\/..\/..\/tilesets\/packed\/objects-by-colonytag\/lunarbase.json"
        }, 
        {
         "firstgid":9322,
         "source":"..\/..\/..\/tilesets\/packed\/objects-by-category\/wire.json"
        }, 
        {
         "firstgid":9539,
         "source":"..\/..\/..\/tilesets\/packed\/objects-by-colonytag\/scorched.json"
        }, 
        {
         "firstgid":9578,
         "source":"..\/..\/..\/tilesets\/packed\/objects-by-colonytag\/combat.json"
        }, 
        {
         "firstgid":9611,
         "source":"..\/..\/..\/tilesets\/packed\/objects-by-colonytag\/electronic.json"
        }, 
        {
         "firstgid":9737,
         "source":"..\/..\/..\/tilesets\/packed\/objects-by-colonytag\/glitchsewer.json"
        }, 
        {
         "firstgid":9750,
         "source":"..\/..\/..\/tilesets\/packed\/objects-by-colonytag\/humanbunker.json"
        }, 
        {
         "firstgid":9822,
         "source":"..\/..\/..\/tilesets\/packed\/objects-by-colonytag\/humanprison.json"
        }, 
        {
         "firstgid":9916,
         "source":"..\/..\/..\/tilesets\/packed\/objects-by-colonytag\/wreck.json"
        }, 
        {
         "firstgid":9943,
         "source":"..\/..\/..\/tilesets\/packed\/objects-by-colonytag\/cooking.json"
        }],
 "tilewidth":8,
 "version":1,
 "width":23
}